ID,Año,Fecha,Publicacion,Fecha o numero fuente,Tipo documental,Ruta,Estado del indice real,Calidad de lectura,Entradas curadas,Pasajes automaticos,Pasajes OCR,Paginas detectadas,Temas,Uso en la web,Resumen para indice,Observaciones
d7be999e09d9,1880,1880-06-25,Urumea,1880-06-25,Prensa o revista,/home/gaizka/Alarde/Revistas y periodicos/1880/1880-06-25 - Urumea.pdf,Catalogado; pendiente de indice humano,Media/baja: OCR visual sin pasajes detectados,0,0,0,,,,,Todos los documentos del catalogo forman parte del corpus sanmarcialero local; las pistas automaticas deben contrastarse con la fuente original.
c20cf41b05f7,1880,1880-06-27,El Bidasoa,1880-06-27,Prensa o revista,/home/gaizka/Alarde/Revistas y periodicos/1880/1880-06-27 - El Bidasoa.pdf,Indice real iniciado con entrada curada,Alta: texto extraido del PDF,1,0,0,,"fiesta moderna, permiso, reanudacion",Integrado en Historia,Anuncio del restablecimiento de la funcion popular del 30,Todos los documentos del catalogo forman parte del corpus sanmarcialero local; las pistas automaticas deben contrastarse con la fuente original.
443db4bc95ad,1880,1880-06-30,El Urumea,1880-06-30,Prensa o revista,/home/gaizka/Alarde/Revistas y periodicos/1880/1880-06-30 - El Urumea.pdf,Catalogado; pendiente de indice humano,Alta: texto extraido del PDF,0,0,0,,,,,Todos los documentos del catalogo forman parte del corpus sanmarcialero local; las pistas automaticas deben contrastarse con la fuente original.
387bdfb31cef,1880,1880-07-03,El Urumea,1880-07-03,Prensa o revista,/home/gaizka/Alarde/Revistas y periodicos/1880/1880-07-03 - El Urumea.pdf,Indice real iniciado con entrada curada,Alta: texto extraido del PDF,1,3,0,,"Alarde, artilleria, mando, musica, reanudacion",Integrado en Historia | Referencia localizada por barrido textual,"Cronica posterior: no se celebraba desde 1866, canon concedido y Baron de Ona",Todos los documentos del catalogo forman parte del corpus sanmarcialero local; las pistas automaticas deben contrastarse con la fuente original.
248b60e0e5d4,1880,1880-07-04,El Bidasoa,1880-07-04,Prensa o revista,/home/gaizka/Alarde/Revistas y periodicos/1880/1880-07-04 - El Bidasoa.pdf,Indice real iniciado con entrada curada,Alta: texto extraido del PDF,1,2,0,,"Alarde, banda, cantineras, companias, musica, reanudacion, ritual",Integrado en Historia y Banda | Referencia localizada por barrido textual,"Cronica de la fiesta: organizacion en pocos dias, diana, companias, revista, caballeria, procesion y cantinera de la musica",Todos los documentos del catalogo forman parte del corpus sanmarcialero local; las pistas automaticas deben contrastarse con la fuente original.
2cfb2ee962cb,1880,1880-07-16,El Liberal,1880-07-16,Prensa o revista,/home/gaizka/Alarde/Revistas y periodicos/1880/1880-07-16 - El Liberal.pdf,Indice real iniciado con entrada curada,Alta: texto extraido del PDF,1,4,0,,"bandera, cantinera de la musica, companias, descargas, escolta, mandos, misa, musica, ritual",Integrado en Historia y Banda | Referencia localizada por barrido textual,"""San Marcial en Irun. 1522 y 1880""",Todos los documentos del catalogo forman parte del corpus sanmarcialero local; las pistas automaticas deben contrastarse con la fuente original.
7a3deffe4dbb,1881,1881-06-10,El Bidasoa,1881-06-10,Prensa o revista,/home/gaizka/Alarde/Revistas y periodicos/1881/1881-06-10 - El Bidasoa.pdf,Indice real iniciado con entrada curada,Alta: texto extraido del PDF,2,4,0,,"armas de epoca, bandera, companias, cronica anual, general, mandos, musica, organizacion, trajes",Integrado en Historia | Referencia localizada por barrido textual,"Debate sobre dar mas formalidad al Alarde | Cronica con vispera, iluminacion, banda, retreta, musica con cantinera, Roman S. de Vicuna, bandera y descargas",Todos los documentos del catalogo forman parte del corpus sanmarcialero local; las pistas automaticas deben contrastarse con la fuente original.
3cada49a76fd,1881,1881-07-03,El Bidasoa,1881-07-03,Prensa o revista,/home/gaizka/Alarde/Revistas y periodicos/1881/1881-07-03 - El Bidasoa.pdf,Indice real iniciado con entrada curada,Alta: texto extraido del PDF,2,0,0,,"armas de epoca, bandera, cronica anual, general, musica, organizacion, trajes",Integrado en Historia,"Debate sobre dar mas formalidad al Alarde | Cronica con vispera, iluminacion, banda, retreta, musica con cantinera, Roman S. de Vicuna, bandera y descargas",Todos los documentos del catalogo forman parte del corpus sanmarcialero local; las pistas automaticas deben contrastarse con la fuente original.
9ff3e67babd7,1882,1882-06-25,El Bidasoa,1882-06-25,Prensa o revista,/home/gaizka/Alarde/Revistas y periodicos/1882/1882-06-25 - El Bidasoa.pdf,Indice real iniciado con entrada curada,Alta: texto extraido del PDF,1,0,0,,"cantineras, romeria, tradicion, trajes",Integrado en Historia,Debate sobre conservar costumbres y critica a la perdida de originalidad,Todos los documentos del catalogo forman parte del corpus sanmarcialero local; las pistas automaticas deben contrastarse con la fuente original.
a09f97ba8838,1882,1882-07-02,El Bidasoa,1882-07-02,Prensa o revista,/home/gaizka/Alarde/Revistas y periodicos/1882/1882-07-02 - El Bidasoa.pdf,Indice real iniciado con entrada curada,Alta: texto extraido del PDF,1,5,0,,"Alarde, cantineras, companias, mandos, ritual, romeria, tradicion, trajes",Integrado en Historia | Referencia localizada por barrido textual,Debate sobre conservar costumbres y critica a la perdida de originalidad,Todos los documentos del catalogo forman parte del corpus sanmarcialero local; las pistas automaticas deben contrastarse con la fuente original.
457e3863855b,1882,1882-07-09,El Bidasoa,1882-07-09,Prensa o revista,/home/gaizka/Alarde/Revistas y periodicos/1882/1882-07-09 - El Bidasoa.pdf,Indice real iniciado con entrada curada,Alta: texto extraido del PDF,1,1,0,,"cantineras, mandos, romeria, tradicion, trajes",Integrado en Historia | Referencia localizada por barrido textual,Debate sobre conservar costumbres y critica a la perdida de originalidad,Todos los documentos del catalogo forman parte del corpus sanmarcialero local; las pistas automaticas deben contrastarse con la fuente original.
0db1e2e713f7,1883,1883-07-01,El Bidasoa,1883-07-01,Prensa o revista,/home/gaizka/Alarde/Revistas y periodicos/1883/1883-07-01 - El Bidasoa.pdf,Indice real iniciado con entrada curada,Alta: texto extraido del PDF,1,4,0,,"Alarde, cantineras, companias, dianas, memoria popular, musica, ritual, tambores",Integrado en Historia y Musica | Referencia localizada por barrido textual,"""De ayer a hoy"", ""A San Marcial"" y ""Algo de la semana""",Todos los documentos del catalogo forman parte del corpus sanmarcialero local; las pistas automaticas deben contrastarse con la fuente original.
7d2a829e132a,1884,1884-06-29,El Bidasoa,1884-06-29,Prensa o revista,/home/gaizka/Alarde/Revistas y periodicos/1884/1884-06-29 - El Bidasoa.pdf,Indice real iniciado con entrada curada,Media/baja: OCR visual con pasajes detectados,1,2,2,"1, 2","1522, cabildos, companias, ermita, mosqueteros, recorrido, voto",Integrado en Historia | Referencia localizada por OCR visual; revisar contra imagen original,Explicacion historica de la fiesta en la vispera de San Marcial,Todos los documentos del catalogo forman parte del corpus sanmarcialero local; las pistas automaticas deben contrastarse con la fuente original.
0838061997b1,1884,1884-07-06,El Bidasoa,1884-07-06,Prensa o revista,/home/gaizka/Alarde/Revistas y periodicos/1884/1884-07-06 - El Bidasoa.pdf,Indice real iniciado con entrada curada,Media/baja: OCR visual sin pasajes detectados,1,0,0,,"1522, cabildos, ermita, mosqueteros, voto",Integrado en Historia,Explicacion historica de la fiesta en la vispera de San Marcial,Todos los documentos del catalogo forman parte del corpus sanmarcialero local; las pistas automaticas deben contrastarse con la fuente original.
c34e3a7898dc,1885,1885-06-14,El Bidasoa,1885-06-14,Prensa o revista,/home/gaizka/Alarde/Revistas y periodicos/1885/1885-06-14 - El Bidasoa.pdf,Indice real iniciado con entrada curada,Media/baja: OCR visual con pasajes detectados,1,1,1,3,"banda, companias, preparativos, uniformes",Integrado en Historia | Referencia localizada por OCR visual; revisar contra imagen original,Discusion sobre uniformar a la banda y noticia de companias de paisanos armados,Todos los documentos del catalogo forman parte del corpus sanmarcialero local; las pistas automaticas deben contrastarse con la fuente original.
46c28b2ed5da,1885,1885-06-28,El Bidasoa,1885-06-28,Prensa o revista,/home/gaizka/Alarde/Revistas y periodicos/1885/1885-06-28 - El Bidasoa.pdf,Indice real iniciado con entrada curada,Media/baja: OCR visual con pasajes detectados,1,1,1,4,"banda, cantineras, companias, preparativos, uniformes",Integrado en Historia | Referencia localizada por OCR visual; revisar contra imagen original,Discusion sobre uniformar a la banda y noticia de companias de paisanos armados,Todos los documentos del catalogo forman parte del corpus sanmarcialero local; las pistas automaticas deben contrastarse con la fuente original.
d40075ea85e1,1886,1886-06-27,El Bidasoa,1886-06-27,Prensa o revista,/home/gaizka/Alarde/Revistas y periodicos/1886/1886-06-27 - El Bidasoa.pdf,Indice real iniciado con entrada curada,Media/baja: OCR visual con pasajes detectados,1,1,1,3,"critica, decadencia percibida, mandos, programa, publico",Integrado en Historia | Referencia localizada por OCR visual; revisar contra imagen original,"Programa y cronica con ""cada vez menos gente"" ante el ""carnavalesco alarde""",Todos los documentos del catalogo forman parte del corpus sanmarcialero local; las pistas automaticas deben contrastarse con la fuente original.
596eaa43b211,1886,1886-07-04,El Bidasoa,1886-07-04,Prensa o revista,/home/gaizka/Alarde/Revistas y periodicos/1886/1886-07-04 - El Bidasoa.pdf,Indice real iniciado con entrada curada,Media/baja: OCR visual con pasajes detectados,1,1,1,3,"critica, decadencia percibida, mandos, programa, publico",Integrado en Historia | Referencia localizada por OCR visual; revisar contra imagen original,"Programa y cronica con ""cada vez menos gente"" ante el ""carnavalesco alarde""",Todos los documentos del catalogo forman parte del corpus sanmarcialero local; las pistas automaticas deben contrastarse con la fuente original.
7f4c9828327a,1887,1887-06-19,El Bidasoa,1887-06-19,Prensa o revista,/home/gaizka/Alarde/Revistas y periodicos/1887/1887-06-19 - El Bidasoa.pdf,Indice real iniciado con entrada curada,Media/baja: OCR visual sin pasajes detectados,1,0,0,,"carroza, juventud, memoria, preparativos",Integrado en Historia,"Nota sobre jovenes, carroza alegorica, coronas, Estado Mayor y escolta a caballo",Todos los documentos del catalogo forman parte del corpus sanmarcialero local; las pistas automaticas deben contrastarse con la fuente original.
3e44c1b4343c,1887,1887-07-03,El Bidasoa,1887-07-03,Prensa o revista,/home/gaizka/Alarde/Revistas y periodicos/1887/1887-07-03 - El Bidasoa.pdf,Indice real iniciado con entrada curada,Media/baja: OCR visual con pasajes detectados,1,1,1,3,"alarde, carroza, juventud, memoria, preparativos",Integrado en Historia | Referencia localizada por OCR visual; revisar contra imagen original,"Nota sobre jovenes, carroza alegorica, coronas, Estado Mayor y escolta a caballo",Todos los documentos del catalogo forman parte del corpus sanmarcialero local; las pistas automaticas deben contrastarse con la fuente original.
3b383406216c,1889,1889-06-30,El Guipuzcoano,1889-06-30,Prensa o revista,/home/gaizka/Alarde/Revistas y periodicos/1889/1889-06-30 - El Guipuzcoano.pdf,Indice real iniciado con entrada curada,Media/baja: OCR visual sin pasajes detectados,1,0,0,,"Pridenoa, companias historicas, composicion, mandos",Integrado en Historia y fichas de companias,"Cronica con siete companias: Miaca, Anaca, Venta, Calle, Pridenoa, Bidasoa y Veteranos",Todos los documentos del catalogo forman parte del corpus sanmarcialero local; las pistas automaticas deben contrastarse con la fuente original.
a386d8e04f92,1889,1889-06-30,La Voz de Guipúzcoa - Diario Republicano,1889-06-30,Prensa o revista,/home/gaizka/Alarde/Revistas y periodicos/1889/1889-06-30 - La Voz de Guipúzcoa - Diario Republicano.pdf,Indice real iniciado con entrada curada,Media/baja: OCR visual sin pasajes detectados,1,0,0,,"Pridenoa, companias historicas, composicion, mandos",Integrado en Historia y fichas de companias,"Cronica con siete companias: Miaca, Anaca, Venta, Calle, Pridenoa, Bidasoa y Veteranos",Todos los documentos del catalogo forman parte del corpus sanmarcialero local; las pistas automaticas deben contrastarse con la fuente original.
ab4ae1d4eb6a,1889,1889-07-01,El Guipuzcoano,1889-07-01,Prensa o revista,/home/gaizka/Alarde/Revistas y periodicos/1889/1889-07-01 - El Guipuzcoano.pdf,Indice real iniciado con entrada curada,Media/baja: OCR visual sin pasajes detectados,2,0,0,,"Pridenoa, capitanes, companias, companias historicas, composicion, mandos",Integrado en Historia y fichas de companias | Integrado en ficha Pridenoa y datos de mandos,"Cronica con siete companias: Miaca, Anaca, Venta, Calle, Pridenoa, Bidasoa y Veteranos | Relacion de mandos de las companias y confirmacion de Pridenoa",Todos los documentos del catalogo forman parte del corpus sanmarcialero local; las pistas automaticas deben contrastarse con la fuente original.
1f64ac71fc6c,1889,1889-07-01,La Libertad,1889-07-01,Prensa o revista,/home/gaizka/Alarde/Revistas y periodicos/1889/1889-07-01 - La Libertad.pdf,Indice real iniciado con entrada curada,Media/baja: OCR visual con pasajes detectados,1,1,1,3,"Pridenoa, companias historicas, composicion, mandos, ritual",Integrado en Historia y fichas de companias | Referencia localizada por OCR visual; revisar contra imagen original,"Cronica con siete companias: Miaca, Anaca, Venta, Calle, Pridenoa, Bidasoa y Veteranos",Todos los documentos del catalogo forman parte del corpus sanmarcialero local; las pistas automaticas deben contrastarse con la fuente original.
974fc735f083,1889,1889-07-01,La Unión Liberal,1889-07-01,Prensa o revista,/home/gaizka/Alarde/Revistas y periodicos/1889/1889-07-01 - La Unión Liberal.pdf,Indice real iniciado con entrada curada,Media/baja: OCR visual con pasajes detectados,1,2,2,"1, 2","Pridenoa, alarde, companias, companias historicas, composicion, mandos",Integrado en Historia y fichas de companias | Referencia localizada por OCR visual; revisar contra imagen original,"Cronica con siete companias: Miaca, Anaca, Venta, Calle, Pridenoa, Bidasoa y Veteranos",Todos los documentos del catalogo forman parte del corpus sanmarcialero local; las pistas automaticas deben contrastarse con la fuente original.
5480ee647d34,1889,1889-07-01,La Voz de Guipúzcoa - Diario Republicano,1889-07-01,Prensa o revista,/home/gaizka/Alarde/Revistas y periodicos/1889/1889-07-01 - La Voz de Guipúzcoa - Diario Republicano.pdf,Indice real iniciado con entrada curada,Media/baja: OCR visual sin pasajes detectados,1,0,0,,"Pridenoa, companias historicas, composicion, mandos",Integrado en Historia y fichas de companias,"Cronica con siete companias: Miaca, Anaca, Venta, Calle, Pridenoa, Bidasoa y Veteranos",Todos los documentos del catalogo forman parte del corpus sanmarcialero local; las pistas automaticas deben contrastarse con la fuente original.
e61154b9bb4a,1889,1889-07-02,La Voz de Guipúzcoa - Diario Republicano,1889-07-02,Prensa o revista,/home/gaizka/Alarde/Revistas y periodicos/1889/1889-07-02 - La Voz de Guipúzcoa - Diario Republicano.pdf,Indice real iniciado con entrada curada,Media/baja: OCR visual sin pasajes detectados,1,0,0,,"Pridenoa, companias historicas, composicion, mandos",Integrado en Historia y fichas de companias,"Cronica con siete companias: Miaca, Anaca, Venta, Calle, Pridenoa, Bidasoa y Veteranos",Todos los documentos del catalogo forman parte del corpus sanmarcialero local; las pistas automaticas deben contrastarse con la fuente original.
18c41ab1ab12,1889,1889-07-07,La Patria,1889-07-07,Prensa o revista,/home/gaizka/Alarde/Revistas y periodicos/1889/1889-07-07 - La Patria.pdf,Indice real iniciado con entrada curada,Alta: texto extraido del PDF,1,6,0,,"Pridenoa, companias, companias historicas, composicion, mandos, musica, ritual",Integrado en Historia y fichas de companias | Referencia localizada por barrido textual,"Cronica con siete companias: Miaca, Anaca, Venta, Calle, Pridenoa, Bidasoa y Veteranos",Todos los documentos del catalogo forman parte del corpus sanmarcialero local; las pistas automaticas deben contrastarse con la fuente original.
0768bda27def,1890,1890-06-30,La Voz de Guipúzcoa - Diario Republicano,1890-06-30,Prensa o revista,/home/gaizka/Alarde/Revistas y periodicos/1890/1890-06-30 - La Voz de Guipúzcoa - Diario Republicano.pdf,Indice real iniciado con entrada curada,Media/baja: OCR visual sin pasajes detectados,1,0,0,,"cantineras, companias, general, ritual",Integrado en General e Historia,"Revista de vispera, diana, companias con cantinera, bandera, descargas y orden",Todos los documentos del catalogo forman parte del corpus sanmarcialero local; las pistas automaticas deben contrastarse con la fuente original.
88fcac606c2f,1890,1890-07-01,El Guipuzcoano,1890-07-01,Prensa o revista,/home/gaizka/Alarde/Revistas y periodicos/1890/1890-07-01 - El Guipuzcoano.pdf,Indice real iniciado con entrada curada,Media/baja: OCR visual con pasajes detectados,1,2,2,"2, 3","alarde, cantineras, companias, general, ritual",Integrado en General e Historia | Referencia localizada por OCR visual; revisar contra imagen original,"Revista de vispera, diana, companias con cantinera, bandera, descargas y orden",Todos los documentos del catalogo forman parte del corpus sanmarcialero local; las pistas automaticas deben contrastarse con la fuente original.
98866db4db83,1890,1890-07-01,La Libertad,1890-07-01,Prensa o revista,/home/gaizka/Alarde/Revistas y periodicos/1890/1890-07-01 - La Libertad.pdf,Indice real iniciado con entrada curada,Media/baja: OCR visual con pasajes detectados,1,1,1,1,"alarde, cantineras, companias, general, ritual",Integrado en General e Historia | Referencia localizada por OCR visual; revisar contra imagen original,"Revista de vispera, diana, companias con cantinera, bandera, descargas y orden",Todos los documentos del catalogo forman parte del corpus sanmarcialero local; las pistas automaticas deben contrastarse con la fuente original.
239379f811a7,1890,1890-07-01,La Voz de Guipúzcoa - Diario Republicano,1890-07-01,Prensa o revista,/home/gaizka/Alarde/Revistas y periodicos/1890/1890-07-01 - La Voz de Guipúzcoa - Diario Republicano.pdf,Indice real iniciado con entrada curada,Media/baja: OCR visual con pasajes detectados,1,1,1,3,"cantineras, companias, general, mandos, ritual",Integrado en General e Historia | Referencia localizada por OCR visual; revisar contra imagen original,"Revista de vispera, diana, companias con cantinera, bandera, descargas y orden",Todos los documentos del catalogo forman parte del corpus sanmarcialero local; las pistas automaticas deben contrastarse con la fuente original.
8e7c91331739,1892,1892-06-08,El Correo Español,1892-06-08,Prensa o revista,/home/gaizka/Alarde/Revistas y periodicos/1892/1892-06-08 - El Correo Español.pdf,Catalogado con pistas automaticas pendientes de verificacion,Alta: texto extraido del PDF,0,4,0,,"companias, ritual, suspensiones/cambios",Referencia localizada por barrido textual,"Roma 24 de Mayo de 1892. fué el 4455 y Vassalli el 2000. ¡No es nada la un nutrido coro de mujeres, | corriente. Su Santidad se ha enterado cbn Que las bandean hasta los chicos del alguacil. Sais fué la | para ello cantidad alguna. Algunoií de los prin- di'l que resultó muerto el rey de Tariwa. ti, resul | tos relacionado» con este acontecimiento, ha medre de la Santísima Virgen. El Santo Padre, la visita",Todos los documentos del catalogo forman parte del corpus sanmarcialero local; las pistas automaticas deben contrastarse con la fuente original.
27141fd1766c,1892,1892-06-30,La Voz de Guipúzcoa - Diario Republicano,1892-06-30,Prensa o revista,/home/gaizka/Alarde/Revistas y periodicos/1892/1892-06-30 - La Voz de Guipúzcoa - Diario Republicano.pdf,Catalogado con pistas automaticas pendientes de verificacion,Media/baja: OCR visual con pasajes detectados,0,2,2,"1, 4","alarde, caballeria",Referencia localizada por OCR visual; revisar contra imagen original,"aachor Oribfen, al que ee —| - SANMARCIAL an s Za D oee o ee EE e p y en| ia ay EEE a Tagrimas de cocodrilo _ capa lul o | JEZ aa a EE informe d d Mriano re cll de San Marcial número e Bz ata Tonico T ee uee n 1 - - GRANDES ALMACENES Analiptic",Todos los documentos del catalogo forman parte del corpus sanmarcialero local; las pistas automaticas deben contrastarse con la fuente original.
da9ee4463218,1892,1892-07-01,La Voz de Guipúzcoa - Diario Republicano,1892-07-01,Prensa o revista,/home/gaizka/Alarde/Revistas y periodicos/1892/1892-07-01 - La Voz de Guipúzcoa - Diario Republicano.pdf,Catalogado con pistas automaticas pendientes de verificacion,Media/baja: OCR visual con pasajes detectados,0,2,2,"1, 4","alarde, cantineras",Referencia localizada por OCR visual; revisar contra imagen original,"Es que l' periódico | X el farór de EA EATZ EEE del sito de San Marcial,| Presenció este acto una concurrencia | derable | Manuel Martinez Añíbarro, EE S UN Uaameaciónes De m EKE EE Dologado Don Galo Maeso.-San Marcial Lotra 4.-San Sebaslán, E",Todos los documentos del catalogo forman parte del corpus sanmarcialero local; las pistas automaticas deben contrastarse con la fuente original.
0e63fe5c462a,1893,1893-06-30,La Voz de Guipúzcoa - Diario Republicano,1893-06-30,Prensa o revista,/home/gaizka/Alarde/Revistas y periodicos/1893/1893-06-30 - La Voz de Guipúzcoa - Diario Republicano.pdf,Catalogado; pendiente de indice humano,Media/baja: OCR visual sin pasajes detectados,0,0,0,,,,,Todos los documentos del catalogo forman parte del corpus sanmarcialero local; las pistas automaticas deben contrastarse con la fuente original.
f4bd62c74b02,1893,1893-07-01,La Voz de Guipúzcoa - Diario Republicano,1893-07-01,Prensa o revista,/home/gaizka/Alarde/Revistas y periodicos/1893/1893-07-01 - La Voz de Guipúzcoa - Diario Republicano.pdf,Catalogado con pistas automaticas pendientes de verificacion,Media/baja: OCR visual con pasajes detectados,0,1,1,1,alarde,Referencia localizada por OCR visual; revisar contra imagen original,veinmos legar el día y abricias pusrias |deseurgas resiamentarias y comenzó la GEE GEE E de inamgurar dicho ET estrmalo,Todos los documentos del catalogo forman parte del corpus sanmarcialero local; las pistas automaticas deben contrastarse con la fuente original.
459f41930ed3,1894,1894-06-30,La Voz de Guipúzcoa - Diario Republicano,1894-06-30,Prensa o revista,/home/gaizka/Alarde/Revistas y periodicos/1894/1894-06-30 - La Voz de Guipúzcoa - Diario Republicano.pdf,Catalogado con pistas automaticas pendientes de verificacion,Media/baja: OCR visual con pasajes detectados,0,1,1,1,alarde,Referencia localizada por OCR visual; revisar contra imagen original,"e E OEZ GE oo a earozamanales que, voeño | - br Cr p o e | ,y EA E contento 4 eo n G Gd re vortadorumento na- |coctumbre",Todos los documentos del catalogo forman parte del corpus sanmarcialero local; las pistas automaticas deben contrastarse con la fuente original.
250ad21db93d,1894,1894-07-01,La Voz de Guipúzcoa - Diario Republicano,1894-07-01,Prensa o revista,/home/gaizka/Alarde/Revistas y periodicos/1894/1894-07-01 - La Voz de Guipúzcoa - Diario Republicano.pdf,Catalogado; pendiente de indice humano,Media/baja: OCR visual sin pasajes detectados,0,0,0,,,,,Todos los documentos del catalogo forman parte del corpus sanmarcialero local; las pistas automaticas deben contrastarse con la fuente original.
05ca58c3fdf0,1895,1895-06-30,La Voz de Guipúzcoa - Diario Republicano,1895-06-30,Prensa o revista,/home/gaizka/Alarde/Revistas y periodicos/1895/1895-06-30 - La Voz de Guipúzcoa - Diario Republicano.pdf,Catalogado; pendiente de indice humano,Media/baja: OCR visual sin pasajes detectados,0,0,0,,,,,Todos los documentos del catalogo forman parte del corpus sanmarcialero local; las pistas automaticas deben contrastarse con la fuente original.
1aa2ffcf58d9,1895,1895-07-01,La Voz de Guipúzcoa - Diario Republicano,1895-07-01,Prensa o revista,/home/gaizka/Alarde/Revistas y periodicos/1895/1895-07-01 - La Voz de Guipúzcoa - Diario Republicano.pdf,Catalogado; pendiente de indice humano,Media/baja: OCR visual sin pasajes detectados,0,0,0,,,,,Todos los documentos del catalogo forman parte del corpus sanmarcialero local; las pistas automaticas deben contrastarse con la fuente original.
2317a842c481,1896,1896-06-30,La Voz de Guipúzcoa - Diario Republicano,1896-06-30,Prensa o revista,/home/gaizka/Alarde/Revistas y periodicos/1896/1896-06-30 - La Voz de Guipúzcoa - Diario Republicano.pdf,Catalogado; pendiente de indice humano,Media/baja: OCR visual sin pasajes detectados,0,0,0,,,,,Todos los documentos del catalogo forman parte del corpus sanmarcialero local; las pistas automaticas deben contrastarse con la fuente original.
e7bac7f915f7,1896,1896-07-01,La Voz de Guipúzcoa - Diario Republicano,1896-07-01,Prensa o revista,/home/gaizka/Alarde/Revistas y periodicos/1896/1896-07-01 - La Voz de Guipúzcoa - Diario Republicano.pdf,Catalogado; pendiente de indice humano,Media/baja: OCR visual sin pasajes detectados,0,0,0,,,,,Todos los documentos del catalogo forman parte del corpus sanmarcialero local; las pistas automaticas deben contrastarse con la fuente original.
6e4d3b97be20,1897,1897-06-30,La Voz de Guipúzcoa - Diario Republicano,1897-06-30,Prensa o revista,/home/gaizka/Alarde/Revistas y periodicos/1897/1897-06-30 - La Voz de Guipúzcoa - Diario Republicano.pdf,Catalogado; pendiente de indice humano,Media/baja: OCR visual sin pasajes detectados,0,0,0,,,,,Todos los documentos del catalogo forman parte del corpus sanmarcialero local; las pistas automaticas deben contrastarse con la fuente original.
33879af20562,1897,1897-07-02,La Voz de Guipúzcoa - Diario Republicano,1897-07-02,Prensa o revista,/home/gaizka/Alarde/Revistas y periodicos/1897/1897-07-02 - La Voz de Guipúzcoa - Diario Republicano.pdf,Catalogado; pendiente de indice humano,Media/baja: OCR visual sin pasajes detectados,0,0,0,,,,,Todos los documentos del catalogo forman parte del corpus sanmarcialero local; las pistas automaticas deben contrastarse con la fuente original.
69bd0cca38da,1898,1898-06-30,La Voz de Guipúzcoa - Diario Republicano,1898-06-30,Prensa o revista,/home/gaizka/Alarde/Revistas y periodicos/1898/1898-06-30 - La Voz de Guipúzcoa - Diario Republicano.pdf,Catalogado; pendiente de indice humano,Media/baja: OCR visual sin pasajes detectados,0,0,0,,,,,Todos los documentos del catalogo forman parte del corpus sanmarcialero local; las pistas automaticas deben contrastarse con la fuente original.
0492cdcfe4b2,1899,1899-06-30,La Voz de Guipúzcoa - Diario Republicano,1899-06-30,Prensa o revista,/home/gaizka/Alarde/Revistas y periodicos/1899/1899-06-30 - La Voz de Guipúzcoa - Diario Republicano.pdf,Catalogado; pendiente de indice humano,Media/baja: OCR visual sin pasajes detectados,0,0,0,,,,,Todos los documentos del catalogo forman parte del corpus sanmarcialero local; las pistas automaticas deben contrastarse con la fuente original.
9b0aec4dfa79,1899,1899-07-01,El Correo de Guipúzcoa,1899-07-01,Prensa o revista,/home/gaizka/Alarde/Revistas y periodicos/1899/1899-07-01 - El Correo de Guipúzcoa.pdf,Catalogado con pistas automaticas pendientes de verificacion,Media/baja: OCR visual con pasajes detectados,0,1,1,2,ritual,Referencia localizada por OCR visual; revisar contra imagen original,"- e San Marcial contra | los carabineros españoles, estos | *?",Todos los documentos del catalogo forman parte del corpus sanmarcialero local; las pistas automaticas deben contrastarse con la fuente original.
7a5d1fa67466,1899,1899-07-01,La Voz de Guipúzcoa - Diario Republicano,1899-07-01,Prensa o revista,/home/gaizka/Alarde/Revistas y periodicos/1899/1899-07-01 - La Voz de Guipúzcoa - Diario Republicano.pdf,Catalogado; pendiente de indice humano,Media/baja: OCR visual sin pasajes detectados,0,0,0,,,,,Todos los documentos del catalogo forman parte del corpus sanmarcialero local; las pistas automaticas deben contrastarse con la fuente original.
375326eb4f67,1900,1900-06-30,La Voz de Guipúzcoa - Diario Republicano,1900-06-30,Prensa o revista,/home/gaizka/Alarde/Revistas y periodicos/1900/1900-06-30 - La Voz de Guipúzcoa - Diario Republicano.pdf,Catalogado; pendiente de indice humano,Media/baja: OCR visual sin pasajes detectados,0,0,0,,,,,Todos los documentos del catalogo forman parte del corpus sanmarcialero local; las pistas automaticas deben contrastarse con la fuente original.
c7c9b1c9c77d,1900,1900-07-01,La Voz de Guipúzcoa - Diario Republicano,1900-07-01,Prensa o revista,/home/gaizka/Alarde/Revistas y periodicos/1900/1900-07-01 - La Voz de Guipúzcoa - Diario Republicano.pdf,Catalogado; pendiente de indice humano,Media/baja: OCR visual sin pasajes detectados,0,0,0,,,,,Todos los documentos del catalogo forman parte del corpus sanmarcialero local; las pistas automaticas deben contrastarse con la fuente original.
baa87fe248c2,1900,1900-07-02,El Correo de Guipúzcoa,1900-07-02,Prensa o revista,/home/gaizka/Alarde/Revistas y periodicos/1900/1900-07-02 - El Correo de Guipúzcoa.pdf,Catalogado con pistas automaticas pendientes de verificacion,Media/baja: OCR visual con pasajes detectados,0,1,1,1,alarde,Referencia localizada por OCR visual; revisar contra imagen original,5»:33 pa- Í Fientas de San Pedro y San Marcial plozado par el selus!,Todos los documentos del catalogo forman parte del corpus sanmarcialero local; las pistas automaticas deben contrastarse con la fuente original.
81448c0b6c40,1901,1901-01-01,Euskal Herria revista bascongada,1901-01-01,Prensa o revista,/home/gaizka/Alarde/Revistas y periodicos/1901/1901-01-01 - Euskal Herria revista bascongada.pdf,Catalogado; pendiente de indice humano,Alta: texto extraido del PDF,0,0,0,,,,,Todos los documentos del catalogo forman parte del corpus sanmarcialero local; las pistas automaticas deben contrastarse con la fuente original.
4c17aa01388a,1901,1901-06-30,La Voz de Guipúzcoa - Diario Republicano,1901-06-30,Prensa o revista,/home/gaizka/Alarde/Revistas y periodicos/1901/1901-06-30 - La Voz de Guipúzcoa - Diario Republicano.pdf,Catalogado; pendiente de indice humano,Media/baja: OCR visual sin pasajes detectados,0,0,0,,,,,Todos los documentos del catalogo forman parte del corpus sanmarcialero local; las pistas automaticas deben contrastarse con la fuente original.
9e4042c3b5bf,1901,1901-07-01,El correo de Guipuzcoa,1901-07-01,Prensa o revista,/home/gaizka/Alarde/Revistas y periodicos/1901/1901-07-01 - El correo de Guipuzcoa.pdf,Catalogado con pistas automaticas pendientes de verificacion,Media/baja: OCR visual con pasajes detectados,0,2,2,"1, 3","alarde, recorrido, ritual",Referencia localizada por OCR visual; revisar contra imagen original,"V Do donde se celebró el tradícional mo él señor Silvela del dabate, co- | tra Monarquía y vuestras institu- | muchos mi | Las señoras corrían asusta | un revolver onando tuvola des H 1e terporada en un tercer piso - CALLE DE GUETARIA Y SAN MA",Todos los documentos del catalogo forman parte del corpus sanmarcialero local; las pistas automaticas deben contrastarse con la fuente original.
52774d1cbac3,1901,1901-07-01,La Patria,1901-07-01,Prensa o revista,/home/gaizka/Alarde/Revistas y periodicos/1901/1901-07-01 - La Patria.pdf,Catalogado con pistas automaticas pendientes de verificacion,Alta: texto extraido del PDF,0,4,0,,"Alarde, companias, mandos, ritual, suspensiones/cambios",Referencia localizada por barrido textual,"Capitán dé navio D. Joaquín Bus­ . Se trata sencillamente de saber cómo ha Curarán | Coronel de Infantería D. José Va- no cuando á estas horas no ha tomado bliea, y que al hacerlo no se | adoptándose por los ayuntamientos medi­ nada uno más ó uno menos en la cuenta. po entero, todo un ca | madora superioridad del número, pues Segundo teniente de Infantería don reza la oiga. se quiere, per",Todos los documentos del catalogo forman parte del corpus sanmarcialero local; las pistas automaticas deben contrastarse con la fuente original.
cdf5bcd17d84,1901,1901-07-01,La Voz de Guipúzcoa - Diario Republicano,1901-07-01,Prensa o revista,/home/gaizka/Alarde/Revistas y periodicos/1901/1901-07-01 - La Voz de Guipúzcoa - Diario Republicano.pdf,Catalogado; pendiente de indice humano,Media/baja: OCR visual sin pasajes detectados,0,0,0,,,,,Todos los documentos del catalogo forman parte del corpus sanmarcialero local; las pistas automaticas deben contrastarse con la fuente original.
4d094d46beb7,1902,1902-06-30,La Voz de Guipúzcoa - Diario Republicano,1902-06-30,Prensa o revista,/home/gaizka/Alarde/Revistas y periodicos/1902/1902-06-30 - La Voz de Guipúzcoa - Diario Republicano.pdf,Catalogado; pendiente de indice humano,Media/baja: OCR visual sin pasajes detectados,0,0,0,,,,,Todos los documentos del catalogo forman parte del corpus sanmarcialero local; las pistas automaticas deben contrastarse con la fuente original.
9717a9d7ec41,1903,1903-06-30,La Voz de Guipúzcoa - Diario Republicano,1903-06-30,Prensa o revista,/home/gaizka/Alarde/Revistas y periodicos/1903/1903-06-30 - La Voz de Guipúzcoa - Diario Republicano.pdf,Catalogado; pendiente de indice humano,Media/baja: OCR visual sin pasajes detectados,0,0,0,,,,,Todos los documentos del catalogo forman parte del corpus sanmarcialero local; las pistas automaticas deben contrastarse con la fuente original.
41c5b928f6b4,1903,1903-07-01,El correo de Guipuzcoa,1903-07-01,Prensa o revista,/home/gaizka/Alarde/Revistas y periodicos/1903/1903-07-01 - El correo de Guipuzcoa.pdf,Catalogado con pistas automaticas pendientes de verificacion,Media/baja: OCR visual con pasajes detectados,0,1,1,3,alarde,Referencia localizada por OCR visual; revisar contra imagen original,"SAN MARCIAL, NÚMERO 28, SAN SEBASTIAN medf;:uv-lde ver?gº.t 1160) 1a =nqa¡ venidos £ Madrid para Miérco'on 1.*—Santos Ca",Todos los documentos del catalogo forman parte del corpus sanmarcialero local; las pistas automaticas deben contrastarse con la fuente original.
1de2eb34cc2a,1904,1904-06-30,El Pueblo Vasco,1904-06-30,Prensa o revista,/home/gaizka/Alarde/Revistas y periodicos/1904/1904-06-30 - El Pueblo Vasco.pdf,Catalogado con pistas automaticas pendientes de verificacion,Media/baja: OCR visual con pasajes detectados,0,1,1,2,alarde,Referencia localizada por OCR visual; revisar contra imagen original,"tando hetido, Tr soMado japonés le disparó | 1a 1s albañiles: ET probapleménte Hoy se verificará el tradicional alardel",Todos los documentos del catalogo forman parte del corpus sanmarcialero local; las pistas automaticas deben contrastarse con la fuente original.
c0f6988412dd,1904,1904-06-30,La Voz de Guipúzcoa - Diario Republicano,1904-06-30,Prensa o revista,/home/gaizka/Alarde/Revistas y periodicos/1904/1904-06-30 - La Voz de Guipúzcoa - Diario Republicano.pdf,Catalogado; pendiente de indice humano,Media/baja: OCR visual sin pasajes detectados,0,0,0,,,,,Todos los documentos del catalogo forman parte del corpus sanmarcialero local; las pistas automaticas deben contrastarse con la fuente original.
0531e9fe8552,1904,1904-07-01,El Pueblo Vasco,1904-07-01,Prensa o revista,/home/gaizka/Alarde/Revistas y periodicos/1904/1904-07-01 - El Pueblo Vasco.pdf,Catalogado; pendiente de indice humano,Media/baja: OCR visual sin pasajes detectados,0,0,0,,,,,Todos los documentos del catalogo forman parte del corpus sanmarcialero local; las pistas automaticas deben contrastarse con la fuente original.
b2c121cba08f,1904,1904-07-01,La Voz de Guipúzcoa - Diario Republicano,1904-07-01,Prensa o revista,/home/gaizka/Alarde/Revistas y periodicos/1904/1904-07-01 - La Voz de Guipúzcoa - Diario Republicano.pdf,Catalogado; pendiente de indice humano,Media/baja: OCR visual sin pasajes detectados,0,0,0,,,,,Todos los documentos del catalogo forman parte del corpus sanmarcialero local; las pistas automaticas deben contrastarse con la fuente original.
1c8c37cfc29b,1905,1905-06-30,El Pueblo Vasco,1905-06-30,Prensa o revista,/home/gaizka/Alarde/Revistas y periodicos/1905/1905-06-30 - El Pueblo Vasco.pdf,Catalogado con pistas automaticas pendientes de verificacion,Media/baja: OCR visual con pasajes detectados,0,1,1,2,ritual,Referencia localizada por OCR visual; revisar contra imagen original,EE en m E Sogponaflea 41c EEE TNEO Rnn EE M TU bernador ordenó al capil E razados y dos cruceros S a cotrida | informaci,Todos los documentos del catalogo forman parte del corpus sanmarcialero local; las pistas automaticas deben contrastarse con la fuente original.
9c3720aee96d,1905,1905-07-01,El Pueblo Vasco,1905-07-01,Prensa o revista,/home/gaizka/Alarde/Revistas y periodicos/1905/1905-07-01 - El Pueblo Vasco.pdf,Catalogado con pistas automaticas pendientes de verificacion,Media/baja: OCR visual con pasajes detectados,0,1,1,3,companias,Referencia localizada por OCR visual; revisar contra imagen original,"adrileno| ———— | estewant EEE — y = K á loda porsoní de buen gusto, no deje de ver E COMPAÑ ÍA DE NAVEGACION | _ Servici",Todos los documentos del catalogo forman parte del corpus sanmarcialero local; las pistas automaticas deben contrastarse con la fuente original.
129a487c5188,1905,1905-07-01,La Voz de Guipúzcoa - Diario Republicano,1905-07-01,Prensa o revista,/home/gaizka/Alarde/Revistas y periodicos/1905/1905-07-01 - La Voz de Guipúzcoa - Diario Republicano.pdf,Catalogado; pendiente de indice humano,Media/baja: OCR visual sin pasajes detectados,0,0,0,,,,,Todos los documentos del catalogo forman parte del corpus sanmarcialero local; las pistas automaticas deben contrastarse con la fuente original.
8966afbf984e,1906,1906,Programa de fiestas,1906,Programa de fiestas,/home/gaizka/Alarde/Programas de fiestas/1906.pdf,Catalogado con pistas automaticas pendientes de verificacion,Media/baja: OCR visual con pasajes detectados,0,1,1,2,"recorrido, ritual",Referencia localizada por OCR visual; revisar contra imagen original,"| | charán por las calles de costumbre, á la ermi- ONO TA a A 25 PA las ajete de la qisma, reparto de pam TadeSan Marcia",Todos los documentos del catalogo forman parte del corpus sanmarcialero local; las pistas automaticas deben contrastarse con la fuente original.
fd1472ec0140,1906,1906-07-01,La Voz de Guipúzcoa - Diario Republicano,1906-07-01,Prensa o revista,/home/gaizka/Alarde/Revistas y periodicos/1906/1906-07-01 - La Voz de Guipúzcoa - Diario Republicano.pdf,Catalogado; pendiente de indice humano,Media/baja: OCR visual sin pasajes detectados,0,0,0,,,,,Todos los documentos del catalogo forman parte del corpus sanmarcialero local; las pistas automaticas deben contrastarse con la fuente original.
23cda9b5427e,1907,1907-06-30,El Pueblo Vasco,1907-06-30,Prensa o revista,/home/gaizka/Alarde/Revistas y periodicos/1907/1907-06-30 - El Pueblo Vasco.pdf,Catalogado con pistas automaticas pendientes de verificacion,Media/baja: OCR visual con pasajes detectados,0,2,2,"2, 3",alarde,Referencia localizada por OCR visual; revisar contra imagen original,"los los | Pósito de e7 anunció [ a - ibimi y toros VALEN Madrid le apoyar al mi su pro- e le lo de la lidia catala gada | — — [ rstísimos, Guotaria,29,y Plíza de Bilbro- — COBSETERA FRANCESA [ m ""OTOMMLAR, E A Eay una colección preciosa, 4 6",Todos los documentos del catalogo forman parte del corpus sanmarcialero local; las pistas automaticas deben contrastarse con la fuente original.
3b6e7f2b1352,1907,1907-06-30,La Voz de Guipúzcoa - Diario Republicano,1907-06-30,Prensa o revista,/home/gaizka/Alarde/Revistas y periodicos/1907/1907-06-30 - La Voz de Guipúzcoa - Diario Republicano.pdf,Catalogado; pendiente de indice humano,Media/baja: OCR visual sin pasajes detectados,0,0,0,,,,,Todos los documentos del catalogo forman parte del corpus sanmarcialero local; las pistas automaticas deben contrastarse con la fuente original.
f43f0871c085,1907,1907-07-01,El Pueblo Vasco,1907-07-01,Prensa o revista,/home/gaizka/Alarde/Revistas y periodicos/1907/1907-07-01 - El Pueblo Vasco.pdf,Catalogado con pistas automaticas pendientes de verificacion,Media/baja: OCR visual con pasajes detectados,0,2,2,"1, 4","musica, recorrido, ritual",Referencia localizada por OCR visual; revisar contra imagen original,"ron á la fiesta todu el encanto de su DIRECTOR uE CLAIM E:ff“ de San Marcial que allí se cslebra- —— — Guipúzcoa, y las | de Mocoroa, almacén ¡de ultrama- arjeas PO¡Sta es José Correcher, San Marcial, 38.",Todos los documentos del catalogo forman parte del corpus sanmarcialero local; las pistas automaticas deben contrastarse con la fuente original.
22de36711cb7,1908,1908-06-30,El Pueblo Vasco,1908-06-30,Prensa o revista,/home/gaizka/Alarde/Revistas y periodicos/1908/1908-06-30 - El Pueblo Vasco.pdf,Catalogado; pendiente de indice humano,Media/baja: OCR visual sin pasajes detectados,0,0,0,,,,,Todos los documentos del catalogo forman parte del corpus sanmarcialero local; las pistas automaticas deben contrastarse con la fuente original.
5880dc8193be,1908,1908-06-30,La Voz de Guipúzcoa - Diario Republicano,1908-06-30,Prensa o revista,/home/gaizka/Alarde/Revistas y periodicos/1908/1908-06-30 - La Voz de Guipúzcoa - Diario Republicano.pdf,Catalogado; pendiente de indice humano,Media/baja: OCR visual sin pasajes detectados,0,0,0,,,,,Todos los documentos del catalogo forman parte del corpus sanmarcialero local; las pistas automaticas deben contrastarse con la fuente original.
ee26df786010,1908,1908-07-01,El Pueblo Vasco,1908-07-01,Prensa o revista,/home/gaizka/Alarde/Revistas y periodicos/1908/1908-07-01 - El Pueblo Vasco.pdf,Catalogado; pendiente de indice humano,Media/baja: OCR visual sin pasajes detectados,0,0,0,,,,,Todos los documentos del catalogo forman parte del corpus sanmarcialero local; las pistas automaticas deben contrastarse con la fuente original.
155ebb53bd55,1909,1909-04-04,El eco de Irun - Año I nº 1,1909-04-04,Prensa o revista,/home/gaizka/Alarde/Revistas y periodicos/1909/1909-04-04 - El eco de Irun - Año I nº 1.pdf,Catalogado; pendiente de indice humano,Alta: texto extraido del PDF,0,0,0,,,,,Todos los documentos del catalogo forman parte del corpus sanmarcialero local; las pistas automaticas deben contrastarse con la fuente original.
c63fa73df2aa,1909,1909-04-11,El eco de Irun - Año I nº 2,1909-04-11,Prensa o revista,/home/gaizka/Alarde/Revistas y periodicos/1909/1909-04-11 - El eco de Irun - Año I nº 2.pdf,Catalogado con pistas automaticas pendientes de verificacion,Alta: texto extraido del PDF,0,3,0,,"Alarde, companias",Referencia localizada por barrido textual,"Ya el clásico día de San Marcial se traremos él los viejos pesimistns | numero s son los allg[¡clsmos en nues­ Yelada en el local ele la Escuela Moder­ . compaiiero de reda | verdaderamente se observa esta aución; Pascua, la compañía de Zarzuela que se han hecho acreedores p",Todos los documentos del catalogo forman parte del corpus sanmarcialero local; las pistas automaticas deben contrastarse con la fuente original.
43c872945aee,1909,1909-04-18,El eco de Irun - Año I nº 3,1909-04-18,Prensa o revista,/home/gaizka/Alarde/Revistas y periodicos/1909/1909-04-18 - El eco de Irun - Año I nº 3.pdf,Catalogado con pistas automaticas pendientes de verificacion,Alta: texto extraido del PDF,0,5,0,,"Alarde, companias",Referencia localizada por barrido textual,"(:hopem, yeso salurÍ3.mos ganando. Un un e~caparale y puerta en la planta ~lon tero, ""íctima de un s | (San Marcial, número, 3) pues en ellos recordal' aquellos tiempos antiguos, en de Pascna, como conse | -¿,Por que esta anterior consecuencia? lado ci la caballerosidad. ción liene esas tenc1eucias; Ó. su | CASTOR TELLECHEA | N S N SEBASTI' N:",Todos los documentos del catalogo forman parte del corpus sanmarcialero local; las pistas automaticas deben contrastarse con la fuente original.
f01b0b25622d,1909,1909-05-02,El eco de Irun - Año I nº 5,1909-05-02,Prensa o revista,/home/gaizka/Alarde/Revistas y periodicos/1909/1909-05-02 - El eco de Irun - Año I nº 5.pdf,Catalogado con pistas automaticas pendientes de verificacion,Alta: texto extraido del PDF,0,3,0,,Alarde,Referencia localizada por barrido textual,"(rCiclista F. D. CluiJ"" ele San Sebaslián, varios caballeros, españoles para mú:; abusos. PI\.ECIO F | contra el Cluh Campeón de franci"" Heconocidos por un r,\cul t,lli 1'0, ésle 1Ya.cimiclltos,-Antoni:1 | rico monte de San Marcial, ele donde Jle· Cou carírlos repletos de lernura sacúndola de Sil é~l:Jsís",Todos los documentos del catalogo forman parte del corpus sanmarcialero local; las pistas automaticas deben contrastarse con la fuente original.
b925d606b64f,1909,1909-05-09,El eco de Irun - Año I nº 6,1909-05-09,Prensa o revista,/home/gaizka/Alarde/Revistas y periodicos/1909/1909-05-09 - El eco de Irun - Año I nº 6.pdf,Catalogado con pistas automaticas pendientes de verificacion,Alta: texto extraido del PDF,0,2,0,,Alarde,Referencia localizada por barrido textual,"(San Marcial, número! J) pues en ellos | peún del Sur de Frallcia, )' el, ""Cit.:litita awcaus :zu:::szaa: _ ~mrr • San Marcial, nUIIl, 1,-Hl1a.lrJ",Todos los documentos del catalogo forman parte del corpus sanmarcialero local; las pistas automaticas deben contrastarse con la fuente original.
5894234dca48,1909,1909-05-16,El eco de Irun - Año I nº 7,1909-05-16,Prensa o revista,/home/gaizka/Alarde/Revistas y periodicos/1909/1909-05-16 - El eco de Irun - Año I nº 7.pdf,Catalogado con pistas automaticas pendientes de verificacion,Alta: texto extraido del PDF,0,4,0,,"Alarde, ritual",Referencia localizada por barrido textual,", le lIamilremos lleno. festividad dc la Ascensión, tendrán lu­ .Jllal~ Hilo--Mándenos. Veremos de q | 29deJu 10. lrún, Vera, Fuenterrahía y otros pue­ cidos, para Caballero. | El recotTido será ele 100 kilómetl'us. Ascención, amenizará el paseo de la San Marcial, núm. 1.-IRUr. | lle de San Marcial núms. 1 y 3.",Todos los documentos del catalogo forman parte del corpus sanmarcialero local; las pistas automaticas deben contrastarse con la fuente original.
0e18dfbd83e7,1909,1909-06-13,El eco de Irun - Año I nº 11,1909-06-13,Prensa o revista,/home/gaizka/Alarde/Revistas y periodicos/1909/1909-06-13 - El eco de Irun - Año I nº 11.pdf,Catalogado con pistas automaticas pendientes de verificacion,Alta: texto extraido del PDF,0,3,0,,"Alarde, companias",Referencia localizada por barrido textual,"!~ solemne pr'ocesión de Corpus Cbristi, buena al Sr. Gutiérrez y resto de la tro buen amigo Don Vic | dias de San Pedro y San Marcial. | disponiendo: que se abriese nuevo cotJn~ cuenta entre nosotros la compañía, te de San Sebastiál""\.",Todos los documentos del catalogo forman parte del corpus sanmarcialero local; las pistas automaticas deben contrastarse con la fuente original.
a9c0c16037ff,1909,1909-06-20,El eco de Irun - Año I nº 12,1909-06-20,Prensa o revista,/home/gaizka/Alarde/Revistas y periodicos/1909/1909-06-20 - El eco de Irun - Año I nº 12.pdf,Catalogado con pistas automaticas pendientes de verificacion,Alta: texto extraido del PDF,0,3,0,,"Alarde, companias",Referencia localizada por barrido textual,"San Marcial¡ EL Eco DE IRÚN ha Pasa el tiempo os hacéis mujeres y el también han pasado por ellas; pero las | co irunés la compai'iín, que se dirije á confusión ""iose :que afortunadamente compañia ele su distin | á ocupar el sitio que nus correspondía, rjéllmente enli'e laR pitones y á ¡los dedos el Ayuntamiento",Todos los documentos del catalogo forman parte del corpus sanmarcialero local; las pistas automaticas deben contrastarse con la fuente original.
c3f511b6f74e,1909,1909-06-27,El eco de Irun - Año I nº 13,1909-06-27,Prensa o revista,/home/gaizka/Alarde/Revistas y periodicos/1909/1909-06-27 - El eco de Irun - Año I nº 13.pdf,Catalogado con pistas automaticas pendientes de verificacion,Alta: texto extraido del PDF,0,5,0,,"Alarde, musica, ritual",Referencia localizada por barrido textual,"((alarde"" | **'1< para Caballero, | ]le de San Marcial núms, 1 y.J, P,o,SEO C~OL()I'I 44,-1 R lJ N·, HEFHESCO>:: HE TODA::; eV'.SES | que parer.e gozoso de este humilllt servidor. (San Marcial, número, 3) pues en ellos | ías escuelas públicas, acol/lj7al7ado .del ~e.deto ejecutard la Diana de ViHarrob edo, cclcf¡riÍndos",Todos los documentos del catalogo forman parte del corpus sanmarcialero local; las pistas automaticas deben contrastarse con la fuente original.
551920b4ddd5,1909,1909-06-29,El eco de Irun - PH IRUN 0020,1909-06-29,Prensa o revista,/home/gaizka/Alarde/Revistas y periodicos/1909/1909-06-29 - El eco de Irun - PH IRUN 0020.pdf,Catalogado con pistas automaticas pendientes de verificacion,Alta: texto extraido del PDF,0,6,0,,"companias, mandos, musica, ritual",Referencia localizada por barrido textual,"A LAS 6 DE LA MAÑANA.- Diana por la Banda públicas. | San Juan, pasando por la Avenida de Francia, Pa- ejecutará la Diana de Villarrobledo, celebrándose á | acompañado por la Banda M unicipal. | infantería y caballería al mando de Amán, señor de llevase á visitarla al Emperador Carlos V, á su p | las escuelas públicas, acompañado del se.rteto",Todos los documentos del catalogo forman parte del corpus sanmarcialero local; las pistas automaticas deben contrastarse con la fuente original.
2d90e92fc5a6,1909,1909-06-30,El Pueblo Vasco,1909-06-30,Prensa o revista,/home/gaizka/Alarde/Revistas y periodicos/1909/1909-06-30 - El Pueblo Vasco.pdf,Catalogado con pistas automaticas pendientes de verificacion,Media/baja: OCR visual con pasajes detectados,0,1,1,2,"musica, recorrido, ritual",Referencia localizada por OCR visual; revisar contra imagen original,"b Sabido es que no ingresa en EE GR E E bz u JZ secovIA Deee EE ""El 'sudeño levó la alarma a) populoso EE finea sinientr",Todos los documentos del catalogo forman parte del corpus sanmarcialero local; las pistas automaticas deben contrastarse con la fuente original.
ef23025ed066,1909,1909-06-30,La Voz de Guipúzcoa - Diario Republicano,1909-06-30,Prensa o revista,/home/gaizka/Alarde/Revistas y periodicos/1909/1909-06-30 - La Voz de Guipúzcoa - Diario Republicano.pdf,Catalogado con pistas automaticas pendientes de verificacion,Media/baja: OCR visual con pasajes detectados,0,1,1,1,alarde,Referencia localizada por OCR visual; revisar contra imagen original,"Año XXV Número 8.633 MUZ O a - wÚMe D, GEE GEE 9 o ur San Sebastián.—Miércoles 30 de Junio de 1909 Diario Republioano Of",Todos los documentos del catalogo forman parte del corpus sanmarcialero local; las pistas automaticas deben contrastarse con la fuente original.
eab9fed69be3,1909,1909-07-11,El eco de Irun - Año I nº 16,1909-07-11,Prensa o revista,/home/gaizka/Alarde/Revistas y periodicos/1909/1909-07-11 - El eco de Irun - Año I nº 16.pdf,Catalogado con pistas automaticas pendientes de verificacion,Alta: texto extraido del PDF,0,2,0,,"Alarde, companias",Referencia localizada por barrido textual,"/lve ó elok tea Ó té de Ins cinco, todo para Caballero.' ,"" | _5,a de abo­ ele San Marcial, siendo ele cuent:.l del",Todos los documentos del catalogo forman parte del corpus sanmarcialero local; las pistas automaticas deben contrastarse con la fuente original.
9414f3b7e033,1909,1909-09-19,El eco de Irun - Año I nº 26,1909-09-19,Prensa o revista,/home/gaizka/Alarde/Revistas y periodicos/1909/1909-09-19 - El eco de Irun - Año I nº 26.pdf,Catalogado con pistas automaticas pendientes de verificacion,Alta: texto extraido del PDF,0,5,0,,"Alarde, companias, musica, ritual",Referencia localizada por barrido textual,"EL Eco DE InúN hace fervientes votos .. | con la chimenea casi apagada, con las (San Marcial,' número, 3) pues en ellos Ab~LI'y Reparaz, titulado:. «Los hijos | el Sr. Mancisidor. - --­ la 11ecesidad de que se aumente la capa­ 'del médico de esta villa doil Lea | padre de nuestro quei-ido compañero | tas,' entonando alegre diana. A lal:i siete cho puente, á su .juicio, no . reune con--_ robu.sto inf",Todos los documentos del catalogo forman parte del corpus sanmarcialero local; las pistas automaticas deben contrastarse con la fuente original.
f3a5b29bf40c,1909,1909-09-26,El eco de Irun - Año I nº 27,1909-09-26,Prensa o revista,/home/gaizka/Alarde/Revistas y periodicos/1909/1909-09-26 - El eco de Irun - Año I nº 27.pdf,Catalogado con pistas automaticas pendientes de verificacion,Alta: texto extraido del PDF,0,3,0,,"Alarde, companias",Referencia localizada por barrido textual,"Marcial :i. San Marcial .... ' ' se r~fer:ia el seilor rglesi¡\s, y éste com­ | pio el fallecimiento de· su . esposo. un? de los planos que acompaña á FranCIa y natural de Canarius | ~IrECIOS SU~lAMENTE ECONÓMICOS REl:'H'ftEN GR/\TES 1tHJESTlllt\S y CI\TA I~OGOS ~lOl'O·NAFT-\ PAilA AUTOMÓVILES",Todos los documentos del catalogo forman parte del corpus sanmarcialero local; las pistas automaticas deben contrastarse con la fuente original.
c2072526e6e8,1909,1909-10-03,El eco de Irun - Año I nº 28,1909-10-03,Prensa o revista,/home/gaizka/Alarde/Revistas y periodicos/1909/1909-10-03 - El eco de Irun - Año I nº 28.pdf,Catalogado con pistas automaticas pendientes de verificacion,Alta: texto extraido del PDF,0,4,0,,"Alarde, companias, mandos",Referencia localizada por barrido textual,"San Marcial, 22>--:IRUN "" . Le, Ilelilll""coJl~ >.. ,2 f~~ EN V NT REFRESCOS, DE 'TODAS CLA.SES | el presupuesto de 1910. Compañía de los caminos de hierro del | miento y las relevantes. dotes padagógicas por. el Sr. Lalanne compañero de corpo­ Ha llegado á nues | ¡Piernalegr'e y sus dos compañeros",Todos los documentos del catalogo forman parte del corpus sanmarcialero local; las pistas automaticas deben contrastarse con la fuente original.
509cb708fcc1,1909,1909-10-10,El eco de Irun - Año I nº 29,1909-10-10,Prensa o revista,/home/gaizka/Alarde/Revistas y periodicos/1909/1909-10-10 - El eco de Irun - Año I nº 29.pdf,Catalogado con pistas automaticas pendientes de verificacion,Alta: texto extraido del PDF,0,4,0,,"Alarde, companias, mandos",Referencia localizada por barrido textual,". El mártes se celebraron en la (San Marcial, nLllIlero, 3) pues en ellos | Estos juerguistas son de infantería. A pie la población. Y Lampoeo nos aburrimos. ¡I-Ial' Una noche, | fl1é perfecto caballero} don Lucas en cierta placa qne campea junto á la acostum bra ::í. practicar | ra apaciguar cónyuges eugallados, preguntad­ 13erlin. Un empleado de la compañia, que ha Madl'id; 7",Todos los documentos del catalogo forman parte del corpus sanmarcialero local; las pistas automaticas deben contrastarse con la fuente original.
436009ee7029,1909,1909-10-17,El eco de Irun - Año I nº 30,1909-10-17,Prensa o revista,/home/gaizka/Alarde/Revistas y periodicos/1909/1909-10-17 - El eco de Irun - Año I nº 30.pdf,Catalogado con pistas automaticas pendientes de verificacion,Alta: texto extraido del PDF,0,4,0,,"Alarde, companias",Referencia localizada por barrido textual,"!\'IOTO-N.AFTA. PARA AUT01UÓV1LES | Con aquel objeto, ha solicitado dicho (San Marcial, número, 3) pues en el!os Irún.-De blanco. | D. F. . . . 3 Colegio de San Marcial 50 la hora nos im pid'l rectiGcar la: 'informa­ | goyena, 'EcJ1egoyen, Sepúlveda, nuestro querido compañero de TIedac­ se sirven ademús refrescos, cho",Todos los documentos del catalogo forman parte del corpus sanmarcialero local; las pistas automaticas deben contrastarse con la fuente original.
d8d21f4122b6,1909,1909-10-24,El eco de Irun - Año I nº 31,1909-10-24,Prensa o revista,/home/gaizka/Alarde/Revistas y periodicos/1909/1909-10-24 - El eco de Irun - Año I nº 31.pdf,Catalogado con pistas automaticas pendientes de verificacion,Alta: texto extraido del PDF,0,4,0,,"Alarde, companias, mandos",Referencia localizada por barrido textual,"Ordenanzas. Sra. de lYlichelena . diría usted? Nos parece que los que dieron El lunes se verificó ·e | PRECIOS 8UMArHENTE ECONÓMICOS PIOANSE LOS CA:rt~LOGOS y MUESTRAS DE INVIERNO MOTO-NAFTA PAHA. AUTOiHÓVILES | San Marcial, á los que tampoco les falta » E. SubiUaga 0,50 nada debia figurar en el mundo de los vi | trabajos. (San Marcial, número, 3) _pues eu ellos ta, 4.° Elizalde.",Todos los documentos del catalogo forman parte del corpus sanmarcialero local; las pistas automaticas deben contrastarse con la fuente original.
ce062805c858,1909,1909-11-07,El eco de Irun - Año I nº 33,1909-11-07,Prensa o revista,/home/gaizka/Alarde/Revistas y periodicos/1909/1909-11-07 - El eco de Irun - Año I nº 33.pdf,Catalogado con pistas automaticas pendientes de verificacion,Alta: texto extraido del PDF,0,5,0,,"Alarde, companias, mandos",Referencia localizada por barrido textual,"(San Marcial, número, 3) pues en elJos | PAGO ADELA.N'TADO 1 O <3ÉNTIMOS NÚMERO SUELTO' <3ÉNTIlV\OS 10 PLAZA DE LOS FUEROS 1, BAJO | el fuego la artillería carlista contra la que ocupaba el enemígó, 'volviendo de ¿Quienes son esas se | entre la plaza y el campo carlista, sin llana al monte de San Marcial, con una | te de San Marcial, reanimando con su te de Jaizkibel, operación que efectuó porque ~s miope, ó segúti él, del Mediodia.",Todos los documentos del catalogo forman parte del corpus sanmarcialero local; las pistas automaticas deben contrastarse con la fuente original.
4d1cd39c3e2c,1909,1909-11-14,El eco de Irun - Año I nº 34,1909-11-14,Prensa o revista,/home/gaizka/Alarde/Revistas y periodicos/1909/1909-11-14 - El eco de Irun - Año I nº 34.pdf,Catalogado con pistas automaticas pendientes de verificacion,Alta: texto extraido del PDF,0,3,0,,"Alarde, companias, mandos",Referencia localizada por barrido textual,"(San Marcial, númel'o, 3) pues en ellos Cuando sn triste sino me contaba, con el parte que redactado por·D. Poli­ | Matton, (capitán). néticn alegría al heroico sah'ador ~e | za de San Juan. Y á la calle del once ... de salit· en las ~Siluetas))? Compaiier'o, compañero,",Todos los documentos del catalogo forman parte del corpus sanmarcialero local; las pistas automaticas deben contrastarse con la fuente original.
ee00e66e076c,1909,1909-12-12,El eco de Irun - Año I nº 38,1909-12-12,Prensa o revista,/home/gaizka/Alarde/Revistas y periodicos/1909/1909-12-12 - El eco de Irun - Año I nº 38.pdf,Catalogado; pendiente de indice humano,Alta: texto extraido del PDF,0,0,0,,,,,Todos los documentos del catalogo forman parte del corpus sanmarcialero local; las pistas automaticas deben contrastarse con la fuente original.
699c13bfd1ed,1910,1910-01-23,El eco de Irun - Año II nº 44,1910-01-23,Prensa o revista,/home/gaizka/Alarde/Revistas y periodicos/1910/1910-01-23 - El eco de Irun - Año II nº 44.pdf,Catalogado; pendiente de indice humano,Alta: texto extraido del PDF,0,0,0,,,,,Todos los documentos del catalogo forman parte del corpus sanmarcialero local; las pistas automaticas deben contrastarse con la fuente original.
1eff4ec93f1e,1910,1910-01-30,El eco de Irun - Año II nº 45,1910-01-30,Prensa o revista,/home/gaizka/Alarde/Revistas y periodicos/1910/1910-01-30 - El eco de Irun - Año II nº 45.pdf,Catalogado con pistas automaticas pendientes de verificacion,Alta: texto extraido del PDF,0,3,0,,"companias, ritual, suspensiones/cambios",Referencia localizada por barrido textual,"Nos dicen que en San Marcial va co­ darse. En EIgoibar ha sido pedida la mano | municipal la casa y ermita de San Mar­ Marte, 1-21 Se admiteu encargos para bodas y Confecciones par | tares señores Vives y Kindelan. Mrs. Zaranda y Compañia.--Irún. El tiempo tiene la palabrn.",Todos los documentos del catalogo forman parte del corpus sanmarcialero local; las pistas automaticas deben contrastarse con la fuente original.
ea50e037f864,1910,1910-02-20,El eco de Irun - Año II nº 48,1910-02-20,Prensa o revista,/home/gaizka/Alarde/Revistas y periodicos/1910/1910-02-20 - El eco de Irun - Año II nº 48.pdf,Catalogado; pendiente de indice humano,Alta: texto extraido del PDF,0,0,0,,,,,Todos los documentos del catalogo forman parte del corpus sanmarcialero local; las pistas automaticas deben contrastarse con la fuente original.
21f2055dae5d,1910,1910-02-27,El eco de Irun - Año II nº 49,1910-02-27,Prensa o revista,/home/gaizka/Alarde/Revistas y periodicos/1910/1910-02-27 - El eco de Irun - Año II nº 49.pdf,Catalogado con pistas automaticas pendientes de verificacion,Alta: texto extraido del PDF,0,1,0,,Alarde,Referencia localizada por barrido textual,"San Marcial, 22.-IRUN .",Todos los documentos del catalogo forman parte del corpus sanmarcialero local; las pistas automaticas deben contrastarse con la fuente original.
aee5bf132d97,1910,1910-04-03,El eco de Irun - Año II nº 54,1910-04-03,Prensa o revista,/home/gaizka/Alarde/Revistas y periodicos/1910/1910-04-03 - El eco de Irun - Año II nº 54.pdf,Catalogado; pendiente de indice humano,Alta: texto extraido del PDF,0,0,0,,,,,Todos los documentos del catalogo forman parte del corpus sanmarcialero local; las pistas automaticas deben contrastarse con la fuente original.
9558c25b7b41,1910,1910-04-17,El eco de Irun - Año II nº 56,1910-04-17,Prensa o revista,/home/gaizka/Alarde/Revistas y periodicos/1910/1910-04-17 - El eco de Irun - Año II nº 56.pdf,Catalogado; pendiente de indice humano,Alta: texto extraido del PDF,0,0,0,,,,,Todos los documentos del catalogo forman parte del corpus sanmarcialero local; las pistas automaticas deben contrastarse con la fuente original.
7daf4b16b4fa,1910,1910-05-08,El eco de Irun - Año II nº 59,1910-05-08,Prensa o revista,/home/gaizka/Alarde/Revistas y periodicos/1910/1910-05-08 - El eco de Irun - Año II nº 59.pdf,Catalogado; pendiente de indice humano,Alta: texto extraido del PDF,0,0,0,,,,,Todos los documentos del catalogo forman parte del corpus sanmarcialero local; las pistas automaticas deben contrastarse con la fuente original.
3d3a5dc5b35d,1910,1910-06-29,El buen combate semanario catolico - PH IRUN 0016,1910-06-29,Prensa o revista,/home/gaizka/Alarde/Revistas y periodicos/1910/1910-06-29 - El buen combate semanario catolico - PH IRUN 0016.pdf,Catalogado con pistas automaticas pendientes de verificacion,Alta: texto extraido del PDF,0,6,0,,"Alarde, mandos, musica, ritual",Referencia localizada por barrido textual,"Día 29 la cual se dirigirá al monte de San Marcial; misa y | La batalla de San Marcial es el pretexto para planta en la primera villa de España, queda admira­ | Yo amo el alarde, como amo las piedras viejas, | ejecutará la Diana de Villarrobledo, celebrándose á N ot a .— E l día 3 de Julio y á las cuatro y me | lo de las fiestas de San Marcial, á las",Todos los documentos del catalogo forman parte del corpus sanmarcialero local; las pistas automaticas deben contrastarse con la fuente original.
55ee94cbf60e,1910,1910-06-29,El eco de Irun - Año II - Donación Rafael Escales Murguia,1910-06-29,Prensa o revista,/home/gaizka/Alarde/Revistas y periodicos/1910/1910-06-29 - El eco de Irun - Año II - Donación Rafael Escales Murguia.pdf,Catalogado con pistas automaticas pendientes de verificacion,Alta: texto extraido del PDF,0,8,0,,"Alarde, mandos, musica, ritual",Referencia localizada por barrido textual,",EL POLLO TEJADA. <EL TERRIBLE PÉl~EZ·. ,EL ILUSO CAÑIZARES. | :Fiesta de San Marcial, la fuerte, la br iosa fies­ | Ahora sedispone el celebrar, cuma alli saben ¡San Marcial! ~[ágico nombre á cuya evoca· | PROGRAMA D<m: LOS F\EST\E-JOS | Yo he sido tambor mnyor del Alarde muchas PEPE BELLIDO.",Todos los documentos del catalogo forman parte del corpus sanmarcialero local; las pistas automaticas deben contrastarse con la fuente original.
f2462cd4fc31,1910,1910-06-30,La Voz de Guipúzcoa - Diario Republicano,1910-06-30,Prensa o revista,/home/gaizka/Alarde/Revistas y periodicos/1910/1910-06-30 - La Voz de Guipúzcoa - Diario Republicano.pdf,Catalogado con pistas automaticas pendientes de verificacion,Media/baja: OCR visual con pasajes detectados,0,1,1,1,companias,Referencia localizada por OCR visual; revisar contra imagen original,"pE ee BIUUAIEK ME GEE Gz ii Ofcinas: San Marcial, 1..",Todos los documentos del catalogo forman parte del corpus sanmarcialero local; las pistas automaticas deben contrastarse con la fuente original.
a7278c4a2491,1910,1910-07-01,El Pueblo Vasco,1910-07-01,Prensa o revista,/home/gaizka/Alarde/Revistas y periodicos/1910/1910-07-01 - El Pueblo Vasco.pdf,Catalogado con pistas automaticas pendientes de verificacion,Media/baja: OCR visual con pasajes detectados,0,2,2,"3, 4","alarde, mandos",Referencia localizada por OCR visual; revisar contra imagen original,"| 49das por su “generalísimo”, S d EAIZ = - r ze 108 escasog recursos de JIRE que expliquen su criterio contrario 4 la d | Ramón Artola, San Marcial, 18.",Todos los documentos del catalogo forman parte del corpus sanmarcialero local; las pistas automaticas deben contrastarse con la fuente original.
809f7876469b,1910,1910-07-01,La Voz de Guipúzcoa - Diario Republicano,1910-07-01,Prensa o revista,/home/gaizka/Alarde/Revistas y periodicos/1910/1910-07-01 - La Voz de Guipúzcoa - Diario Republicano.pdf,Catalogado con pistas automaticas pendientes de verificacion,Media/baja: OCR visual con pasajes detectados,0,1,1,1,alarde,Referencia localizada por OCR visual; revisar contra imagen original,"o VN DL DO Sz — ; ae — — r ad , E EE Olcinas: San Marcial, 10.",Todos los documentos del catalogo forman parte del corpus sanmarcialero local; las pistas automaticas deben contrastarse con la fuente original.
2280e0be2b9e,1910,1910-07-03,Novedades revista semanal ilustrada,1910-07-03,Prensa o revista,/home/gaizka/Alarde/Revistas y periodicos/1910/1910-07-03 - Novedades revista semanal ilustrada.pdf,Catalogado; pendiente de indice humano,Alta: texto extraido del PDF,0,0,0,,,,,Todos los documentos del catalogo forman parte del corpus sanmarcialero local; las pistas automaticas deben contrastarse con la fuente original.
d262900c9a83,1911,1911-06-24,El buen combate,1911-06-24,Prensa o revista,/home/gaizka/Alarde/Revistas y periodicos/1911/1911-06-24 - El buen combate.pdf,Catalogado con pistas automaticas pendientes de verificacion,Alta: texto extraido del PDF,0,6,0,,"Alarde, cantineras, companias, mandos, musica, ritual, suspensiones/cambios",Referencia localizada por barrido textual,"(San Marcial, núm. 3) pues en ellos alturas no se metiera á PonÜfice, por que Y nótese que esos tres grandiosos Con­ | cuela Moderna hacen juegos con la infa­ dio de las aguas de la V illa. ción á Loyola y M adrid, acom | dad de sus preceptos, con la eleva­ m ism a Banda amenizará coa bailables la A L A S S E IS D E L A | geno saturado de odios y vengan­ Itigai- 011 el cam |)0 del «Raciiig ('luí») de es­ ría, y otra de C | y en el Parque Manee, acompañados de los Avenida el segundo encuentro entre el «Vi",Todos los documentos del catalogo forman parte del corpus sanmarcialero local; las pistas automaticas deben contrastarse con la fuente original.
ff9dd9b35df3,1911,1911-06-30,El Pueblo Vasco,1911-06-30,Prensa o revista,/home/gaizka/Alarde/Revistas y periodicos/1911/1911-06-30 - El Pueblo Vasco.pdf,Catalogado con pistas automaticas pendientes de verificacion,Media/baja: OCR visual con pasajes detectados,0,1,1,3,recorrido,Referencia localizada por OCR visual; revisar contra imagen original,"recorrer es dargo, árido y sin desbrozar | tomaremos el cuidado de asentarla sin res- ; lo, que “para nosotros la opinió",Todos los documentos del catalogo forman parte del corpus sanmarcialero local; las pistas automaticas deben contrastarse con la fuente original.
60a890807aab,1911,1911-06-30,La Voz de Guipúzcoa - Diario Republicano,1911-06-30,Prensa o revista,/home/gaizka/Alarde/Revistas y periodicos/1911/1911-06-30 - La Voz de Guipúzcoa - Diario Republicano.pdf,Catalogado; pendiente de indice humano,Media/baja: OCR visual sin pasajes detectados,0,0,0,,,,,Todos los documentos del catalogo forman parte del corpus sanmarcialero local; las pistas automaticas deben contrastarse con la fuente original.
c74692e49417,1911,1911-07-01,El Correo de Guipúzcoa,1911-07-01,Prensa o revista,/home/gaizka/Alarde/Revistas y periodicos/1911/1911-07-01 - El Correo de Guipúzcoa.pdf,Catalogado con pistas automaticas pendientes de verificacion,Media/baja: OCR visual con pasajes detectados,0,1,1,2,caballeria,Referencia localizada por OCR visual; revisar contra imagen original,"EUOUE que Nogo pro- | pendida la ciroulación de coches _y Madrid 14 7 e OE nn De i alarde, en el ue tomaron parto an .l",Todos los documentos del catalogo forman parte del corpus sanmarcialero local; las pistas automaticas deben contrastarse con la fuente original.
69d5fbc006c1,1911,1911-07-01,El Pueblo Vasco,1911-07-01,Prensa o revista,/home/gaizka/Alarde/Revistas y periodicos/1911/1911-07-01 - El Pueblo Vasco.pdf,Catalogado con pistas automaticas pendientes de verificacion,Media/baja: OCR visual con pasajes detectados,0,3,3,"1, 3, 4","alarde, musica, recorrido",Referencia localizada por OCR visual; revisar contra imagen original,"bi | mado Clemente V: individúo la- y Sk eeó ata vuntamiento de San Sebastí: le San Marcial.es Un señor exclama: Y, A h | m M ximo ur e d funcionar NO n Alz ry S| EO 1| Ge a al señor conde cuatro de da próximo lunes ————.—_LHex $ T — i G ga Z | 5 y 6, 4 parte en el alarde musieal, y pretende'tur- | Ese es su afán, Figurar en letras de mol S señor Gablola, myddo e",Todos los documentos del catalogo forman parte del corpus sanmarcialero local; las pistas automaticas deben contrastarse con la fuente original.
96c817c9143a,1911,1911-07-02,El buen combate,1911-07-02,Prensa o revista,/home/gaizka/Alarde/Revistas y periodicos/1911/1911-07-02 - El buen combate.pdf,Catalogado con pistas automaticas pendientes de verificacion,Alta: texto extraido del PDF,0,5,0,,"Alarde, mandos, ritual",Referencia localizada por barrido textual,"Buenos liza coa éxito seguro y práctico cuanto se íCl «Alarde», ese típico Alarde donde late Ni empa | ción he conocido que no es m uy devoto; mente m ayor de sanar á los enfermos y re­ | corrida por la m ism a cuadrilla, capitaneada su residencia de Tolosa, pudiendo observar | nó su «gloi'iosa carrera» de cocliero ea Aprobados lles) que so verificó el miércoles á las nue­ San | tó de firme en el trabajo; volvió el aristócra­ A . Gasull. la niña de las reflexiones tuvo en Felis",Todos los documentos del catalogo forman parte del corpus sanmarcialero local; las pistas automaticas deben contrastarse con la fuente original.
ec30dd2af5ad,1911,1911-07-02,Novedades revista semanal ilustrada,1911-07-02,Prensa o revista,/home/gaizka/Alarde/Revistas y periodicos/1911/1911-07-02 - Novedades revista semanal ilustrada.pdf,Catalogado con pistas automaticas pendientes de verificacion,Alta: texto extraido del PDF,0,5,0,,"cantineras, companias, musica, ritual",Referencia localizada por barrido textual,"== E I B "" R== BU ENOS "" IRES | DONOSTIAKO UDAL LIBURUTEGIA - BIBLIOTECA MUNICIPAL DE SAN SEBASTIAN | El alarde musical celebrado en Eibar resultó muy brrllante. Re- La banda de Vergara ejecutando la ob | Las fiestas de San Marcial, en Irún.....La cantinera de la artillería | suponer al lector en la campa de San Marcial, en Irún, ""conternplando á la abigarrada muchedumbre que",Todos los documentos del catalogo forman parte del corpus sanmarcialero local; las pistas automaticas deben contrastarse con la fuente original.
a81074cc4869,1912,1912,Programa de fiestas,1912,Programa de fiestas,/home/gaizka/Alarde/Programas de fiestas/1912.pdf,Catalogado con pistas automaticas pendientes de verificacion,Media/baja: OCR visual con pasajes detectados,0,2,2,"2, 3","musica, recorrido",Referencia localizada por OCR visual; revisar contra imagen original,"e A las mismas horas, el (':ener U fuerzas del Alarde de San Marcial en unión d 1 Wistado www.irun.org | 2 Mayor, revistará en las cercanías de la población á las fuerzas que han de tomar parte en dicho Alarde.",Todos los documentos del catalogo forman parte del corpus sanmarcialero local; las pistas automaticas deben contrastarse con la fuente original.
7fcc24456810,1912,1912-06-22,La nueva frontera,1912-06-22,Prensa o revista,/home/gaizka/Alarde/Revistas y periodicos/1912/1912-06-22 - La nueva frontera.pdf,Catalogado con pistas automaticas pendientes de verificacion,Alta: texto extraido del PDF,0,6,0,,"cantineras, companias, mandos, musica, ritual, suspensiones/cambios",Referencia localizada por barrido textual,"Agarrándose á una palabra de Martínez, pro­ cipal, despedida de la Compañía Monti- | Principal la notable Compañía Montijano. los en pro del vecindario. ¿Recuerda los famosos cuarteles? | de diputados que fallecieron, ó que se preciso que se promoviera un escándalo lar», que tanta fama d | del Alarde de San Marcial, en unión de su Es­ | mócrata, la parcial conducta del Presi Parte de la plaza se halla envuelta en A las siete de la tard",Todos los documentos del catalogo forman parte del corpus sanmarcialero local; las pistas automaticas deben contrastarse con la fuente original.
0fb98d0169f3,1912,1912-06-28,La nueva frontera,1912-06-28,Prensa o revista,/home/gaizka/Alarde/Revistas y periodicos/1912/1912-06-28 - La nueva frontera.pdf,Catalogado con pistas automaticas pendientes de verificacion,Alta: texto extraido del PDF,0,8,0,,"Alarde, cantineras, companias, mandos, musica, ritual, suspensiones/cambios",Referencia localizada por barrido textual,"BATALLA DE SAH MARCIAL | cabildos eclesiástico y secular de Irú n , la esportillera, y en ellos hallaréis un | contando de existencia el «Alarde de San terciopelo rojo adornado con galón do­ de sus iglesias, Ja | invasiones, hicieron los vecinos de la taban á sueldo del Rey de Francia. mozos y mugeres que las tr | mas al alto de San Marcial, donde otros bandas de música recorren toda la po­ brotan recuerdos de gl",Todos los documentos del catalogo forman parte del corpus sanmarcialero local; las pistas automaticas deben contrastarse con la fuente original.
fdaff95e5726,1912,1912-06-30,El Correo del Norte,1912-06-30,Prensa o revista,/home/gaizka/Alarde/Revistas y periodicos/1912/1912-06-30 - El Correo del Norte.pdf,Catalogado con pistas automaticas pendientes de verificacion,Media/baja: OCR visual con pasajes detectados,0,2,2,"1, 4","alarde, companias, tamborrada",Referencia localizada por OCR visual; revisar contra imagen original,"sa de Soocrro del A-tl- zios de u política y de sus ambicio- | biango, com valos delmismo color, Gez de L-á » hab> timbi | 1 T Representacion exclusiva: CASA INURRIETA i Guetaria, 5 y San Marcial, 22 ¡y"" Ge ;._.-_,_.;_'""w\\u_?l 75*, DE ECONOBI",Todos los documentos del catalogo forman parte del corpus sanmarcialero local; las pistas automaticas deben contrastarse con la fuente original.
86df52ba4f4d,1912,1912-06-30,El Pueblo Vasco,1912-06-30,Prensa o revista,/home/gaizka/Alarde/Revistas y periodicos/1912/1912-06-30 - El Pueblo Vasco.pdf,Catalogado con pistas automaticas pendientes de verificacion,Media/baja: OCR visual con pasajes detectados,0,3,3,"1, 2, 3","alarde, companias, recorrido",Referencia localizada por OCR visual; revisar contra imagen original,"c::;:ñc…amu]s, de regroso Z | lcampo», de Tólosa, loran G e(;:g: ZT ZT- ur promanció u DENTIS T Debieron ser terribles l | Tacol permaneció en 1a calle de San Marcial u. | G GO g A - ay Cartón ondi:iado OS DES GA A di re DOMICILIO: San Marcial, 5, d Ll ."",%T*xf""g ez k ze di y hojas LIQUIDA S",Todos los documentos del catalogo forman parte del corpus sanmarcialero local; las pistas automaticas deben contrastarse con la fuente original.
083dbd8df968,1912,1912-06-30,La Voz de Guipúzcoa - Diario Republicano,1912-06-30,Prensa o revista,/home/gaizka/Alarde/Revistas y periodicos/1912/1912-06-30 - La Voz de Guipúzcoa - Diario Republicano.pdf,Catalogado; pendiente de indice humano,Media/baja: OCR visual sin pasajes detectados,0,0,0,,,,,Todos los documentos del catalogo forman parte del corpus sanmarcialero local; las pistas automaticas deben contrastarse con la fuente original.
ae2882646178,1912,1912-07-01,El Correo del Norte,1912-07-01,Prensa o revista,/home/gaizka/Alarde/Revistas y periodicos/1912/1912-07-01 - El Correo del Norte.pdf,Catalogado con pistas automaticas pendientes de verificacion,Media/baja: OCR visual con pasajes detectados,0,2,2,"1, 4","alarde, companias, tamborrada",Referencia localizada por OCR visual; revisar contra imagen original,"Barurik gobe koJena ezio Juaro at raciones zz sean ahore los que | de Colón, ceras de la plaza de Pf y | presenciar ol r | EE S a E — \g%» eeez Homophon-Record-Company dé Berlin .ef*ñá ;_¡.— *_.34.33', _:'ÍJ 5 d EE *'«**'*—:'-—*3*3 - Guetaría,",Todos los documentos del catalogo forman parte del corpus sanmarcialero local; las pistas automaticas deben contrastarse con la fuente original.
07398489f846,1912,1912-07-01,La Voz de Guipúzcoa - Diario Republicano,1912-07-01,Prensa o revista,/home/gaizka/Alarde/Revistas y periodicos/1912/1912-07-01 - La Voz de Guipúzcoa - Diario Republicano.pdf,Catalogado; pendiente de indice humano,Media/baja: OCR visual sin pasajes detectados,0,0,0,,,,,Todos los documentos del catalogo forman parte del corpus sanmarcialero local; las pistas automaticas deben contrastarse con la fuente original.
00227345a671,1912,1912-07-06,El buen combate,1912-07-06,Prensa o revista,/home/gaizka/Alarde/Revistas y periodicos/1912/1912-07-06 - El buen combate.pdf,Catalogado con pistas automaticas pendientes de verificacion,Alta: texto extraido del PDF,0,4,0,,"Alarde, companias, ritual",Referencia localizada por barrido textual,"F.l partiilo fué m uy bueno, y si bien no re­ Dorsal n ú m . Lorenzo Oca de Bilbao. El sinip.’ilie j | Sociedad de F üincnlo de I n ’iu (iiic llevó al El tenor indio .José de .lesús Mora cantó cuenta d.- | el p.atr.ólioo alarde, su p rim á m o slo . C u an d o sólo sé (|ue muchos abren la boca par» can­ | to y agradable. don Nicolas Berástegui, vocales don N icanor claicn n d o .>l tiem po y 1 s alieim i",Todos los documentos del catalogo forman parte del corpus sanmarcialero local; las pistas automaticas deben contrastarse con la fuente original.
8540e61dea7c,1912,1912-07-06,La nueva frontera,1912-07-06,Prensa o revista,/home/gaizka/Alarde/Revistas y periodicos/1912/1912-07-06 - La nueva frontera.pdf,Catalogado con pistas automaticas pendientes de verificacion,Alta: texto extraido del PDF,0,7,0,,"Alarde, companias, mandos, ritual",Referencia localizada por barrido textual,"2.0 año Libertad! duciría á su salvación. se, ¿qué hacen los compañeros? | SEÑO RAS CABALLEROS condiciones de los agraciados, pasaron | altere la desenfrenada carrera de milla­ siempre, hizo verdaderas filigranas con pretendiese termina | de San Marcial subió al monte, calzando al­ gastos por el alojamiento de los músicos | qui, acompañando al piano estuvo como verificados por los concursantes.",Todos los documentos del catalogo forman parte del corpus sanmarcialero local; las pistas automaticas deben contrastarse con la fuente original.
333c613a2aaf,1912,1912-07-07,Novedades revista semanal ilustrada,1912-07-07,Prensa o revista,/home/gaizka/Alarde/Revistas y periodicos/1912/1912-07-07 - Novedades revista semanal ilustrada.pdf,Catalogado; pendiente de indice humano,Alta: texto extraido del PDF,0,0,0,,,,,Todos los documentos del catalogo forman parte del corpus sanmarcialero local; las pistas automaticas deben contrastarse con la fuente original.
be03ae2dc6b6,1913,1913,Programa de fiestas,1913,Programa de fiestas,/home/gaizka/Alarde/Programas de fiestas/1913.pdf,Catalogado con pistas automaticas pendientes de verificacion,Media/baja: OCR visual con pasajes detectados,0,4,4,"4, 5, 7, 8","mandos, musica, recorrido",Referencia localizada por OCR visual; revisar contra imagen original,"Á las mismas horas, el general que ha de mandar las fuerzas del Alarde de San Marcial, en unión de su Estado Mayor, revi | A la una de la tarde, se verificará el regreso de las fuerzas del Alarde las cuales desfilarán en la Plaza de Urdanibia, | \ desrerdoz de San Marcial de 1813 ———— í —— y Gantos populares de la Villa de Jríún \ del maestro Larruquert, en la eje | Se organizará en la Plazoleta existente en | la calle de Fuenterrabía y se dirigirá por el Paseo de Colón, calles de los",Todos los documentos del catalogo forman parte del corpus sanmarcialero local; las pistas automaticas deben contrastarse con la fuente original.
b6c78ba89d4d,1913,1913,Programa de fiestas,1913CENTENARIO,Programa de fiestas,/home/gaizka/Alarde/Programas de fiestas/1913CENTENARIO.pdf,Catalogado con pistas automaticas pendientes de verificacion,Media/baja: OCR visual con pasajes detectados,0,4,4,"2, 3, 4, 5","alarde, companias, musica, recorrido, ritual",Referencia localizada por OCR visual; revisar contra imagen original,"El E m m = GRZ EEKT é — IRUN %:xam AEEO % : Z - dS b Ge S g d .p .E N - Programa :288 — S bi de los festejos que - | G G | Ayuntamiento acompañada de la Banda Municipal, á la Compañía con Bandera y Música del Regimiento de San Marcial que por | A las once y media.La lauréada Banda Muni- cipal de Vergara amenizará la Plaza de Pí y Margall tocando escogidos números | A las tres y media de la tarde la Banda Muni- cipal de esta Ciudad recorrerá las calles de la población anunciando el qu",Todos los documentos del catalogo forman parte del corpus sanmarcialero local; las pistas automaticas deben contrastarse con la fuente original.
07a1a7809c06,1913,1913-06-30,El Correo del Norte,1913-06-30,Prensa o revista,/home/gaizka/Alarde/Revistas y periodicos/1913/1913-06-30 - El Correo del Norte.pdf,Catalogado con pistas automaticas pendientes de verificacion,Media/baja: OCR visual con pasajes detectados,0,1,1,4,mandos,Referencia localizada por OCR visual; revisar contra imagen original,"Do venta en San Sebastión: Barondiarán y Allonde, Easo, 4; W Para seguir en , “ Romero, Plaza de Bilbao, 1; Manuol Nicol",Todos los documentos del catalogo forman parte del corpus sanmarcialero local; las pistas automaticas deben contrastarse con la fuente original.
54c835e1258a,1913,1913-06-30,El Pueblo Vasco,1913-06-30,Prensa o revista,/home/gaizka/Alarde/Revistas y periodicos/1913/1913-06-30 - El Pueblo Vasco.pdf,Catalogado; pendiente de indice humano,Media/baja: OCR visual sin pasajes detectados,0,0,0,,,,,Todos los documentos del catalogo forman parte del corpus sanmarcialero local; las pistas automaticas deben contrastarse con la fuente original.
fb89dcecf491,1913,1913-06-30,La Voz de Guipúzcoa - Diario Republicano,1913-06-30,Prensa o revista,/home/gaizka/Alarde/Revistas y periodicos/1913/1913-06-30 - La Voz de Guipúzcoa - Diario Republicano.pdf,Catalogado con pistas automaticas pendientes de verificacion,Media/baja: OCR visual con pasajes detectados,0,1,1,1,companias,Referencia localizada por OCR visual; revisar contra imagen original,"as vi ; U EE ee San Marcial, 10 EKEZT Lunes 30 de Junio de 1913 DIARIO REPUSLICANO Año XXIX :: SAN SEBASTIAN :: pT A He",Todos los documentos del catalogo forman parte del corpus sanmarcialero local; las pistas automaticas deben contrastarse con la fuente original.
cb324b8cc400,1913,1913-07-01,El Correo del Norte,1913-07-01,Prensa o revista,/home/gaizka/Alarde/Revistas y periodicos/1913/1913-07-01 - El Correo del Norte.pdf,Catalogado con pistas automaticas pendientes de verificacion,Media/baja: OCR visual con pasajes detectados,0,3,3,"1, 3, 4",alarde,Referencia localizada por OCR visual; revisar contra imagen original,"Cn las tropas del Alarde | ferrono contraria » ET Z EE i “| ac e Ó Ge Dia 6, domingo.—A las once concurs> de DOE del moñ | — | a de abono personal o intrans- B.nco de Toless | Ge- KE \ nzL\(A""ílThm\ ; Partido a_remonto para hoy martes, a las c | idad en la lámpara “Esmar” ¡Se hacen tarjetas de visita a 2 pesetas 100 [| ¿ Ge Esteve, 6- VALENCIA i si | —]——————]—o——",Todos los documentos del catalogo forman parte del corpus sanmarcialero local; las pistas automaticas deben contrastarse con la fuente original.
ccd838d27b96,1913,1913-07-01,La Voz de Guipúzcoa - Diario Republicano,1913-07-01,Prensa o revista,/home/gaizka/Alarde/Revistas y periodicos/1913/1913-07-01 - La Voz de Guipúzcoa - Diario Republicano.pdf,Catalogado con pistas automaticas pendientes de verificacion,Media/baja: OCR visual con pasajes detectados,0,1,1,2,mandos,Referencia localizada por OCR visual; revisar contra imagen original,"4 D G, d y San Marcial en 1 Miscelánea extranjera Un incendio_formidabl ?",Todos los documentos del catalogo forman parte del corpus sanmarcialero local; las pistas automaticas deben contrastarse con la fuente original.
5944d0b78fd4,1913,1913-07-06,Novedades revista semanal ilustrada,1913-07-06,Prensa o revista,/home/gaizka/Alarde/Revistas y periodicos/1913/1913-07-06 - Novedades revista semanal ilustrada.pdf,Catalogado con pistas automaticas pendientes de verificacion,Alta: texto extraido del PDF,0,5,0,,"Alarde, mandos, ritual",Referencia localizada por barrido textual,"DONOSTIAKO UDAL LIBURUTEGIA - BIBLIOTECA MUNICIPAL DE SAN SEBASTIAN | DONOSTIAKO UDAL LIBURUTEGIA - BIBLIOTECA MUNICIPAL DE SAN SEBASTIAN | En cambio, el tradicional alarde y la Ayuntamiento. | cierta parte de la opinión pública Irun- nicas del siglo x, un caballero francés En Rusia, el dote d | tI:, et(~,:.Jo I Las fiestas de San Marcial en Ir ün,",Todos los documentos del catalogo forman parte del corpus sanmarcialero local; las pistas automaticas deben contrastarse con la fuente original.
5f4fbe07aab0,1913,1913-08-31,El correo del norte,1913-08-31,Prensa o revista,/home/gaizka/Alarde/Revistas y periodicos/1913/1913-08-31 - El correo del norte.pdf,Catalogado con pistas automaticas pendientes de verificacion,Alta: texto extraido del PDF,0,4,0,,"companias, musica, ritual",Referencia localizada por barrido textual,"Vergiara, Begiiidalm'entj l i compañía de San Algieeiras.—H a llég alo la c^jiupañia tle Z a­ | fanegas y do.s fanegas de gi’anos tro Cabildo Eclesiástico; don .Joaquín San­ U o l a s g r a c i a | i 28 P A G IN A S D E T E X T O | ín^l.to3 vatonos qu3 reunidos en Zubiefa, sen- l i ciiidal de In'in la Compañía del 44 do in- Añadii",Todos los documentos del catalogo forman parte del corpus sanmarcialero local; las pistas automaticas deben contrastarse con la fuente original.
207bdbae88cc,1913,1913-08-31,España Nueva,1913-08-31,Prensa o revista,/home/gaizka/Alarde/Revistas y periodicos/1913/1913-08-31 - España Nueva.pdf,Catalogado con pistas automaticas pendientes de verificacion,Alta: texto extraido del PDF,0,6,0,,"companias, mandos",Referencia localizada por barrido textual,"Damiens, con,los ojos desmesurada­ la llevaran por la ciudad, para confusión molesto por Ja aptitud | PRECíO.<5 MAS BARATOS QUE LA MItï-TAR ccndu'cido en dicho carro a la plaza de acompañara un oficial | habló ; le hizo lemostrar las víctimas de la catástrofe de Somorros- paniepte, que »« .'úMa que el g | piuductos naturales, como el pescado y pasaban lista todos los días y habían de acompañada de una co | que tantas y tan diversas tendencias se Después de haber oído misa el capitán llamado Rafael, con el",Todos los documentos del catalogo forman parte del corpus sanmarcialero local; las pistas automaticas deben contrastarse con la fuente original.
87b69d0503b1,1913,1913-08-31,La Correspondencia de Espana 290,1913-08-31,Prensa o revista,/home/gaizka/Alarde/Revistas y periodicos/1913/1913-08-31 - La Correspondencia de Espana 290.pdf,Catalogado con pistas automaticas pendientes de verificacion,Alta: texto extraido del PDF,0,5,0,,"Alarde, companias, mandos, ritual",Referencia localizada por barrido textual,"Al volver de Cuesta Colorada. H e tenido ocasión de hablar con los moros Sanz», que conducirá á Mala | DOS SECBETOS ^ | E N UNA J O Y E R Í A | Muchos corrían á la desesperada para ocul- Una compañía de Ingenieros. | •Esto.-, mulos, cuya carga quedó en Cuesta te bando con motivo de ser esta noche la niente de Caball",Todos los documentos del catalogo forman parte del corpus sanmarcialero local; las pistas automaticas deben contrastarse con la fuente original.
83ab3ecbb0fe,1913,1913-08-31,La Epoca Madrid 573,1913-08-31,Prensa o revista,/home/gaizka/Alarde/Revistas y periodicos/1913/1913-08-31 - La Epoca Madrid 573.pdf,Catalogado con pistas automaticas pendientes de verificacion,Alta: texto extraido del PDF,0,5,0,,"Alarde, companias, mandos, musica, ritual, suspensiones/cambios",Referencia localizada por barrido textual,"El gran visir ha visitado, acompañado del alto verano de 1902'^una epidemia de fiebres en esta ca- l | el capitán D. Fioríncio Acha. bertad nueve individuos, detenidos nace algunos tian. Reyts, ol corone | maríamos una villa modesta; pero, eso sí, rodeada Puede decirse que la Bolsa, aparte del movimien- e | pirada, sufrida al pie de la Sierra de San Marcial cárate, y en cuyo acto el priinero'hará declaracio- | preso, acompañado del ministro de Estado.",Todos los documentos del catalogo forman parte del corpus sanmarcialero local; las pistas automaticas deben contrastarse con la fuente original.
2d9f82853bb1,1913,1913-08-31,La Tribuna,1913-08-31,Prensa o revista,/home/gaizka/Alarde/Revistas y periodicos/1913/1913-08-31 - La Tribuna.pdf,Catalogado con pistas automaticas pendientes de verificacion,Alta: texto extraido del PDF,0,2,0,,"companias, mandos, musica, suspensiones/cambios",Referencia localizada por barrido textual,"Página 2 LA TRIBUNA | orden del ministerio de la Guerra, se ce­ val blanca, pensionada, al capitán de ‘ También se recuerd",Todos los documentos del catalogo forman parte del corpus sanmarcialero local; las pistas automaticas deben contrastarse con la fuente original.
cc0ad3831bca,1913,1913-09-01,ABC,1913-09-01,Prensa o revista,/home/gaizka/Alarde/Revistas y periodicos/1913/1913-09-01 - ABC.pdf,Catalogado con pistas automaticas pendientes de verificacion,Media/baja: OCR visual con pasajes detectados,0,1,1,8,alarde,Referencia localizada por OCR visual; revisar contra imagen original,"En el hatei de Naria erístina $2 enga'anó E coberncior ha dado las órdenes apor- … ciones, los viajeros y para que la ví",Todos los documentos del catalogo forman parte del corpus sanmarcialero local; las pistas automaticas deben contrastarse con la fuente original.
07402e97a578,1913,1913-09-01,El Diario Español,1913-09-01,Prensa o revista,/home/gaizka/Alarde/Revistas y periodicos/1913/1913-09-01 - El Diario Español.pdf,Catalogado con pistas automaticas pendientes de verificacion,Alta: texto extraido del PDF,0,7,0,,"Alarde, companias, mandos, ritual, suspensiones/cambios",Referencia localizada por barrido textual,"Alcalay ha salido con el capitán de Estado | Rrimera región: Primeros batallones, del ma ni el partido imperialista pueden, sien­ —Ascendiendo á | existen, y el plan die organización está ya cal­ llinas de su padre, estaría ^ condiciones giniiento | que revistan gran formalidad las tenden­ Luis González Quinta y al comisario señor pensionada al cap | tíontrará ahora un caballero como Cham­ bario de la Embajada de San Pelersburgo",Todos los documentos del catalogo forman parte del corpus sanmarcialero local; las pistas automaticas deben contrastarse con la fuente original.
c3d7bdebfa6d,1913,1913-09-01,El Día de Madrid,1913-09-01,Prensa o revista,/home/gaizka/Alarde/Revistas y periodicos/1913/1913-09-01 - El Día de Madrid.pdf,Catalogado con pistas automaticas pendientes de verificacion,Alta: texto extraido del PDF,0,2,0,,"companias, mandos, ritual, suspensiones/cambios",Referencia localizada por barrido textual,Primera región: primeros batallones de' E iminación del general Huerta para la can- capitán Sr. Cors | de haberse recibido diversos telegranr^s oficial y numerosas Comisiones y represen- salir a la caÜe,Todos los documentos del catalogo forman parte del corpus sanmarcialero local; las pistas automaticas deben contrastarse con la fuente original.
92358a3c13de,1913,1913-09-01,El Ejército Español,1913-09-01,Prensa o revista,/home/gaizka/Alarde/Revistas y periodicos/1913/1913-09-01 - El Ejército Español.pdf,Catalogado con pistas automaticas pendientes de verificacion,Alta: texto extraido del PDF,0,5,0,,"mandos, ritual",Referencia localizada por barrido textual,"Ascsrsos en Infantería. | Estado Mayor.—'Unst. de coronel y una de | acción táctica rápida, enérgica y oportu­ ta español Sr. Santos Suárez y el capitán llano d.e Mar- I | el de guarnición de posiciones, con la so­ cubierta por un coronel de Infantería. El general Marina | las cabilas lejanas que promovieron y ponde al ascenso y al arma de Artillería en Aunque, bien pensa",Todos los documentos del catalogo forman parte del corpus sanmarcialero local; las pistas automaticas deben contrastarse con la fuente original.
20173298ee90,1913,1913-09-01,El buen combate,1913-09-01,Prensa o revista,/home/gaizka/Alarde/Revistas y periodicos/1913/1913-09-01 - El buen combate.pdf,Catalogado con pistas automaticas pendientes de verificacion,Media/baja: OCR visual con pasajes detectados,0,4,4,"1, 2, 3, 4","alarde, musica, recorrido, ritual",Referencia localizada por OCR visual; revisar contra imagen original,"' ' nario de la batalla de San Marcial. | Clero con cruz alzada, bandera y estan— | pueblos fronterizos de esta Noble Nación, llar un juego confiado, más presto s | Errazquin su fina aten- K está todavía, muy cerca de aquí, como lu- ' ción En el momo B O s ba- d - En el alarde musical | Moso, cálle de San Marcial, 4.",Todos los documentos del catalogo forman parte del corpus sanmarcialero local; las pistas automaticas deben contrastarse con la fuente original.
82783b82760a,1913,1913-09-01,El correo español,1913-09-01,Prensa o revista,/home/gaizka/Alarde/Revistas y periodicos/1913/1913-09-01 - El correo español.pdf,Catalogado; pendiente de indice humano,Media/baja: OCR visual sin pasajes detectados,0,0,0,,,,,Todos los documentos del catalogo forman parte del corpus sanmarcialero local; las pistas automaticas deben contrastarse con la fuente original.
cbb86d7ad9f1,1913,1913-09-01,El imparcial,1913-09-01,Prensa o revista,/home/gaizka/Alarde/Revistas y periodicos/1913/1913-09-01 - El imparcial.pdf,Catalogado; pendiente de indice humano,Media/baja: OCR visual sin pasajes detectados,0,0,0,,,,,Todos los documentos del catalogo forman parte del corpus sanmarcialero local; las pistas automaticas deben contrastarse con la fuente original.
6710894e1746,1913,1913-09-01,El pais,1913-09-01,Prensa o revista,/home/gaizka/Alarde/Revistas y periodicos/1913/1913-09-01 - El pais.pdf,Catalogado; pendiente de indice humano,Media/baja: OCR visual sin pasajes detectados,0,0,0,,,,,Todos los documentos del catalogo forman parte del corpus sanmarcialero local; las pistas automaticas deben contrastarse con la fuente original.
69ee6ed69c2e,1913,1913-09-01,El pueblo vasco,1913-09-01,Prensa o revista,/home/gaizka/Alarde/Revistas y periodicos/1913/1913-09-01 - El pueblo vasco.pdf,Catalogado con pistas automaticas pendientes de verificacion,Media/baja: OCR visual con pasajes detectados,0,1,1,2,"companias, musica",Referencia localizada por OCR visual; revisar contra imagen original,"don Weneeslao Orbea, sobre el Lena G rersmonia solembe mn que iba á tomar parte | Zado, cantaron el himno de San Marcial",Todos los documentos del catalogo forman parte del corpus sanmarcialero local; las pistas automaticas deben contrastarse con la fuente original.
e063133062e6,1913,1913-09-01,Gran Vida,1913-09-01,Prensa o revista,/home/gaizka/Alarde/Revistas y periodicos/1913/1913-09-01 - Gran Vida.pdf,Catalogado con pistas automaticas pendientes de verificacion,Alta: texto extraido del PDF,0,3,0,,Alarde,Referencia localizada por barrido textual,"Cninpconalo dr Hapnila. — Caballeros : da veraniega por la irrcsistilile atracción que | El Centenario de la batalla de San Marcial, 1813—31 Agosto—1913. | San Marcial que vino desde Burgos y la ofi-",Todos los documentos del catalogo forman parte del corpus sanmarcialero local; las pistas automaticas deben contrastarse con la fuente original.
e31ccd557796,1913,1913-09-01,Heraldo de Madrid,1913-09-01,Prensa o revista,/home/gaizka/Alarde/Revistas y periodicos/1913/1913-09-01 - Heraldo de Madrid.pdf,Catalogado; pendiente de indice humano,Media/baja: OCR visual sin pasajes detectados,0,0,0,,,,,Todos los documentos del catalogo forman parte del corpus sanmarcialero local; las pistas automaticas deben contrastarse con la fuente original.
59f0e78afc36,1913,1913-09-01,La Correspondencia Militar,1913-09-01,Prensa o revista,/home/gaizka/Alarde/Revistas y periodicos/1913/1913-09-01 - La Correspondencia Militar.pdf,Catalogado; pendiente de indice humano,Media/baja: OCR visual sin pasajes detectados,0,0,0,,,,,Todos los documentos del catalogo forman parte del corpus sanmarcialero local; las pistas automaticas deben contrastarse con la fuente original.
3137cbb4ea17,1913,1913-09-01,La Correspondencia de España,1913-09-01,Prensa o revista,/home/gaizka/Alarde/Revistas y periodicos/1913/1913-09-01 - La Correspondencia de España.pdf,Catalogado con pistas automaticas pendientes de verificacion,Media/baja: OCR visual con pasajes detectados,0,1,1,2,conflicto contemporaneo,Referencia localizada por OCR visual; revisar contra imagen original,"— LA BATALLA DE SAN MARCIAL — |Eentenario, Diputación provincial, ex alcal- |les que mandaban las tronas diban vivas al",Todos los documentos del catalogo forman parte del corpus sanmarcialero local; las pistas automaticas deben contrastarse con la fuente original.
4fe8d720f700,1913,1913-09-01,La Correspondencia militar 917,1913-09-01,Prensa o revista,/home/gaizka/Alarde/Revistas y periodicos/1913/1913-09-01 - La Correspondencia militar 917.pdf,Catalogado con pistas automaticas pendientes de verificacion,Alta: texto extraido del PDF,0,4,0,,"mandos, ritual",Referencia localizada por barrido textual,"^ "" i p a f l a s m e ' d k n s e s d e 1909 v 191i y h a bernador militar d^e Santander: en su vaca | ^ m í a distribución die empleos y premios. En Estado Mayor: una de coronel y otra de La Comisión de | jV ¿^fo del p e r i ó d i c o d e l a Gasa del P u e b l o , de capitán. PARÍS 31 clutas de cuota de | q u e el antimilillarismo d e El Socialista se. gimiento de San Marcial, c o l bandera y mú- el jefe J oficiales del re-",Todos los documentos del catalogo forman parte del corpus sanmarcialero local; las pistas automaticas deben contrastarse con la fuente original.
325ddabbe88e,1913,1913-09-01,La Epoca Madrid 574,1913-09-01,Prensa o revista,/home/gaizka/Alarde/Revistas y periodicos/1913/1913-09-01 - La Epoca Madrid 574.pdf,Catalogado con pistas automaticas pendientes de verificacion,Alta: texto extraido del PDF,0,7,0,,"Alarde, companias, mandos, ritual",Referencia localizada por barrido textual,"LoH expedientei de que se trata sou otra cosa, PAEÍS 31.—Han descargado sobre esta capital | Observa un colega que, dispuesto por el Gobier- lienzo de grandes maestros, y el suntuoso parque, Si | Policía se hizo cargo del petardo, que es un parativamente, parecen montaña j ermita cosa do | del Arma de Artillería, se verificaban pruebas por paso para penetrar en^España y socorrer la guar- | no, filao eñ el pueblo soberano, que sabrá y nes reúnen poderosos atractivos, entre los que so- y Se",Todos los documentos del catalogo forman parte del corpus sanmarcialero local; las pistas automaticas deben contrastarse con la fuente original.
7f57c3234588,1913,1913-09-01,La Prensa,1913-09-01,Prensa o revista,/home/gaizka/Alarde/Revistas y periodicos/1913/1913-09-01 - La Prensa.pdf,Catalogado con pistas automaticas pendientes de verificacion,Alta: texto extraido del PDF,0,7,0,,"Alarde, companias, mandos, musica, ritual, suspensiones/cambios",Referencia localizada por barrido textual,"COTIZACIÓN OFICIAL DÍA 30 DÍA 29 | LA FIESTA DE LOS NIÑOS | Lo batalla de San Marcial. i | Su majestad el Rey, acompañado del prín­ Sucursales del mismo y en las Agencias medad. El mariscal, | cuanto necesitaran para invadir la Pen­ —No puede darse más. Es muy viejo. tada la bandera del regim",Todos los documentos del catalogo forman parte del corpus sanmarcialero local; las pistas automaticas deben contrastarse con la fuente original.
e585a03bc995,1913,1913-09-01,La Publicidad,1913-09-01,Prensa o revista,/home/gaizka/Alarde/Revistas y periodicos/1913/1913-09-01 - La Publicidad.pdf,Catalogado con pistas automaticas pendientes de verificacion,Alta: texto extraido del PDF,0,5,0,,"companias, mandos, musica, ritual, suspensiones/cambios",Referencia localizada por barrido textual,"Consideramos, sin embargo que al tratar un monte, que tapizan de verde las copas de plices y que el | MELILLA PELÍCULAS DEL OÍA | Oviedo, 31.—Llegó el Sr. Altamira. Le re­ nir á toda la gente que le había acompañado á Social se ha | de Enos. quien tenía por amigo incondicional é indiscu­ Aviación. El herido por el auto del gobernad | morar la batalla de San Marcial. París, 3i.—El automóvil que ocupaban el los oídos:",Todos los documentos del catalogo forman parte del corpus sanmarcialero local; las pistas automaticas deben contrastarse con la fuente original.
2700962871e4,1913,1913-09-01,La Tribuna,1913-09-01,Prensa o revista,/home/gaizka/Alarde/Revistas y periodicos/1913/1913-09-01 - La Tribuna.pdf,Catalogado con pistas automaticas pendientes de verificacion,Alta: texto extraido del PDF,0,2,0,,"Alarde, companias, mandos, ritual",Referencia localizada por barrido textual,"ciendo á la compañía de Ingenieros za­ horas semanales Io.s obreros de genero in­ En la calle de Oló | se dice, aunque no pasamos á creerlo, qué . te de Marina, Srv Bustamante ; presiden­ rectamente le h",Todos los documentos del catalogo forman parte del corpus sanmarcialero local; las pistas automaticas deben contrastarse con la fuente original.
7352144268ab,1913,1913-09-01,La voz de Guipuzcoa,1913-09-01,Prensa o revista,/home/gaizka/Alarde/Revistas y periodicos/1913/1913-09-01 - La voz de Guipuzcoa.pdf,Catalogado con pistas automaticas pendientes de verificacion,Media/baja: OCR visual con pasajes detectados,0,2,2,"2, 6",alarde,Referencia localizada por OCR visual; revisar contra imagen original,"a Moche fué tz U ,| conmemor s Independencía: la Go ENENO GE E cjones - afiial as de las oy to de iNantísima: wración do | Da d | :—a\ CASCO G INCLU D I San Marcial, 40; Martín y Casia, Idiáquez, 2; D.",Todos los documentos del catalogo forman parte del corpus sanmarcialero local; las pistas automaticas deben contrastarse con la fuente original.
c164a635bfc4,1913,1913-09-07,Novedades,1913-09-07,Prensa o revista,/home/gaizka/Alarde/Revistas y periodicos/1913/1913-09-07 - Novedades.pdf,Catalogado con pistas automaticas pendientes de verificacion,Alta: texto extraido del PDF,0,6,0,,"Alarde, companias, ritual",Referencia localizada por barrido textual,"DONOSTIAKO UDAL LIBURUTEGIA - BIBLIOTECA MUNICIPAL DE SAN SEBASTIAN | S. M. la R.eina doña Marfa Cr istina, acompañada de la señ orita de Silva. S. M. la Reina Victoria a | de la batalla de San Marcial, en. Irún | len tísimo Ayun tamiento d e Irún, acompañando al b izarro e ir onel d el reglmiento d e San .\la rc | to d e infantería Coronel del rt¡timiento de San Marcial.",Todos los documentos del catalogo forman parte del corpus sanmarcialero local; las pistas automaticas deben contrastarse con la fuente original.
ecb52492ffa6,1914,1914,Programa de fiestas,1914,Programa de fiestas,/home/gaizka/Alarde/Programas de fiestas/1914.pdf,Catalogado con pistas automaticas pendientes de verificacion,Media/baja: OCR visual con pasajes detectados,0,5,5,"3, 4, 5, 6, 7","alarde, caballeria, cantineras, companias, mandos, musica, recorrido",Referencia localizada por OCR visual; revisar contra imagen original,"y 5 de Jullo de 1914, — ¿% | 4 \ e \ rrrz con motivo de las fiestas de — e E San Pedro y San Marcial E EE í Te ÍÍF 647 E | A las sieto y media de la tarde, llegada de la Banda del Regimiento de San Marcial y una Banda de Trompetas de Caballerí | De once á una, las Bandas de San Marcial, «Diapasón» y Municipal ejecutarán un gran concierto en la Plaza de San Juan. | BANDA DE SAN MARCIAL: Plaza de Pí y Margall, Pasco de Colón, calles de Fuenterrabía, Zubinurre, Ferrocarril, Paseo de Co | A las cinco y media, la Banda de San Marcial amenizará como el día anterior la Plaza de Píy Margall K De nueve y media á",Todos los documentos del catalogo forman parte del corpus sanmarcialero local; las pistas automaticas deben contrastarse con la fuente original.
8a2bc04ac708,1914,1914-01-01,Euskal Herria revista bascongada,1914-01-01,Prensa o revista,/home/gaizka/Alarde/Revistas y periodicos/1914/1914-01-01 - Euskal Herria revista bascongada.pdf,Catalogado; pendiente de indice humano,Alta: texto extraido del PDF,0,0,0,,,,,Todos los documentos del catalogo forman parte del corpus sanmarcialero local; las pistas automaticas deben contrastarse con la fuente original.
f5f531170b8a,1914,1914-06-30,El Pueblo Vasco,1914-06-30,Prensa o revista,/home/gaizka/Alarde/Revistas y periodicos/1914/1914-06-30 - El Pueblo Vasco.pdf,Catalogado con pistas automaticas pendientes de verificacion,Media/baja: OCR visual con pasajes detectados,0,2,2,"2, 5","companias, musica",Referencia localizada por OCR visual; revisar contra imagen original,"IH exlensión, de las instelaciones que exje- EIE y son muy IERZ ra uai IE alizar la ejecución de esta obra, la ban- | ca | X — vantas —oaMBIOS DATT ataZ ZZ UR PUZ U DIRE atz dE GO e E ET OE O = — | ficres Barrenechea Hermanos, San Marcial, 31",Todos los documentos del catalogo forman parte del corpus sanmarcialero local; las pistas automaticas deben contrastarse con la fuente original.
1e649204d006,1914,1914-06-30,La Voz de Guipúzcoa - Diario Republicano,1914-06-30,Prensa o revista,/home/gaizka/Alarde/Revistas y periodicos/1914/1914-06-30 - La Voz de Guipúzcoa - Diario Republicano.pdf,Catalogado; pendiente de indice humano,Media/baja: OCR visual sin pasajes detectados,0,0,0,,,,,Todos los documentos del catalogo forman parte del corpus sanmarcialero local; las pistas automaticas deben contrastarse con la fuente original.
df0512d0e04f,1914,1914-07-01,El Pueblo Vasco,1914-07-01,Prensa o revista,/home/gaizka/Alarde/Revistas y periodicos/1914/1914-07-01 - El Pueblo Vasco.pdf,Catalogado con pistas automaticas pendientes de verificacion,Media/baja: OCR visual con pasajes detectados,0,4,4,"1, 2, 5, 6","alarde, ritual",Referencia localizada por OCR visual; revisar contra imagen original,"El cielo le deparó una es- S T aazl aZ y b- de tan claro talento como acendrada fe, S a — MR El alarde y la romeria. | o En la magnífica explanada de San Marcial| Cunón y s distinguida familia. | Venta en las droguerías de los so- Z Ne o -y 0s, póseados, d — | ehtarte> radicantes en Telor, E Cn EA GE re dos gibinot | Nicolás Sainz, San Marcial, 19; Luciano Castro, Larnmendi, 12; Ba- H Además de sus páginas de texto con notables randiar",Todos los documentos del catalogo forman parte del corpus sanmarcialero local; las pistas automaticas deben contrastarse con la fuente original.
46fa3d9cb271,1914,1914-07-01,Euskal Herria revista bascongada,1914-07-01,Prensa o revista,/home/gaizka/Alarde/Revistas y periodicos/1914/1914-07-01 - Euskal Herria revista bascongada.pdf,Catalogado; pendiente de indice humano,Alta: texto extraido del PDF,0,0,0,,,,,Todos los documentos del catalogo forman parte del corpus sanmarcialero local; las pistas automaticas deben contrastarse con la fuente original.
6474d75d1507,1914,1914-07-05,Novedades revista semanal ilustrada,1914-07-05,Prensa o revista,/home/gaizka/Alarde/Revistas y periodicos/1914/1914-07-05 - Novedades revista semanal ilustrada.pdf,Catalogado con pistas automaticas pendientes de verificacion,Alta: texto extraido del PDF,0,4,0,,"cantineras, companias",Referencia localizada por barrido textual,"COS, A ÉMIC05, PRETUBERCULOSOS, CONVALECIENTES, NEURASTÉNICOS GASTA- | DONOSTIAKO UDAL LIBURUTEGIA - BIBLIOTECA MUNICIPAL DE SAN SEBASTIAN | regional de Artes é Industrias, acompañados d el presidente del San ::)..I';t5tián, que el dfa:?7 de | rtapaa arUstlcas para la encuadernación Iones de diol'edades:t . bay, 34) acompañando al envio un so",Todos los documentos del catalogo forman parte del corpus sanmarcialero local; las pistas automaticas deben contrastarse con la fuente original.
07a5f7f4525b,1915,1915-06-30,La Voz de Guipúzcoa - Diario Republicano,1915-06-30,Prensa o revista,/home/gaizka/Alarde/Revistas y periodicos/1915/1915-06-30 - La Voz de Guipúzcoa - Diario Republicano.pdf,Catalogado; pendiente de indice humano,Media/baja: OCR visual sin pasajes detectados,0,0,0,,,,,Todos los documentos del catalogo forman parte del corpus sanmarcialero local; las pistas automaticas deben contrastarse con la fuente original.
e7036d477ae2,1915,1915-07-01,El Correo del Norte,1915-07-01,Prensa o revista,/home/gaizka/Alarde/Revistas y periodicos/1915/1915-07-01 - El Correo del Norte.pdf,Catalogado con pistas automaticas pendientes de verificacion,Media/baja: OCR visual con pasajes detectados,0,2,2,"1, 4","alarde, mandos",Referencia localizada por OCR visual; revisar contra imagen original,"| nativos del Ayuntamiento y de varios particu- | mente el senador vitalicio don Cíndido Lara, tar, porque parece G k ca | E S EA d a e M| iz de San Marcial, 93, esquina a San Ignacio Loyols 9, — SAN r- EA .",Todos los documentos del catalogo forman parte del corpus sanmarcialero local; las pistas automaticas deben contrastarse con la fuente original.
d96313c0503c,1915,1915-07-01,La Voz de Guipúzcoa - Diario Republicano,1915-07-01,Prensa o revista,/home/gaizka/Alarde/Revistas y periodicos/1915/1915-07-01 - La Voz de Guipúzcoa - Diario Republicano.pdf,Catalogado con pistas automaticas pendientes de verificacion,Media/baja: OCR visual con pasajes detectados,0,1,1,3,alarde,Referencia localizada por OCR visual; revisar contra imagen original,"== ia| ANNCIOS EO NÓMICOS ee my m rr .z"":'*T*_\ ASZ | Predos de carges eZ '\'T.."""",ZL.""JL._M ea aaa | dec zz EZ EEE EEET",Todos los documentos del catalogo forman parte del corpus sanmarcialero local; las pistas automaticas deben contrastarse con la fuente original.
17696173410c,1915,1915-07-04,Novedades revista semanal ilustrada,1915-07-04,Prensa o revista,/home/gaizka/Alarde/Revistas y periodicos/1915/1915-07-04 - Novedades revista semanal ilustrada.pdf,Catalogado con pistas automaticas pendientes de verificacion,Alta: texto extraido del PDF,0,3,0,,"Alarde, ritual",Referencia localizada por barrido textual,KRllZ SAN MARCIAL. 31 | La fiesta de San Marcial en Ir ú n | MISCELANEA DE LA GUERRA ••,Todos los documentos del catalogo forman parte del corpus sanmarcialero local; las pistas automaticas deben contrastarse con la fuente original.
9b483f4a3e6c,1916,1916,Programa de fiestas,1916,Programa de fiestas,/home/gaizka/Alarde/Programas de fiestas/1916.pdf,Catalogado con pistas automaticas pendientes de verificacion,Media/baja: OCR visual con pasajes detectados,0,1,1,3,"musica, recorrido, ritual",Referencia localizada por OCR visual; revisar contra imagen original,"De nueve y media á doce de la noche, la Banda ejecutará escogidos bailables en la Plaza de Pí y Margall, recorriendo á c",Todos los documentos del catalogo forman parte del corpus sanmarcialero local; las pistas automaticas deben contrastarse con la fuente original.
c5af17d8e500,1916,1916-06-11,El Bidasoa,1916-06-11,Prensa o revista,/home/gaizka/Alarde/Revistas y periodicos/1916/1916-06-11 - El Bidasoa.pdf,Catalogado con pistas automaticas pendientes de verificacion,Alta: texto extraido del PDF,0,6,0,,"companias, mandos, musica, suspensiones/cambios",Referencia localizada por barrido textual,"EN ENDARLASA Capitán don Juan Ibarra. | La segunda Compañía la constituyen pleto atleta muy conocido en el mundo | don José Iriarte; terminada la ceremo­ La ronda del Capitán, la constituyen | púzcoa, capitán ayudante, jefes y ofi­ Cuerpo de carabineros de costas y tidos tomó parte el Sportin | rá mujer á la suya, sino señora; si vo­ sido insuficiente, se impone al carabi­ soldados, un afectuo",Todos los documentos del catalogo forman parte del corpus sanmarcialero local; las pistas automaticas deben contrastarse con la fuente original.
86dc80c09b85,1916,1916-06-18,El Bidasoa,1916-06-18,Prensa o revista,/home/gaizka/Alarde/Revistas y periodicos/1916/1916-06-18 - El Bidasoa.pdf,Catalogado con pistas automaticas pendientes de verificacion,Alta: texto extraido del PDF,0,6,0,,"Alarde, companias, mandos, ritual",Referencia localizada por barrido textual,"Número 14.—20 de Junio. Por él resulta la otra. diversiones desposeen á aquel lugar la sesión para e | Pero creemos que tampoco, con esto vecindades de la ermita del Jaizquibel menta porque comience el a | bre probo que emite su voto mesura­ honradez. | fiesta de San Marcial. Hablando del en cerrarse las tabernai y los bares? creemos que pasarán rápida | jales se renueven ó se estanquen. Vie­ van acompañadas de buenos deseos.",Todos los documentos del catalogo forman parte del corpus sanmarcialero local; las pistas automaticas deben contrastarse con la fuente original.
465140b73580,1916,1916-06-24,Ecos del Jaizkibel - 038 - Año VI n 179 - 1916 junio 24,1916-06-24,Prensa o revista,/home/gaizka/Alarde/Revistas y periodicos/1916/1916-06-24 - Ecos del Jaizkibel - 038 - Año VI n 179 - 1916 junio 24.pdf,Catalogado con pistas automaticas pendientes de verificacion,Alta: texto extraido del PDF,0,7,0,,"Alarde, mandos, musica, ritual",Referencia localizada por barrido textual,"En la segunda parte llegaron á em pa­ el popular him no de San Marcial. | cado Guillermo. Tu error lo hemos haya esforzado mucho en confeccionar el día de San Marcial. A mi j | de las fiestas de San Pedro y San Marcial. | mente.centenares de miles de seres h u ­ sica tamborrada, que hará su aparición tillas escribe, hici | regresado la señora viuda de Larrañaga. recer— á lajeconómía nacional,puestoque Buen surtido en pañe",Todos los documentos del catalogo forman parte del corpus sanmarcialero local; las pistas automaticas deben contrastarse con la fuente original.
324b7a66185d,1916,1916-06-25,El Bidasoa,1916-06-25,Prensa o revista,/home/gaizka/Alarde/Revistas y periodicos/1916/1916-06-25 - El Bidasoa.pdf,Catalogado con pistas automaticas pendientes de verificacion,Alta: texto extraido del PDF,0,6,0,,"Alarde, cantineras, companias, mandos, musica, ritual",Referencia localizada por barrido textual,"Alarde, con muy buen acuerdo, porque cas; para term inar, no hay motivo co de shot sesgado m arcara | E n defensa del Alarde tará que los paisanos de Irún enel com­ restó alguna animación, sin embargo | Ros, capitán de miqueletes señor Sá- tos argumentillos. Es una antigualla, Francam ente. No nos cabe | de San Marcial! Terminamos nuestro trabajo á hora pendientes, adornó la linda cara de su silenciosa. | guerra, ¡á celebrar el Alarde con más",Todos los documentos del catalogo forman parte del corpus sanmarcialero local; las pistas automaticas deben contrastarse con la fuente original.
044a9dbad6a0,1916,1916-06-30,El Pueblo Vasco,1916-06-30,Prensa o revista,/home/gaizka/Alarde/Revistas y periodicos/1916/1916-06-30 - El Pueblo Vasco.pdf,Catalogado con pistas automaticas pendientes de verificacion,Media/baja: OCR visual con pasajes detectados,0,1,1,4,alarde,Referencia localizada por OCR visual; revisar contra imagen original,"e veraniego realmente extraordinario, O € , N EA Pedro y San Marcial|* cemen: E T de EA EE ETT de | Se prefieren 5 T0s f",Todos los documentos del catalogo forman parte del corpus sanmarcialero local; las pistas automaticas deben contrastarse con la fuente original.
c8d55486c099,1916,1916-07-01,El Pueblo Vasco,1916-07-01,Prensa o revista,/home/gaizka/Alarde/Revistas y periodicos/1916/1916-07-01 - El Pueblo Vasco.pdf,Catalogado con pistas automaticas pendientes de verificacion,Media/baja: OCR visual con pasajes detectados,0,3,3,"2, 4, 6","alarde, companias, mandos, recorrido",Referencia localizada por OCR visual; revisar contra imagen original,"Z irfuj.de instancia presenitada- pz ze | -hoy-en l iz de 18 Solleda: _ n E Tageblatt"" ha sido suspendido por la censura | ordinaria, la Sociedad deportiva J E V'l\_o GOICOEC.E¡L—A y dos, á tin de qué esta última ordene moderen El “kale-gira” | E 46; don Baltasar Labuca, San Marcial, 18; don Gabriel-Díaz, San Marcial, 52; y en otros | enarto.",Todos los documentos del catalogo forman parte del corpus sanmarcialero local; las pistas automaticas deben contrastarse con la fuente original.
8ffd3ceeb692,1916,1916-07-08,Ecos del Jaizkibel - 040 - Año VI n 181 - 1916 julio 8,1916-07-08,Prensa o revista,/home/gaizka/Alarde/Revistas y periodicos/1916/1916-07-08 - Ecos del Jaizkibel - 040 - Año VI n 181 - 1916 julio 8.pdf,Catalogado con pistas automaticas pendientes de verificacion,Alta: texto extraido del PDF,0,3,0,,"Alarde, companias, musica, ritual",Referencia localizada por barrido textual,"ayuda del vicio para enjugar sus lágri­ bañan urotzian erriak otedagozten. Len Buen surtido en pañer | derruido, en la ermita de Santa Elena. una paja..... | hacsn algunos— aunque enemigos del la charanga y la tamborrada, entonando",Todos los documentos del catalogo forman parte del corpus sanmarcialero local; las pistas automaticas deben contrastarse con la fuente original.
49a5eda7ec85,1916,1916-07-09,El Bidasoa,1916-07-09,Prensa o revista,/home/gaizka/Alarde/Revistas y periodicos/1916/1916-07-09 - El Bidasoa.pdf,Catalogado con pistas automaticas pendientes de verificacion,Alta: texto extraido del PDF,0,4,0,,"companias, mandos, musica",Referencia localizada por barrido textual,"El día de San Marcial nos desperta­ que domar. Bueno es que á los niños podemos afirmar que las niña | Estado Mayor formado por los Pedrós, de esta ciudad.... cado, ponemos fin por hoy, en la firme | de S a n A larcia'! •tamborrada», compuesta por los m u­ | vacunas, habiendo aumentado este año y las cantidades destinadas á los mis­ h o y t o d o es c o l o",Todos los documentos del catalogo forman parte del corpus sanmarcialero local; las pistas automaticas deben contrastarse con la fuente original.
3dfeaa1b197b,1917,1917,Programa de fiestas,1917,Programa de fiestas,/home/gaizka/Alarde/Programas de fiestas/1917.pdf,Catalogado con pistas automaticas pendientes de verificacion,Media/baja: OCR visual con pasajes detectados,0,2,2,"1, 3","alarde, musica, recorrido, ritual",Referencia localizada por OCR visual; revisar contra imagen original,"de Julio de 1917, con motivo de las fiestas de m San Pedro y San Marcial m [ | } | E | | De nueve y media á doce de la noche las Bandas de Rentería Ela Ciudad ejecutarán alternativamente bailables en la Plaz",Todos los documentos del catalogo forman parte del corpus sanmarcialero local; las pistas automaticas deben contrastarse con la fuente original.
a1567b291934,1917,1917-06-10,El Bidasoa,1917-06-10,Prensa o revista,/home/gaizka/Alarde/Revistas y periodicos/1917/1917-06-10 - El Bidasoa.pdf,Catalogado con pistas automaticas pendientes de verificacion,Alta: texto extraido del PDF,0,4,0,,"Alarde, companias, ritual",Referencia localizada por barrido textual,"La Compañía estará en la creencia | dejas de plata. Desde Arizcuu hasta to que suprimido el Alarde, lo más ¡Qué suerte de galán! | fiestas de San Marcial que quei’emos sufre en los actuales momentos los | pendones, apóstoles y evangelistas, noticia; es la hora de la gran paz, la festaciones análogas pues",Todos los documentos del catalogo forman parte del corpus sanmarcialero local; las pistas automaticas deben contrastarse con la fuente original.
354daae7cf2b,1917,1917-06-24,El Bidasoa,1917-06-24,Prensa o revista,/home/gaizka/Alarde/Revistas y periodicos/1917/1917-06-24 - El Bidasoa.pdf,Catalogado con pistas automaticas pendientes de verificacion,Alta: texto extraido del PDF,0,6,0,,"Alarde, companias, musica, ritual",Referencia localizada por barrido textual,"Frases de confraternidad, votos por | alarde, nuestra tiesta tipica, sino de do alguno y permita á su apetitosa El día de San Pedro, la Ba | correr cientos do m uclnchiis entre grama de las fiestas de San Marcial: BELLEZA DE LAS UÑAS — El mi | hacen milagros.... el alarde, si, pero pregunta relacionada con los próxi­ | oscuro linaje, estudioso, trabajador, Ayuntamiento de Irú n se recibiera compañera la Srta. Casiana",Todos los documentos del catalogo forman parte del corpus sanmarcialero local; las pistas automaticas deben contrastarse con la fuente original.
1a02c3025deb,1917,1917-06-28,El porvenir,1917-06-28,Prensa o revista,/home/gaizka/Alarde/Revistas y periodicos/1917/1917-06-28 - El porvenir.pdf,Catalogado con pistas automaticas pendientes de verificacion,Alta: texto extraido del PDF,0,6,0,,"Alarde, companias, mandos, ritual, suspensiones/cambios",Referencia localizada por barrido textual,": N UM ERO SUELTO. 10 C E N T IM O S : | artillería gruesa a Biarritz. Esto les siempre es el i)ortavüz de la | brado Capitán (ieneral de Guipúz­ Ca pitá ti (ieneral, píU'a arrenu'ler á tos anhelos del pueblo, re | esa hacia la parte de Francia. dia de San Marcial, se erigió la er­ más atención é íntei'és (|ue la | jir a al histórico monte de San Marcial pie-",Todos los documentos del catalogo forman parte del corpus sanmarcialero local; las pistas automaticas deben contrastarse con la fuente original.
484036ebf540,1917,1917-06-29,El Bidasoa,1917-06-29,Prensa o revista,/home/gaizka/Alarde/Revistas y periodicos/1917/1917-06-29 - El Bidasoa.pdf,Catalogado con pistas automaticas pendientes de verificacion,Alta: texto extraido del PDF,0,8,0,,"Alarde, companias, mandos, musica",Referencia localizada por barrido textual,"artillería del castillo de Behobia» Pero tubo al conductor de aguas sucias de que en camisa de dormi | bres de la Compañía de Tolosa; se de mi estatua. señorita del pueblo utiliza para hacer | día de San Pedro hará próximamente unas pesetas!..... Asi consta en la declaración de obtener. San M | el alarde] para acertar en tu juicio, cuajados de fruto, han sido descorte­ | lorial partido á rebote, que en esta de que el alarde v\ve. Par a mañana Falleció á los veintiocho a",Todos los documentos del catalogo forman parte del corpus sanmarcialero local; las pistas automaticas deben contrastarse con la fuente original.
e6ac7ead1390,1917,1917-06-30,La Voz de Guipúzcoa - Diario Republicano,1917-06-30,Prensa o revista,/home/gaizka/Alarde/Revistas y periodicos/1917/1917-06-30 - La Voz de Guipúzcoa - Diario Republicano.pdf,Catalogado con pistas automaticas pendientes de verificacion,Media/baja: OCR visual con pasajes detectados,0,1,1,4,alarde,Referencia localizada por OCR visual; revisar contra imagen original,San Marcial.,Todos los documentos del catalogo forman parte del corpus sanmarcialero local; las pistas automaticas deben contrastarse con la fuente original.
69c580da1c0a,1917,1917-07-01,La Voz de Guipúzcoa - Diario Republicano,1917-07-01,Prensa o revista,/home/gaizka/Alarde/Revistas y periodicos/1917/1917-07-01 - La Voz de Guipúzcoa - Diario Republicano.pdf,Catalogado; pendiente de indice humano,Media/baja: OCR visual sin pasajes detectados,0,0,0,,,,,Todos los documentos del catalogo forman parte del corpus sanmarcialero local; las pistas automaticas deben contrastarse con la fuente original.
6fe2bbea25d3,1918,1918-05-26,El Bidasoa,1918-05-26,Prensa o revista,/home/gaizka/Alarde/Revistas y periodicos/1918/1918-05-26 - El Bidasoa.pdf,Indice real iniciado con entrada curada,Alta: texto extraido del PDF,1,7,0,,"Alarde, companias, continuidad ritual, mandos, musica, ritual, suspension",Integrado en Historia | Referencia localizada por barrido textual,"Jornada sin Alarde completo pero con diana, banda, tamborrada, subida, misa y regreso",Todos los documentos del catalogo forman parte del corpus sanmarcialero local; las pistas automaticas deben contrastarse con la fuente original.
7655f9396918,1918,1918-06-02,El Bidasoa,1918-06-02,Prensa o revista,/home/gaizka/Alarde/Revistas y periodicos/1918/1918-06-02 - El Bidasoa.pdf,Indice real iniciado con entrada curada,Alta: texto extraido del PDF,1,4,0,,"companias, continuidad ritual, musica, ritual, suspension",Integrado en Historia | Referencia localizada por barrido textual,"Jornada sin Alarde completo pero con diana, banda, tamborrada, subida, misa y regreso",Todos los documentos del catalogo forman parte del corpus sanmarcialero local; las pistas automaticas deben contrastarse con la fuente original.
be500a568bca,1918,1918-06-29,El Bidasoa,1918-06-29,Prensa o revista,/home/gaizka/Alarde/Revistas y periodicos/1918/1918-06-29 - El Bidasoa.pdf,Indice real iniciado con entrada curada,Alta: texto extraido del PDF,1,8,0,,"Alarde, cantineras, companias, continuidad ritual, mandos, musica, ritual, suspension",Integrado en Historia | Referencia localizada por barrido textual,"Jornada sin Alarde completo pero con diana, banda, tamborrada, subida, misa y regreso",Todos los documentos del catalogo forman parte del corpus sanmarcialero local; las pistas automaticas deben contrastarse con la fuente original.
9bb08063d4de,1918,1918-06-30,La Voz de Guipúzcoa - Diario Republicano,1918-06-30,Prensa o revista,/home/gaizka/Alarde/Revistas y periodicos/1918/1918-06-30 - La Voz de Guipúzcoa - Diario Republicano.pdf,Indice real iniciado con entrada curada,Media/baja: OCR visual con pasajes detectados,1,1,1,6,"continuidad ritual, recorrido, suspension",Integrado en Historia | Referencia localizada por OCR visual; revisar contra imagen original,"Jornada sin Alarde completo pero con diana, banda, tamborrada, subida, misa y regreso",Todos los documentos del catalogo forman parte del corpus sanmarcialero local; las pistas automaticas deben contrastarse con la fuente original.
7e28fd42b80c,1918,1918-07-01,El Pueblo Vasco,1918-07-01,Prensa o revista,/home/gaizka/Alarde/Revistas y periodicos/1918/1918-07-01 - El Pueblo Vasco.pdf,Indice real iniciado con entrada curada,Media/baja: OCR visual con pasajes detectados,1,1,1,2,"alarde, continuidad ritual, suspension",Integrado en Historia | Referencia localizada por OCR visual; revisar contra imagen original,"Jornada sin Alarde completo pero con diana, banda, tamborrada, subida, misa y regreso",Todos los documentos del catalogo forman parte del corpus sanmarcialero local; las pistas automaticas deben contrastarse con la fuente original.
e92d4c2f94c3,1918,1918-07-01,La información - Diario independiente - La Información diario independiente,1918-07-01,Prensa o revista,/home/gaizka/Alarde/Revistas y periodicos/1918/1918-07-01 - La información - Diario independiente - La Información diario independiente.pdf,Indice real iniciado con entrada curada,Media/baja: OCR visual con pasajes detectados,1,1,1,1,"alarde, continuidad ritual, suspension",Integrado en Historia | Referencia localizada por OCR visual; revisar contra imagen original,"Jornada sin Alarde completo pero con diana, banda, tamborrada, subida, misa y regreso",Todos los documentos del catalogo forman parte del corpus sanmarcialero local; las pistas automaticas deben contrastarse con la fuente original.
b176a29af2d3,1918,1918-07-07,El Bidasoa,1918-07-07,Prensa o revista,/home/gaizka/Alarde/Revistas y periodicos/1918/1918-07-07 - El Bidasoa.pdf,Indice real iniciado con entrada curada,Alta: texto extraido del PDF,1,7,0,,"Alarde, companias, continuidad ritual, mandos, musica, ritual, suspension, suspensiones/cambios",Integrado en Historia | Referencia localizada por barrido textual,"Jornada sin Alarde completo pero con diana, banda, tamborrada, subida, misa y regreso",Todos los documentos del catalogo forman parte del corpus sanmarcialero local; las pistas automaticas deben contrastarse con la fuente original.
3ba359a09ace,1919,1919,El Alarde - núm. 1,1919,Prensa o revista,/home/gaizka/Alarde/Revistas y periodicos/1919/1919 - El Alarde - núm. 1.pdf,Indice real iniciado con entrada curada,Media/baja: OCR visual con pasajes detectados,1,4,4,"1, 2, 3, 4","alarde, mandos, recorrido, relaciones fronterizas, restitucion",Integrado en Historia y Composicion | Referencia localizada por OCR visual; revisar contra imagen original,"Preparativos de la restitucion, General Pedros, Zacarias Goyenechea, invitaciones a Hendaia/Biriatu/Urruna",Todos los documentos del catalogo forman parte del corpus sanmarcialero local; las pistas automaticas deben contrastarse con la fuente original.
6b9441e75220,1919,1919,El Alarde - núm. 2,1919,Prensa o revista,/home/gaizka/Alarde/Revistas y periodicos/1919/1919 - El Alarde - núm. 2.pdf,Indice real iniciado con entrada curada,Media/baja: OCR visual con pasajes detectados,1,4,4,"1, 2, 3, 4","alarde, mandos, relaciones fronterizas, restitucion",Integrado en Historia y Composicion | Referencia localizada por OCR visual; revisar contra imagen original,"Preparativos de la restitucion, General Pedros, Zacarias Goyenechea, invitaciones a Hendaia/Biriatu/Urruna",Todos los documentos del catalogo forman parte del corpus sanmarcialero local; las pistas automaticas deben contrastarse con la fuente original.
512f3dbb58c7,1919,1919,El Alarde - núm. 3,1919,Prensa o revista,/home/gaizka/Alarde/Revistas y periodicos/1919/1919 - El Alarde - núm. 3.pdf,Indice real iniciado con entrada curada,Media/baja: OCR visual con pasajes detectados,1,4,4,"1, 2, 3, 4","alarde, companias, mandos, musica, recorrido, relaciones fronterizas, restitucion",Integrado en Historia y Composicion | Referencia localizada por OCR visual; revisar contra imagen original,"Preparativos de la restitucion, General Pedros, Zacarias Goyenechea, invitaciones a Hendaia/Biriatu/Urruna",Todos los documentos del catalogo forman parte del corpus sanmarcialero local; las pistas automaticas deben contrastarse con la fuente original.
3f3a574e0f0a,1919,1919,El Alarde - núm. 4,1919,Prensa o revista,/home/gaizka/Alarde/Revistas y periodicos/1919/1919 - El Alarde - núm. 4.pdf,Indice real iniciado con entrada curada,Media/baja: OCR visual con pasajes detectados,1,2,2,"1, 4","alarde, mandos, relaciones fronterizas, restitucion",Integrado en Historia y Composicion | Referencia localizada por OCR visual; revisar contra imagen original,"Preparativos de la restitucion, General Pedros, Zacarias Goyenechea, invitaciones a Hendaia/Biriatu/Urruna",Todos los documentos del catalogo forman parte del corpus sanmarcialero local; las pistas automaticas deben contrastarse con la fuente original.
7f647714c360,1919,1919,Programa de fiestas,1919,Programa de fiestas,/home/gaizka/Alarde/Programas de fiestas/1919.pdf,Catalogado con pistas automaticas pendientes de verificacion,Media/baja: OCR visual con pasajes detectados,0,3,3,"4, 5, 8","companias, mandos, musica, recorrido, ritual",Referencia localizada por OCR visual; revisar contra imagen original,orredores).—Copa Serrano (para el Club que mayor número de concurrentes clasifique y mejor puntuación chtenga en la clas | Las fuerzas que han A la misma hora el General que ha de mandar las de tomar parte en el Alarde se reunirán en la Plaza | Pasaje localizado por OCR visual,Todos los documentos del catalogo forman parte del corpus sanmarcialero local; las pistas automaticas deben contrastarse con la fuente original.
9f10d81a3ccd,1919,1919-05-18,El Bidasoa,1919-05-18,Prensa o revista,/home/gaizka/Alarde/Revistas y periodicos/1919/1919-05-18 - El Bidasoa.pdf,Indice real iniciado con entrada curada,Alta: texto extraido del PDF,1,5,0,,"Alarde, companias, mandos, relaciones fronterizas, restitucion, suspensiones/cambios",Integrado en Historia y Composicion | Referencia localizada por barrido textual,"Preparativos de la restitucion, General Pedros, Zacarias Goyenechea, invitaciones a Hendaia/Biriatu/Urruna",Todos los documentos del catalogo forman parte del corpus sanmarcialero local; las pistas automaticas deben contrastarse con la fuente original.
11e4b767dfba,1919,1919-06-15,El Bidasoa,1919-06-15,Prensa o revista,/home/gaizka/Alarde/Revistas y periodicos/1919/1919-06-15 - El Bidasoa.pdf,Indice real iniciado con entrada curada,Alta: texto extraido del PDF,1,7,0,,"Alarde, cantineras, companias, mandos, musica, relaciones fronterizas, restitucion, suspensiones/cambios",Integrado en Historia y Composicion | Referencia localizada por barrido textual,"Preparativos de la restitucion, General Pedros, Zacarias Goyenechea, invitaciones a Hendaia/Biriatu/Urruna",Todos los documentos del catalogo forman parte del corpus sanmarcialero local; las pistas automaticas deben contrastarse con la fuente original.
9f391f322753,1919,1919-06-21,Ecos del Jaizkibel - 092 - Año VII n 334 - 1919 junio 21,1919-06-21,Prensa o revista,/home/gaizka/Alarde/Revistas y periodicos/1919/1919-06-21 - Ecos del Jaizkibel - 092 - Año VII n 334 - 1919 junio 21.pdf,Indice real iniciado con entrada curada,Alta: texto extraido del PDF,1,2,0,,"Alarde, mandos, relaciones fronterizas, restitucion, ritual",Integrado en Historia y Composicion | Referencia localizada por barrido textual,"Preparativos de la restitucion, General Pedros, Zacarias Goyenechea, invitaciones a Hendaia/Biriatu/Urruna",Todos los documentos del catalogo forman parte del corpus sanmarcialero local; las pistas automaticas deben contrastarse con la fuente original.
25f7966b82e6,1919,1919-06-22,El Bidasoa,1919-06-22,Prensa o revista,/home/gaizka/Alarde/Revistas y periodicos/1919/1919-06-22 - El Bidasoa.pdf,Indice real iniciado con entrada curada,Alta: texto extraido del PDF,1,6,0,,"Alarde, companias, mandos, musica, relaciones fronterizas, restitucion",Integrado en Historia y Composicion | Referencia localizada por barrido textual,"Preparativos de la restitucion, General Pedros, Zacarias Goyenechea, invitaciones a Hendaia/Biriatu/Urruna",Todos los documentos del catalogo forman parte del corpus sanmarcialero local; las pistas automaticas deben contrastarse con la fuente original.
78e21c3705bd,1919,1919-06-28,Ecos del Jaizkibel - 093 - Año VII n 335 - 1919 junio 28,1919-06-28,Prensa o revista,/home/gaizka/Alarde/Revistas y periodicos/1919/1919-06-28 - Ecos del Jaizkibel - 093 - Año VII n 335 - 1919 junio 28.pdf,Indice real iniciado con entrada curada,Alta: texto extraido del PDF,1,3,0,,"Alarde, mandos, relaciones fronterizas, restitucion",Integrado en Historia y Composicion | Referencia localizada por barrido textual,"Preparativos de la restitucion, General Pedros, Zacarias Goyenechea, invitaciones a Hendaia/Biriatu/Urruna",Todos los documentos del catalogo forman parte del corpus sanmarcialero local; las pistas automaticas deben contrastarse con la fuente original.
ab35be9f519d,1919,1919-06-30,La Voz de Guipúzcoa - Diario Republicano,1919-06-30,Prensa o revista,/home/gaizka/Alarde/Revistas y periodicos/1919/1919-06-30 - La Voz de Guipúzcoa - Diario Republicano.pdf,Indice real iniciado con entrada curada,Media/baja: OCR visual sin pasajes detectados,1,0,0,,"mandos, relaciones fronterizas, restitucion",Integrado en Historia y Composicion,"Preparativos de la restitucion, General Pedros, Zacarias Goyenechea, invitaciones a Hendaia/Biriatu/Urruna",Todos los documentos del catalogo forman parte del corpus sanmarcialero local; las pistas automaticas deben contrastarse con la fuente original.
9a0a5dd0b2c1,1919,1919-07-01,El Pueblo Vasco,1919-07-01,Prensa o revista,/home/gaizka/Alarde/Revistas y periodicos/1919/1919-07-01 - El Pueblo Vasco.pdf,Indice real iniciado con entrada curada,Media/baja: OCR visual con pasajes detectados,1,4,4,"1, 4, 5, 6","alarde, caballeria, mandos, relaciones fronterizas, restitucion",Integrado en Historia y Composicion | Referencia localizada por OCR visual; revisar contra imagen original,"Preparativos de la restitucion, General Pedros, Zacarias Goyenechea, invitaciones a Hendaia/Biriatu/Urruna",Todos los documentos del catalogo forman parte del corpus sanmarcialero local; las pistas automaticas deben contrastarse con la fuente original.
5b542d28a9f6,1919,1919-07-01,La Voz de Guipúzcoa - Diario Republicano,1919-07-01,Prensa o revista,/home/gaizka/Alarde/Revistas y periodicos/1919/1919-07-01 - La Voz de Guipúzcoa - Diario Republicano.pdf,Indice real iniciado con entrada curada,Media/baja: OCR visual con pasajes detectados,1,2,2,"4, 7","alarde, artilleria, companias, mandos, musica, relaciones fronterizas, restitucion",Integrado en Historia y Composicion | Referencia localizada por OCR visual; revisar contra imagen original,"Preparativos de la restitucion, General Pedros, Zacarias Goyenechea, invitaciones a Hendaia/Biriatu/Urruna",Todos los documentos del catalogo forman parte del corpus sanmarcialero local; las pistas automaticas deben contrastarse con la fuente original.
7fe21dc7b1ab,1919,1919-07-01,La información - Diario independiente - La Información diario independiente,1919-07-01,Prensa o revista,/home/gaizka/Alarde/Revistas y periodicos/1919/1919-07-01 - La información - Diario independiente - La Información diario independiente.pdf,Indice real iniciado con entrada curada,Media/baja: OCR visual con pasajes detectados,1,2,2,"1, 4","alarde, mandos, relaciones fronterizas, restitucion",Integrado en Historia y Composicion | Referencia localizada por OCR visual; revisar contra imagen original,"Preparativos de la restitucion, General Pedros, Zacarias Goyenechea, invitaciones a Hendaia/Biriatu/Urruna",Todos los documentos del catalogo forman parte del corpus sanmarcialero local; las pistas automaticas deben contrastarse con la fuente original.
2c65f18c5979,1919,1919-07-03,La Tribuna,1919-07-03,Prensa o revista,/home/gaizka/Alarde/Revistas y periodicos/1919/1919-07-03 - La Tribuna.pdf,Indice real iniciado con entrada curada,Alta: texto extraido del PDF,1,2,0,,"cantineras, companias, mandos, relaciones fronterizas, restitucion",Integrado en Historia y Composicion | Referencia localizada por barrido textual,"Preparativos de la restitucion, General Pedros, Zacarias Goyenechea, invitaciones a Hendaia/Biriatu/Urruna",Todos los documentos del catalogo forman parte del corpus sanmarcialero local; las pistas automaticas deben contrastarse con la fuente original.
fbf5948ee192,1919,1919-07-03,La Tribuna (2),1919-07-03,Prensa o revista,/home/gaizka/Alarde/Revistas y periodicos/1919/1919-07-03 - La Tribuna (2).pdf,Indice real iniciado con entrada curada,Alta: texto extraido del PDF,1,2,0,,"cantineras, companias, mandos, relaciones fronterizas, restitucion",Integrado en Historia y Composicion | Referencia localizada por barrido textual,"Preparativos de la restitucion, General Pedros, Zacarias Goyenechea, invitaciones a Hendaia/Biriatu/Urruna",Todos los documentos del catalogo forman parte del corpus sanmarcialero local; las pistas automaticas deben contrastarse con la fuente original.
1a30ad7593f2,1919,1919-07-04,El Fígaro,1919-07-04,Prensa o revista,/home/gaizka/Alarde/Revistas y periodicos/1919/1919-07-04 - El Fígaro.pdf,Indice real iniciado con entrada curada,Alta: texto extraido del PDF,1,3,0,,"cantineras, companias, mandos, musica, relaciones fronterizas, restitucion, ritual, suspensiones/cambios",Integrado en Historia y Composicion | Referencia localizada por barrido textual,"Preparativos de la restitucion, General Pedros, Zacarias Goyenechea, invitaciones a Hendaia/Biriatu/Urruna",Todos los documentos del catalogo forman parte del corpus sanmarcialero local; las pistas automaticas deben contrastarse con la fuente original.
7a9eefa8c6cf,1919,1919-07-05,Ecos del Jaizkibel - 094 - Año VII n 336 - 1919 julio 5,1919-07-05,Prensa o revista,/home/gaizka/Alarde/Revistas y periodicos/1919/1919-07-05 - Ecos del Jaizkibel - 094 - Año VII n 336 - 1919 julio 5.pdf,Indice real iniciado con entrada curada,Alta: texto extraido del PDF,1,3,0,,"Alarde, mandos, relaciones fronterizas, restitucion",Integrado en Historia y Composicion | Referencia localizada por barrido textual,"Preparativos de la restitucion, General Pedros, Zacarias Goyenechea, invitaciones a Hendaia/Biriatu/Urruna",Todos los documentos del catalogo forman parte del corpus sanmarcialero local; las pistas automaticas deben contrastarse con la fuente original.
a0ce97fbe3ef,1919,1919-07-06,El Bidasoa,1919-07-06,Prensa o revista,/home/gaizka/Alarde/Revistas y periodicos/1919/1919-07-06 - El Bidasoa.pdf,Indice real iniciado con entrada curada,Alta: texto extraido del PDF,1,7,0,,"Alarde, cantineras, companias, mandos, musica, relaciones fronterizas, restitucion, ritual",Integrado en Historia y Composicion | Referencia localizada por barrido textual,"Preparativos de la restitucion, General Pedros, Zacarias Goyenechea, invitaciones a Hendaia/Biriatu/Urruna",Todos los documentos del catalogo forman parte del corpus sanmarcialero local; las pistas automaticas deben contrastarse con la fuente original.
acd5a435d827,1920,1920,Programa de fiestas,1920,Programa de fiestas,/home/gaizka/Alarde/Programas de fiestas/1920.pdf,Catalogado con pistas automaticas pendientes de verificacion,Media/baja: OCR visual con pasajes detectados,0,1,1,5,mandos,Referencia localizada por OCR visual; revisar contra imagen original,"- s | E A la misma hora, el General que ha de mandar las « | | = fuerzas del ALARDE en unión de su Estado Mayor, revis-",Todos los documentos del catalogo forman parte del corpus sanmarcialero local; las pistas automaticas deben contrastarse con la fuente original.
9eabf791eb03,1920,1920-06-30,El Pueblo Vasco,1920-06-30,Prensa o revista,/home/gaizka/Alarde/Revistas y periodicos/1920/1920-06-30 - El Pueblo Vasco.pdf,Catalogado con pistas automaticas pendientes de verificacion,Media/baja: OCR visual con pasajes detectados,0,3,3,"2, 3, 6","alarde, mandos, musica",Referencia localizada por OCR visual; revisar contra imagen original,"— d'San Marcial, púra a bi Rome. | — o y había un verdadero alarde de fuerzas | A pupin (Boucau>), 7 Vaya, pues, nuestro apliuso. | Fermín | sus casas Invor continua y fácil, dirijañge Lo- | pots), — Toca, Easo, San Marcial, Eguía, Antiguo, Sán SE OFRE",Todos los documentos del catalogo forman parte del corpus sanmarcialero local; las pistas automaticas deben contrastarse con la fuente original.
eca8775ec3e4,1920,1920-07-01,El Pueblo Vasco,1920-07-01,Prensa o revista,/home/gaizka/Alarde/Revistas y periodicos/1920/1920-07-01 - El Pueblo Vasco.pdf,Catalogado con pistas automaticas pendientes de verificacion,Media/baja: OCR visual con pasajes detectados,0,1,1,5,alarde,Referencia localizada por OCR visual; revisar contra imagen original,"Tnformarán-callo SAN MARCIAL, q y Darín razón eu rz Administración, E E rrrz B mmero 32, linternerfa, n Zarauz — — |.",Todos los documentos del catalogo forman parte del corpus sanmarcialero local; las pistas automaticas deben contrastarse con la fuente original.
59c3ee09ea9d,1920,1920-07-01,La Voz de Guipúzcoa - Diario Republicano,1920-07-01,Prensa o revista,/home/gaizka/Alarde/Revistas y periodicos/1920/1920-07-01 - La Voz de Guipúzcoa - Diario Republicano.pdf,Catalogado con pistas automaticas pendientes de verificacion,Media/baja: OCR visual con pasajes detectados,0,2,2,"4, 7",alarde,Referencia localizada por OCR visual; revisar contra imagen original,"-- Eondres, denominado par e ata- aciablos de dos pueblos reaparecen celip- ee de eaj de madera y — E e E de S le E SKT | ——""""'L—M*'—'M—:—aummámnu:—a.— m _-s…'.:.'“.,.._-v.....… S, SOZ E EEE IEZ EEE EE E EEE ia ral m i a en ln an NN ur eze as",Todos los documentos del catalogo forman parte del corpus sanmarcialero local; las pistas automaticas deben contrastarse con la fuente original.
b3c73b03a28b,1920,1920-07-01,La información - Diario independiente - La Información diario independiente,1920-07-01,Prensa o revista,/home/gaizka/Alarde/Revistas y periodicos/1920/1920-07-01 - La información - Diario independiente - La Información diario independiente.pdf,Catalogado con pistas automaticas pendientes de verificacion,Media/baja: OCR visual con pasajes detectados,0,4,4,"1, 3, 4, 8","alarde, companias, mandos, recorrido",Referencia localizada por OCR visual; revisar contra imagen original,"O sea, que el Go- — — E bierno ismo marca el camino que se La tropa del Alarde celebrado ayer en Trún, en marcha. | pilla y GE dz de la Virgen Sartisi- n y S ESVANECIEN ERRORES S DIA DE SAN MARCIAL | LEE 0s de < K 5e urr mucho l ;¡Aua_c | IZ ongamiza- | b en Elber: ESTACIÓN £ e ionadas disposicio: - Ea BE érci O es “Jamboree”, H M A b pactos por escrito mm& | NECROLOGICA E El general del Alarde de Irún, señor Villanueva dando órdenes a los Capitanes de compañias.",Todos los documentos del catalogo forman parte del corpus sanmarcialero local; las pistas automaticas deben contrastarse con la fuente original.
6d0fab7b149c,1921,1921,Programa de fiestas,1921,Programa de fiestas,/home/gaizka/Alarde/Programas de fiestas/1921.pdf,Catalogado con pistas automaticas pendientes de verificacion,Media/baja: OCR visual con pasajes detectados,0,3,3,"3, 4, 5","companias, mandos, musica, recorrido, ritual",Referencia localizada por OCR visual; revisar contra imagen original,"/ ITINERARIO \ SALIDA.—Paseo de Colón, calle de la Aduana, Elizacho, carre- L tera general hacia Irún, calle de Artalecu | A la misma hora, el General que ha de mandar las fuerzas del ALARDE, en unión de su Estado Mayor, D revistarán en las ce | —Las fuerzas que han de tomar parte en el ALARDE, se reunirán en la Plaza de Urdanibia á las ; órdenes del Comandante y",Todos los documentos del catalogo forman parte del corpus sanmarcialero local; las pistas automaticas deben contrastarse con la fuente original.
27d965980124,1921,1921-06-26,El Bidasoa,1921-06-26,Prensa o revista,/home/gaizka/Alarde/Revistas y periodicos/1921/1921-06-26 - El Bidasoa.pdf,Indice real iniciado con entrada curada,Alta: texto extraido del PDF,1,7,0,,"Alarde, Eusebio Pedros, autoridad, caracter marcial, companias, disciplina, mandos",Integrado en General y ficha Pedros | Referencia localizada por barrido textual,"""El General del Alarde""",Todos los documentos del catalogo forman parte del corpus sanmarcialero local; las pistas automaticas deben contrastarse con la fuente original.
44ae8bfa3db2,1921,1921-06-30,El Pueblo Vasco,1921-06-30,Prensa o revista,/home/gaizka/Alarde/Revistas y periodicos/1921/1921-06-30 - El Pueblo Vasco.pdf,Indice real iniciado con entrada curada,Media/baja: OCR visual con pasajes detectados,1,1,1,3,"Eusebio Pedros, autoridad, caracter marcial, companias, disciplina",Integrado en General y ficha Pedros | Referencia localizada por OCR visual; revisar contra imagen original,"""El General del Alarde""",Todos los documentos del catalogo forman parte del corpus sanmarcialero local; las pistas automaticas deben contrastarse con la fuente original.
303c990d506a,1921,1921-06-30,La Voz de Guipúzcoa - Diario Republicano,1921-06-30,Prensa o revista,/home/gaizka/Alarde/Revistas y periodicos/1921/1921-06-30 - La Voz de Guipúzcoa - Diario Republicano.pdf,Indice real iniciado con entrada curada,Media/baja: OCR visual con pasajes detectados,1,2,2,"6, 12","Eusebio Pedros, alarde, autoridad, caracter marcial, disciplina",Integrado en General y ficha Pedros | Referencia localizada por OCR visual; revisar contra imagen original,"""El General del Alarde""",Todos los documentos del catalogo forman parte del corpus sanmarcialero local; las pistas automaticas deben contrastarse con la fuente original.
f07216ce84f8,1921,1921-07-01,La Voz de Guipúzcoa - Diario Republicano,1921-07-01,Prensa o revista,/home/gaizka/Alarde/Revistas y periodicos/1921/1921-07-01 - La Voz de Guipúzcoa - Diario Republicano.pdf,Indice real iniciado con entrada curada,Media/baja: OCR visual con pasajes detectados,1,3,3,"3, 10, 12","Eusebio Pedros, alarde, autoridad, caracter marcial, disciplina",Integrado en General y ficha Pedros | Referencia localizada por OCR visual; revisar contra imagen original,"""El General del Alarde""",Todos los documentos del catalogo forman parte del corpus sanmarcialero local; las pistas automaticas deben contrastarse con la fuente original.
757f1b6439d3,1921,1921-07-03,El Bidasoa,1921-07-03,Prensa o revista,/home/gaizka/Alarde/Revistas y periodicos/1921/1921-07-03 - El Bidasoa.pdf,Indice real iniciado con entrada curada,Alta: texto extraido del PDF,1,6,0,,"Alarde, Eusebio Pedros, autoridad, caracter marcial, companias, disciplina, mandos, musica",Integrado en General y ficha Pedros | Referencia localizada por barrido textual,"""El General del Alarde""",Todos los documentos del catalogo forman parte del corpus sanmarcialero local; las pistas automaticas deben contrastarse con la fuente original.
3375bb2e39d6,1922,1922,Programa de fiestas,1922,Programa de fiestas,/home/gaizka/Alarde/Programas de fiestas/1922.pdf,Catalogado con pistas automaticas pendientes de verificacion,Media/baja: OCR visual con pasajes detectados,0,3,3,"3, 4, 5","mandos, musica, recorrido, ritual",Referencia localizada por OCR visual; revisar contra imagen original,"odobles y á con- == h = tinuación se organiza- = ¿= celebrará una VISTOSA RETRETA da por la í;: & — popular Sociedad loc | —El entusiasta errikosheme don %í' S Eusebio Pedrós, General de las fuerzas del ALARDE, en = = unión de su Estado Mayor, | = = = Alasseis de la mañana.—La Banda municipal ejecutará =e Y ee en los puntos de costumbre, la magnífica = | E DIADA d",Todos los documentos del catalogo forman parte del corpus sanmarcialero local; las pistas automaticas deben contrastarse con la fuente original.
c49dd71218f1,1922,1922-06-04,El Bidasoa,1922-06-04,Prensa o revista,/home/gaizka/Alarde/Revistas y periodicos/1922/1922-06-04 - El Bidasoa.pdf,Catalogado con pistas automaticas pendientes de verificacion,Alta: texto extraido del PDF,0,7,0,,"Alarde, companias, mandos, ritual, suspensiones/cambios",Referencia localizada por barrido textual,"Rodríguez, para ampliar una puerta va en contra de las Ordenanzas m uni­ ¡Viva Irún! ¡Viva el Real U | algunos que yo me sé voto particular al informe en el senti­ món Garmendia, y, también, un nu ­ | años... Esta fiesta del Alarde, aparte | el Alarde. Es cierto que la firma del | niños y caballeros. Crespones de Chi­",Todos los documentos del catalogo forman parte del corpus sanmarcialero local; las pistas automaticas deben contrastarse con la fuente original.
45ecf9f6b22d,1922,1922-06-11,El Bidasoa,1922-06-11,Prensa o revista,/home/gaizka/Alarde/Revistas y periodicos/1922/1922-06-11 - El Bidasoa.pdf,Catalogado con pistas automaticas pendientes de verificacion,Alta: texto extraido del PDF,0,7,0,,"Alarde, companias",Referencia localizada por barrido textual,"Domicilio: Casa Antzaran irún 11 Junio 1922. hay un día de San Marcial sin lluvia, trozados y mucho tiempo perdido; | J. CARREDANO Y C,“ | Su desconsolada esposa doña Tomasa Errandonea; hijos Juana, Domin­ La lucha fué como la de los gran­ | Tesorero: Don Ferm in Sierra (reelegido). _ — Para San Pedro y San Marcial es­ | qué pareja apuestas? Se extienden tu s selvas en pródigo alarde, de reconocimiento de los antiguos d",Todos los documentos del catalogo forman parte del corpus sanmarcialero local; las pistas automaticas deben contrastarse con la fuente original.
bfa340c623aa,1922,1922-06-25,El Bidasoa,1922-06-25,Prensa o revista,/home/gaizka/Alarde/Revistas y periodicos/1922/1922-06-25 - El Bidasoa.pdf,Catalogado con pistas automaticas pendientes de verificacion,Alta: texto extraido del PDF,0,4,0,,"Alarde, companias, musica",Referencia localizada por barrido textual,"Germán Saura Villaverde compañero señor García. Al arrancar guiente programa: ta Arrieta; Dolorex, s | Retenaga Les acompaña en calidad de técnico en bien de la cultura de nuestro que­ Agradece el señor | de cariño entre los pueblos; quienes por el cínico alarde del hombre, que, incruento, | sabrosa juerguecita, con motivo de la reposa ante el misterio que en sus pupilas veo. más bien propi",Todos los documentos del catalogo forman parte del corpus sanmarcialero local; las pistas automaticas deben contrastarse con la fuente original.
7b8c0e2488fa,1922,1922-06-30,El Pueblo Vasco,1922-06-30,Prensa o revista,/home/gaizka/Alarde/Revistas y periodicos/1922/1922-06-30 - El Pueblo Vasco.pdf,Catalogado con pistas automaticas pendientes de verificacion,Media/baja: OCR visual con pasajes detectados,0,3,3,"2, 3, 6","alarde, mandos, musica",Referencia localizada por OCR visual; revisar contra imagen original,"DONOSTIAKO UDAL LIBURUTEGIA - BIBLIOTECA MUNICIPAL DE SAN SEBASTIÁN f Fagina z EL PUEBLO VASCO San Sebastián — o EE + — | SAN MARCIAL. | Por tener gran cantidad de mace-|_” “ ""* — — niñós en San Marcial, 33, tercero.",Todos los documentos del catalogo forman parte del corpus sanmarcialero local; las pistas automaticas deben contrastarse con la fuente original.
be6c62d5b465,1922,1922-06-30,La Voz de Guipúzcoa - Diario Republicano,1922-06-30,Prensa o revista,/home/gaizka/Alarde/Revistas y periodicos/1922/1922-06-30 - La Voz de Guipúzcoa - Diario Republicano.pdf,Catalogado con pistas automaticas pendientes de verificacion,Media/baja: OCR visual con pasajes detectados,0,3,3,"6, 9, 12",alarde,Referencia localizada por OCR visual; revisar contra imagen original,"i ETT REA A O TE A NN ó y ºw""__º¿-&ñ_vw,,¿ .- Tarifa de publicidad k 3 m ET- Y º e ut coa EEET Ge GO , E a—.¡¡.¡…n-—_…&m | s CE — -- ZTZ que eez Gi k S GO ""Tláfono 2640 | San Marcial. | i AOZ EEE EEE EE | — ——]— y esquelas de defun- , ee que hoy evotan los Gi un E H - En GEE SAN MARCIAL | EIEZT e|| n hace",Todos los documentos del catalogo forman parte del corpus sanmarcialero local; las pistas automaticas deben contrastarse con la fuente original.
29815d51df5c,1922,1922-07-01,El Pueblo Vasco,1922-07-01,Prensa o revista,/home/gaizka/Alarde/Revistas y periodicos/1922/1922-07-01 - El Pueblo Vasco.pdf,Catalogado con pistas automaticas pendientes de verificacion,Media/baja: OCR visual con pasajes detectados,0,1,1,3,"mandos, musica",Referencia localizada por OCR visual; revisar contra imagen original,"Deede el capitán señor Er d Ví yl Alarde, bijo 19s Órdonesdel comnte, dome entustasta ecorida prestda por nobilísima | i",Todos los documentos del catalogo forman parte del corpus sanmarcialero local; las pistas automaticas deben contrastarse con la fuente original.
9f77f360d022,1923,1923,Programa de fiestas,1923A,Programa de fiestas,/home/gaizka/Alarde/Programas de fiestas/1923A.pdf,Catalogado; pendiente de indice humano,Media/baja: OCR visual sin pasajes detectados,0,0,0,,,,,Todos los documentos del catalogo forman parte del corpus sanmarcialero local; las pistas automaticas deben contrastarse con la fuente original.
d0310bc40698,1923,1923,Programa de fiestas,1923B,Programa de fiestas,/home/gaizka/Alarde/Programas de fiestas/1923B.pdf,Catalogado con pistas automaticas pendientes de verificacion,Media/baja: OCR visual con pasajes detectados,0,2,2,"1, 4","mandos, recorrido",Referencia localizada por OCR visual; revisar contra imagen original,Pasaje localizado por OCR visual | Pasaje localizado por OCR visual,Todos los documentos del catalogo forman parte del corpus sanmarcialero local; las pistas automaticas deben contrastarse con la fuente original.
1cbc6fc36a7f,1923,1923,Programa de fiestas,1923C,Programa de fiestas,/home/gaizka/Alarde/Programas de fiestas/1923C.pdf,Catalogado; pendiente de indice humano,Media/baja: OCR visual sin pasajes detectados,0,0,0,,,,,Todos los documentos del catalogo forman parte del corpus sanmarcialero local; las pistas automaticas deben contrastarse con la fuente original.
8ba5987093bd,1923,1923,Programa de fiestas,1923D,Programa de fiestas,/home/gaizka/Alarde/Programas de fiestas/1923D.pdf,Catalogado con pistas automaticas pendientes de verificacion,Media/baja: OCR visual con pasajes detectados,0,1,1,4,companias,Referencia localizada por OCR visual; revisar contra imagen original,X a de EATT 1\ \ — UN — g TE S d E ' b r e l LIGORES Y COMAOS } h | FONDA “LA IRUNESA” | BN nn aaa m m…uummmxjum¡m | AN,Todos los documentos del catalogo forman parte del corpus sanmarcialero local; las pistas automaticas deben contrastarse con la fuente original.
4c1d3ebc43e7,1923,1923-06-29,El Bidasoa,1923-06-29,Prensa o revista,/home/gaizka/Alarde/Revistas y periodicos/1923/1923-06-29 - El Bidasoa.pdf,Catalogado con pistas automaticas pendientes de verificacion,Alta: texto extraido del PDF,0,7,0,,"Alarde, cantineras, companias, mandos, ritual",Referencia localizada por barrido textual,"1813 en la altura de San Marcial, se bre» de nuestro semanario han escrito y prescindir de susceptibilidades que | Ayuntamiento con la compañía de pai­ piesan hablando y mirando las chicas ted— si es que las aprecia | cintas de la cruz de San Marcial que Paul DESTIZON ta tan bonito que solemos estar miran­ | el ginebrino Dunant, organizó un ser­ siendo el señor Pavía muy felicitado bia. Que se paraba en la | restaurada recientemente por las maes­ pañado de todo el Cabildo Eclesiástico correcalles cogerían t",Todos los documentos del catalogo forman parte del corpus sanmarcialero local; las pistas automaticas deben contrastarse con la fuente original.
91b7cbcaee4e,1923,1923-06-30,El País Vasco,1923-06-30,Prensa o revista,/home/gaizka/Alarde/Revistas y periodicos/1923/1923-06-30 - El País Vasco.pdf,Catalogado con pistas automaticas pendientes de verificacion,Media/baja: OCR visual con pasajes detectados,0,2,2,"6, 8","mandos, musica",Referencia localizada por OCR visual; revisar contra imagen original,Pasaje localizado por OCR visual | el himno de San Marcial y so pre- ado templo de 1 Ge Lo.,Todos los documentos del catalogo forman parte del corpus sanmarcialero local; las pistas automaticas deben contrastarse con la fuente original.
3d153c712ea5,1923,1923-06-30,La Voz de Guipúzcoa - Diario Republicano,1923-06-30,Prensa o revista,/home/gaizka/Alarde/Revistas y periodicos/1923/1923-06-30 - La Voz de Guipúzcoa - Diario Republicano.pdf,Catalogado con pistas automaticas pendientes de verificacion,Media/baja: OCR visual con pasajes detectados,0,1,1,11,"musica, recorrido",Referencia localizada por OCR visual; revisar contra imagen original,- sa — DONOSTIARKC UDAL LIBURUTEGIA - BIBLIOTECA MUNICIPAL DE SAN SEBASTIAN — — ic y ———————————— LA Voz de Guipúscos —,Todos los documentos del catalogo forman parte del corpus sanmarcialero local; las pistas automaticas deben contrastarse con la fuente original.
e5f66af48531,1923,1923-07-01,El País Vasco,1923-07-01,Prensa o revista,/home/gaizka/Alarde/Revistas y periodicos/1923/1923-07-01 - El País Vasco.pdf,Catalogado; requiere OCR mejorado o lectura manual,Baja: OCR visual con timeout; requiere lectura manual,0,0,0,,,,,Todos los documentos del catalogo forman parte del corpus sanmarcialero local; las pistas automaticas deben contrastarse con la fuente original.
19a6d63ed588,1923,1923-07-01,La Voz de Guipúzcoa - Diario Republicano,1923-07-01,Prensa o revista,/home/gaizka/Alarde/Revistas y periodicos/1923/1923-07-01 - La Voz de Guipúzcoa - Diario Republicano.pdf,Catalogado; requiere OCR mejorado o lectura manual,Baja: OCR visual con timeout; requiere lectura manual,0,0,0,,,,,Todos los documentos del catalogo forman parte del corpus sanmarcialero local; las pistas automaticas deben contrastarse con la fuente original.
600b1a7dbda3,1923,1923-07-08,El Bidasoa,1923-07-08,Prensa o revista,/home/gaizka/Alarde/Revistas y periodicos/1923/1923-07-08 - El Bidasoa.pdf,Catalogado con pistas automaticas pendientes de verificacion,Alta: texto extraido del PDF,0,7,0,,"Alarde, companias, mandos, musica, suspensiones/cambios",Referencia localizada por barrido textual,"La Junta local de Reformas sociales se habrá ya impuesto del espíritu que Paul DESTIZON LA FIESTA DE | Los festejos deportivos de San Pedro y San Marcial baMe nuestro semanario dedica todas | P A R IS . M O D E R H E | leal Unión. Nuestros juicios y cróni- del Sporting y como en esta ocasión mal entendida temeridad, o | ra). De tan elevada consideración se juzga que han de ser los perjuicios que su vida fa lta de lúa,",Todos los documentos del catalogo forman parte del corpus sanmarcialero local; las pistas automaticas deben contrastarse con la fuente original.
792985029c23,1924,1924,Programa de fiestas,1924A,Programa de fiestas,/home/gaizka/Alarde/Programas de fiestas/1924A.pdf,Catalogado; pendiente de indice humano,Media/baja: OCR visual sin pasajes detectados,0,0,0,,,,,Todos los documentos del catalogo forman parte del corpus sanmarcialero local; las pistas automaticas deben contrastarse con la fuente original.
5bc109328a95,1924,1924,Programa de fiestas,1924B,Programa de fiestas,/home/gaizka/Alarde/Programas de fiestas/1924B.pdf,Catalogado con pistas automaticas pendientes de verificacion,Media/baja: OCR visual con pasajes detectados,0,2,2,"5, 6","mandos, musica, recorrido, ritual",Referencia localizada por OCR visual; revisar contra imagen original,"H H RETRETA : ' D Bu\zn!d de las fuerzas del ALARDE, en unión de -$ }3' EO H H 1 su Estado Mayor, revistará en los cerca | $ - verificará el descenso de las fuerzas del Alarde, las - $ | 3 del popalar Himno de San Marcial, recorrerón la : 5 cu",Todos los documentos del catalogo forman parte del corpus sanmarcialero local; las pistas automaticas deben contrastarse con la fuente original.
d48e36330665,1924,1924,Programa de fiestas,1924C,Programa de fiestas,/home/gaizka/Alarde/Programas de fiestas/1924C.pdf,Catalogado; pendiente de indice humano,Media/baja: OCR visual sin pasajes detectados,0,0,0,,,,,Todos los documentos del catalogo forman parte del corpus sanmarcialero local; las pistas automaticas deben contrastarse con la fuente original.
9b2195950fa7,1924,1924-05-18,El Bidasoa,1924-05-18,Prensa o revista,/home/gaizka/Alarde/Revistas y periodicos/1924/1924-05-18 - El Bidasoa.pdf,Catalogado con pistas automaticas pendientes de verificacion,Alta: texto extraido del PDF,0,6,0,,"Alarde, companias, mandos, musica, ritual",Referencia localizada por barrido textual,"Federico Fernández, quien con muy San Marcial en Sábado como el año | de vuestro capitán nos mostraban el que constantemente nos vimos rodea­ | en un hombre de mediana edad,' ves­ ya muchos propietarios avenirse bue­ tribuir a esa exposición: I | lorredá, quienes acompañados del » Rom án Zabaleta . . 5 | m las bases del concurso anunciado, a la plazoleta de la ermita de San la presidencia.",Todos los documentos del catalogo forman parte del corpus sanmarcialero local; las pistas automaticas deben contrastarse con la fuente original.
4e9468e4c784,1924,1924-05-25,El Bidasoa,1924-05-25,Prensa o revista,/home/gaizka/Alarde/Revistas y periodicos/1924/1924-05-25 - El Bidasoa.pdf,Catalogado con pistas automaticas pendientes de verificacion,Alta: texto extraido del PDF,0,6,0,,"Alarde, mandos, ritual, suspensiones/cambios",Referencia localizada por barrido textual,"Año X SEMANARIO INDEPENDIENTE Müm. 456 | artistas y a las personas de carrera lo llevará a cabo, de ¡no surgir alguna cosas de Irún, tendría | del Capitán Araña. Que embarco a los fogosamente su entusiasmo y su júbilo UN ASOCIADO Al entrar en | gable que las Ordenanzas de Contri- Para cuando llegue el momento, yo | sar de que las Ordenanzas municipa-^",Todos los documentos del catalogo forman parte del corpus sanmarcialero local; las pistas automaticas deben contrastarse con la fuente original.
d8a7f4fb4db2,1924,1924-06-01,El Bidasoa,1924-06-01,Prensa o revista,/home/gaizka/Alarde/Revistas y periodicos/1924/1924-06-01 - El Bidasoa.pdf,Catalogado con pistas automaticas pendientes de verificacion,Alta: texto extraido del PDF,0,5,0,,"Alarde, companias, mandos",Referencia localizada por barrido textual,"2.“ Hija o hermana de socorridos tenga efecto desde la fecha de pro­ el Alarde, y sabe de sobra que mi ú n i­ | Consistorial a los capitanes, y como Joyería, Máquinas de escribir. Mesas | Perdonen ustedes qne me descubra un caballero, un hombre digno, y se de las Asociaciones de Inquilin | fijnza y, por consecuencia, el bienes tas de %San Marcial sintáis el pecho alma musical del himno. T | sual de 3 pesetas los caballeros y 2 las",Todos los documentos del catalogo forman parte del corpus sanmarcialero local; las pistas automaticas deben contrastarse con la fuente original.
c5512d98d50b,1924,1924-06-08,El Bidasoa,1924-06-08,Prensa o revista,/home/gaizka/Alarde/Revistas y periodicos/1924/1924-06-08 - El Bidasoa.pdf,Catalogado con pistas automaticas pendientes de verificacion,Alta: texto extraido del PDF,0,1,0,,Alarde,Referencia localizada por barrido textual,"es comer g r a tis y se da lu g a r a que ALARDE D E SAN MARCIAL m os, y e n vez de dos, lu c ir e m o s c u a t r o",Todos los documentos del catalogo forman parte del corpus sanmarcialero local; las pistas automaticas deben contrastarse con la fuente original.
d787d07c9328,1924,1924-06-15,El Bidasoa,1924-06-15,Prensa o revista,/home/gaizka/Alarde/Revistas y periodicos/1924/1924-06-15 - El Bidasoa.pdf,Catalogado con pistas automaticas pendientes de verificacion,Alta: texto extraido del PDF,0,4,0,,"Alarde, companias, mandos, musica",Referencia localizada por barrido textual,"Emiliano Baraibar por Vasconia. Ahora que ya sabe us­ de oro del Centenario de San Marcial. los las | conducto del Excmo. Sr. Gobernador civil, la Cruz de San Marcial para el | género. nacionales de esta localidad contra Deuda unificada, año i90'3 himnos acompañados por la ban | tro querido amigo el capitán de Mí-",Todos los documentos del catalogo forman parte del corpus sanmarcialero local; las pistas automaticas deben contrastarse con la fuente original.
aad450df07e0,1924,1924-06-29,El Pueblo Vasco,1924-06-29,Prensa o revista,/home/gaizka/Alarde/Revistas y periodicos/1924/1924-06-29 - El Pueblo Vasco.pdf,Catalogado; requiere OCR mejorado o lectura manual,Baja: OCR visual con timeout; requiere lectura manual,0,0,0,,,,,Todos los documentos del catalogo forman parte del corpus sanmarcialero local; las pistas automaticas deben contrastarse con la fuente original.
4e0e398fb7c1,1924,1924-06-30,El País Vasco,1924-06-30,Prensa o revista,/home/gaizka/Alarde/Revistas y periodicos/1924/1924-06-30 - El País Vasco.pdf,Catalogado; requiere OCR mejorado o lectura manual,Baja: OCR visual con timeout; requiere lectura manual,0,0,0,,,,,Todos los documentos del catalogo forman parte del corpus sanmarcialero local; las pistas automaticas deben contrastarse con la fuente original.
b12f014e0625,1924,1924-07-01,El País Vasco,1924-07-01,Prensa o revista,/home/gaizka/Alarde/Revistas y periodicos/1924/1924-07-01 - El País Vasco.pdf,Catalogado; requiere OCR mejorado o lectura manual,Baja: OCR visual con timeout; requiere lectura manual,0,0,0,,,,,Todos los documentos del catalogo forman parte del corpus sanmarcialero local; las pistas automaticas deben contrastarse con la fuente original.
9ec193b967a1,1924,1924-07-01,El Pueblo Vasco,1924-07-01,Prensa o revista,/home/gaizka/Alarde/Revistas y periodicos/1924/1924-07-01 - El Pueblo Vasco.pdf,Catalogado; requiere OCR mejorado o lectura manual,Baja: OCR visual con timeout; requiere lectura manual,0,0,0,,,,,Todos los documentos del catalogo forman parte del corpus sanmarcialero local; las pistas automaticas deben contrastarse con la fuente original.
36f9fc6c324d,1924,1924-07-01,La Constancia,1924-07-01,Prensa o revista,/home/gaizka/Alarde/Revistas y periodicos/1924/1924-07-01 - La Constancia.pdf,Catalogado; requiere OCR mejorado o lectura manual,Baja: OCR visual con timeout; requiere lectura manual,0,0,0,,,,,Todos los documentos del catalogo forman parte del corpus sanmarcialero local; las pistas automaticas deben contrastarse con la fuente original.
ef8ee3481214,1924,1924-07-01,La Voz de Guipúzcoa - Diario Republicano,1924-07-01,Prensa o revista,/home/gaizka/Alarde/Revistas y periodicos/1924/1924-07-01 - La Voz de Guipúzcoa - Diario Republicano.pdf,Catalogado; requiere OCR mejorado o lectura manual,Baja: OCR visual con timeout; requiere lectura manual,0,0,0,,,,,Todos los documentos del catalogo forman parte del corpus sanmarcialero local; las pistas automaticas deben contrastarse con la fuente original.
30308cf29689,1924,1924-07-06,El Bidasoa,1924-07-06,Prensa o revista,/home/gaizka/Alarde/Revistas y periodicos/1924/1924-07-06 - El Bidasoa.pdf,Catalogado con pistas automaticas pendientes de verificacion,Alta: texto extraido del PDF,0,4,0,,"companias, mandos, musica, ritual",Referencia localizada por barrido textual,"P re lu d io en mi bem ol mayor, Rachm ani- marle de caricias, hay qüe proteger Gitano» el día de Sa | de la Academia, que más dá. ¿Implica cación escrita por el señor secretario, J . CARREDANO y Compañí | estudio a contar con una entidad n u ­ ga Elizondo, bueno; Javier Lirio Boa- núm . 2, San Marcial, n | moralizó la administración, se contu­ ñol, cuanto más devoto se sienta de la",Todos los documentos del catalogo forman parte del corpus sanmarcialero local; las pistas automaticas deben contrastarse con la fuente original.
538165712a7a,1924,1924-07-20,El Bidasoa,1924-07-20,Prensa o revista,/home/gaizka/Alarde/Revistas y periodicos/1924/1924-07-20 - El Bidasoa.pdf,Catalogado con pistas automaticas pendientes de verificacion,Alta: texto extraido del PDF,0,8,0,,"Alarde, companias, mandos, musica, ritual",Referencia localizada por barrido textual,"En cambio, una de las cualidades el claro resplandor de la con ciencia. cadas al robo de caballerías | La Cruz de oro de San Marcial que CUENTO | Y VU LC A N IZA D O | alarde de buen g u sto que honra al [Oh, necia Plumanidad envanecida! resultado del interrogatorio f | así lo exige, pero lo que se pide por amigo llevando la confusión en el en­ tido de pelota a mano, e",Todos los documentos del catalogo forman parte del corpus sanmarcialero local; las pistas automaticas deben contrastarse con la fuente original.
c0942c850009,1925,1925,Programa de fiestas,1925A,Programa de fiestas,/home/gaizka/Alarde/Programas de fiestas/1925A.pdf,Catalogado con pistas automaticas pendientes de verificacion,Media/baja: OCR visual con pasajes detectados,0,1,1,6,musica,Referencia localizada por OCR visual; revisar contra imagen original,"FIESTAS DE SAN PEDRO —| - mn r | doce.—En la Casa Consistorial, Y SAN MARCIAL GN eee AÑO 1925 S EE ee Gd Concierto elási",Todos los documentos del catalogo forman parte del corpus sanmarcialero local; las pistas automaticas deben contrastarse con la fuente original.
a94cc2fa5a6b,1925,1925,Programa de fiestas,1925A_Bolsillo,Programa de fiestas,/home/gaizka/Alarde/Programas de fiestas/1925A_Bolsillo.pdf,Catalogado con pistas automaticas pendientes de verificacion,Media/baja: OCR visual con pasajes detectados,0,2,2,"3, 5","mandos, recorrido",Referencia localizada por OCR visual; revisar contra imagen original,"si AL 70R MAYOR E H -A J Z E H = E … % gjé $ w Í g sa 1 Amacones y Oficinas j = £ BES ECE i Pasco de Colón, 12 H ¡O ea m | — T TT i CASA SUSPERREGUI | ¡ EDUARDO GARCIA | MERCERIA i p i ALMACENDE TEJIDOS H ESPECIALIDAD EN DE TODAS CLASES i MEDI",Todos los documentos del catalogo forman parte del corpus sanmarcialero local; las pistas automaticas deben contrastarse con la fuente original.
b2ee252a8f54,1925,1925,Programa de fiestas,1925B,Programa de fiestas,/home/gaizka/Alarde/Programas de fiestas/1925B.pdf,Catalogado con pistas automaticas pendientes de verificacion,Media/baja: OCR visual con pasajes detectados,0,1,1,1,"mandos, musica, recorrido, ritual",Referencia localizada por OCR visual; revisar contra imagen original,"A las ocho.—Carrera ciclista internuzional, organizadr á T Az a fuerzas del Alarde sc reunirán en 1a - ee el Real Unión.",Todos los documentos del catalogo forman parte del corpus sanmarcialero local; las pistas automaticas deben contrastarse con la fuente original.
f1e44afebcf0,1925,1925,Programa de fiestas,1925B_Bolsillo,Programa de fiestas,/home/gaizka/Alarde/Programas de fiestas/1925B_Bolsillo.pdf,Catalogado con pistas automaticas pendientes de verificacion,Media/baja: OCR visual con pasajes detectados,0,2,2,"1, 3","caballeria, companias, mandos, ritual",Referencia localizada por OCR visual; revisar contra imagen original,"VINOS y LICORES : , GA- Ferrocaril ddo | de marcas acreditadas RELO:)ERIA | EL MEJOR CHOCOLATE % JOYERIA SUIZA } l EL CH | Pasaje localizado por OCR visual",Todos los documentos del catalogo forman parte del corpus sanmarcialero local; las pistas automaticas deben contrastarse con la fuente original.
0e6cc58ef0c0,1925,1925,Programa de fiestas,1925C_Bolsillo,Programa de fiestas,/home/gaizka/Alarde/Programas de fiestas/1925C_Bolsillo.pdf,Catalogado con pistas automaticas pendientes de verificacion,Media/baja: OCR visual con pasajes detectados,0,1,1,5,"mandos, recorrido",Referencia localizada por OCR visual; revisar contra imagen original,"b | EL QUE QUIERA BEBER BUEN VINO i H COLÓN, a2 ' U QUE VAYA A CASA DE H O : i d g i Y GENERAL FREYRE, 3 E H MANUEL MUIN",Todos los documentos del catalogo forman parte del corpus sanmarcialero local; las pistas automaticas deben contrastarse con la fuente original.
f997327175b5,1925,1925,Programa de fiestas,1925D_Bolsillo,Programa de fiestas,/home/gaizka/Alarde/Programas de fiestas/1925D_Bolsillo.pdf,Catalogado con pistas automaticas pendientes de verificacion,Media/baja: OCR visual con pasajes detectados,0,1,1,3,"mandos, recorrido",Referencia localizada por OCR visual; revisar contra imagen original,i En la ARMERIA de H H Toda clase de reparaciones 1 N U | H SAEK pl H y Expendeduría de LA UNION ESPAÑOLA de H ; Prontit,Todos los documentos del catalogo forman parte del corpus sanmarcialero local; las pistas automaticas deben contrastarse con la fuente original.
479cb65b3d00,1925,1925-06-20,Uranzu,1925-06-20,Prensa o revista,/home/gaizka/Alarde/Revistas y periodicos/1925/1925-06-20 - Uranzu.pdf,Catalogado; requiere OCR mejorado o lectura manual,Baja: OCR visual con timeout; requiere lectura manual,0,0,0,,,,,Todos los documentos del catalogo forman parte del corpus sanmarcialero local; las pistas automaticas deben contrastarse con la fuente original.
e19b84fd9657,1925,1925-06-21,El Bidasoa,1925-06-21,Prensa o revista,/home/gaizka/Alarde/Revistas y periodicos/1925/1925-06-21 - El Bidasoa.pdf,Catalogado con pistas automaticas pendientes de verificacion,Alta: texto extraido del PDF,0,7,0,,"Alarde, companias, mandos, musica, ritual, suspensiones/cambios",Referencia localizada por barrido textual,"con don Antonio San Juan, capitán de leem os en la pren sa: De 10 a 12 de la Concierto localidad, | cuesta empinada. ¡San Marcial! Ya es­ | las fuerzas del Alarde, en unión de su premios adjudicados a los expositores, | le sus pueblos y que aun cuando el del año infringen las Ordenanzas Mu­ sistible atracción del mar, | r a ra excepción, le faltó el coraje nece­ una exhibición no menos exhuberante sus compañeros especi",Todos los documentos del catalogo forman parte del corpus sanmarcialero local; las pistas automaticas deben contrastarse con la fuente original.
db0f0d9e725b,1925,1925-06-27,Uranzu,1925-06-27,Prensa o revista,/home/gaizka/Alarde/Revistas y periodicos/1925/1925-06-27 - Uranzu.pdf,Catalogado con pistas automaticas pendientes de verificacion,Alta: texto extraido del PDF,0,6,0,,"Alarde, cantineras, companias, mandos, musica, ritual",Referencia localizada por barrido textual,"F IE S T A S D E S A N M A R C IA L | apercibidos. E s que las cantineras, el General, no lleguíí a ser un mal Uleratoide. | que el amor de los hijos del pueblo hacia el Nunbait gañetik jari zaizkigu E l cabo de hacheros es s | que la víspera de San Pedro es el día señalado de soldado do San Marcial. E l lunes pasado tuvo lugar el anunciado | sus hijos debemos procurar que el Alarde sea",Todos los documentos del catalogo forman parte del corpus sanmarcialero local; las pistas automaticas deben contrastarse con la fuente original.
1a6466b0f015,1925,1925-06-28,El Bidasoa,1925-06-28,Prensa o revista,/home/gaizka/Alarde/Revistas y periodicos/1925/1925-06-28 - El Bidasoa.pdf,Catalogado con pistas automaticas pendientes de verificacion,Alta: texto extraido del PDF,0,5,0,,"companias, musica, ritual",Referencia localizada por barrido textual,"HOY EN A M U TE | La carrera ciclista organizada para le preguntamos;— Vendrás encantado dianas? | Los equipos se alinearán probable­ vo en unión de todos sus compañeros. de cristales que asusta. Y a | flin re^re.sailo ya a San Sehaslinii Comentarios sobre las ((dianas» Respetable señor: Ignoramos qui | rriente en la prueba organizada por el «dianas», hasta el punto de llegar a r",Todos los documentos del catalogo forman parte del corpus sanmarcialero local; las pistas automaticas deben contrastarse con la fuente original.
d1c0975dbc7d,1925,1925-06-30,El Pueblo Vasco,1925-06-30,Prensa o revista,/home/gaizka/Alarde/Revistas y periodicos/1925/1925-06-30 - El Pueblo Vasco.pdf,Catalogado; requiere OCR mejorado o lectura manual,Baja: OCR visual con timeout; requiere lectura manual,0,0,0,,,,,Todos los documentos del catalogo forman parte del corpus sanmarcialero local; las pistas automaticas deben contrastarse con la fuente original.
e2e8a510658d,1925,1925-06-30,La Voz de Guipúzcoa - Diario Republicano,1925-06-30,Prensa o revista,/home/gaizka/Alarde/Revistas y periodicos/1925/1925-06-30 - La Voz de Guipúzcoa - Diario Republicano.pdf,Catalogado; requiere OCR mejorado o lectura manual,Baja: OCR visual con timeout; requiere lectura manual,0,0,0,,,,,Todos los documentos del catalogo forman parte del corpus sanmarcialero local; las pistas automaticas deben contrastarse con la fuente original.
d5483e512aed,1925,1925-07-01,La Constancia,1925-07-01,Prensa o revista,/home/gaizka/Alarde/Revistas y periodicos/1925/1925-07-01 - La Constancia.pdf,Catalogado; requiere OCR mejorado o lectura manual,Baja: OCR visual con timeout; requiere lectura manual,0,0,0,,,,,Todos los documentos del catalogo forman parte del corpus sanmarcialero local; las pistas automaticas deben contrastarse con la fuente original.
ed335efc8e00,1925,1925-07-02,La Voz de Guipúzcoa - Diario Republicano,1925-07-02,Prensa o revista,/home/gaizka/Alarde/Revistas y periodicos/1925/1925-07-02 - La Voz de Guipúzcoa - Diario Republicano.pdf,Catalogado; requiere OCR mejorado o lectura manual,Baja: OCR visual con timeout; requiere lectura manual,0,0,0,,,,,Todos los documentos del catalogo forman parte del corpus sanmarcialero local; las pistas automaticas deben contrastarse con la fuente original.
6ea9ac89d7b0,1925,1925-07-04,Uranzu,1925-07-04,Prensa o revista,/home/gaizka/Alarde/Revistas y periodicos/1925/1925-07-04 - Uranzu.pdf,Catalogado con pistas automaticas pendientes de verificacion,Alta: texto extraido del PDF,0,6,0,,"Alarde, companias, mandos, musica, ritual",Referencia localizada por barrido textual,"Dicho esto, anadie podrá extrañar que coja­ des de los gigantes y de los enanos, explicar su El bata | de nuestro Irún querido, te hiciste dueño de su compañía los Diputados de ia Provincia magnífico cam | el magnífico espectáculo del Alarde, ni los con­ irundarra Los soldados expresaban su contento | en traje de soldado, y pasé en Alarde, hon­ | orgullosoácolocarse ante los hacheros. Comien­",Todos los documentos del catalogo forman parte del corpus sanmarcialero local; las pistas automaticas deben contrastarse con la fuente original.
991a58f11873,1925,1925-07-05,El Bidasoa,1925-07-05,Prensa o revista,/home/gaizka/Alarde/Revistas y periodicos/1925/1925-07-05 - El Bidasoa.pdf,Catalogado con pistas automaticas pendientes de verificacion,Alta: texto extraido del PDF,0,7,0,,"Alarde, companias, mandos, musica",Referencia localizada por barrido textual,"El dia de San Pedro tuvo lugar en fredo, de W agner? ¿Qué ruido ensor­ alcalde, don Francisco Sagarz | FIE STA SIN PAR | afición con dos buenos partidos con de la Comisión municipal correspon­ R E M I T I IDO nado coopera | cuyo admirable com portam iento dió globos grotescos que a escuchar son inteligentes en materia pian | de los iruneaes por las manifestacio­ Ya se meten también con obritas da táculo incomparable del Alarde de San",Todos los documentos del catalogo forman parte del corpus sanmarcialero local; las pistas automaticas deben contrastarse con la fuente original.
f20d9194bdb2,1925,1925-07-11,Uranzu,1925-07-11,Prensa o revista,/home/gaizka/Alarde/Revistas y periodicos/1925/1925-07-11 - Uranzu.pdf,Catalogado con pistas automaticas pendientes de verificacion,Alta: texto extraido del PDF,0,6,0,,"Alarde, companias, ritual, suspensiones/cambios",Referencia localizada por barrido textual,"Cuando el día del alarde llegamos al histó­ dor de astros imperecederos que en el firma­ | Irún. divisando la ciudad y la ermita de San | ción porque mis compañeros en la Comisión or­ La verdad, lo confieso sinceramenre, no abri­ Hasta en | las fiestás sobre motivos típicos de San Marcial, Como el tiempo estaba muy borrascoso fué | muchos años con los organizadores del Alarde,",Todos los documentos del catalogo forman parte del corpus sanmarcialero local; las pistas automaticas deben contrastarse con la fuente original.
46ae2393b553,1925,1925-07-12,El Bidasoa,1925-07-12,Prensa o revista,/home/gaizka/Alarde/Revistas y periodicos/1925/1925-07-12 - El Bidasoa.pdf,Catalogado con pistas automaticas pendientes de verificacion,Alta: texto extraido del PDF,0,5,0,,"Alarde, companias, musica",Referencia localizada por barrido textual,"Pero vamos a ver: cuando «supuse» tas de San Pedro y San Marcial. | Si el cantinero de San Marcial fuese exposición alguna de sus preciadas v i ­ cuidar unos fascinador | ciones atmosféricas, fueran la princi­ de las estancias de un dem ente en dero de Lecaenea. compañer | memoria de ellos. A l modo de esas ram a.» do m ejor suprim irles esas dianas, desprovisto de todo c | satisfacción porque mis compañeros «E l homenaje de hoy es a los hom ­ de Negocios mil niños, porque",Todos los documentos del catalogo forman parte del corpus sanmarcialero local; las pistas automaticas deben contrastarse con la fuente original.
8681a75bb078,1925,1925-07-18,Uranzu,1925-07-18,Prensa o revista,/home/gaizka/Alarde/Revistas y periodicos/1925/1925-07-18 - Uranzu.pdf,Catalogado con pistas automaticas pendientes de verificacion,Alta: texto extraido del PDF,0,6,0,,"Alarde, companias, mandos, ritual",Referencia localizada por barrido textual,"El capitán flizag? Un poco música CHUPIÑAZOS | Quiero desagraviaros, sejíún la medida de a la organización del Alarde, y la verdad, nos | a nueittro entendimiento, Po:' eso la verdad ha sido compañera inseparable del esfuerzo pa­ | bles concepciones. Kl mal de ojos, entonces, preparao suele estar. Pedrito se manchaba las. botas co | irreprimible de llamar claramente tonto a quien sino el mismo, o sea, que el capitán que manda nos e",Todos los documentos del catalogo forman parte del corpus sanmarcialero local; las pistas automaticas deben contrastarse con la fuente original.
113084052a77,1925,1925-07-25,Uranzu,1925-07-25,Prensa o revista,/home/gaizka/Alarde/Revistas y periodicos/1925/1925-07-25 - Uranzu.pdf,Catalogado con pistas automaticas pendientes de verificacion,Alta: texto extraido del PDF,0,7,0,,"Alarde, companias, mandos, musica, ritual, suspensiones/cambios",Referencia localizada por barrido textual,"Atendiendo una amable invitación de la S o cie­ tidad cjuién acompañado de los señores don ño pipí e | Pues bien, resulta que su respuesta me ha se halla de manifiesto en las palabras que me de artillerí | desertar de un sagrado deber. mis pasos. E s mi otra conciencia. ta de toda clase de bebidas en San | esta bella ciudad, ascendiendo a .San Marcial | jas siguientes, a remonte: del monte San Marcial.",Todos los documentos del catalogo forman parte del corpus sanmarcialero local; las pistas automaticas deben contrastarse con la fuente original.
767d4c6411d0,1926,1926,Programa de fiestas,1926A,Programa de fiestas,/home/gaizka/Alarde/Programas de fiestas/1926A.pdf,Catalogado con pistas automaticas pendientes de verificacion,Media/baja: OCR visual con pasajes detectados,0,1,1,4,"caballeria, ritual",Referencia localizada por OCR visual; revisar contra imagen original,Pasaje localizado por OCR visual,Todos los documentos del catalogo forman parte del corpus sanmarcialero local; las pistas automaticas deben contrastarse con la fuente original.
05f771690237,1926,1926,Programa de fiestas,1926B,Programa de fiestas,/home/gaizka/Alarde/Programas de fiestas/1926B.pdf,Catalogado con pistas automaticas pendientes de verificacion,Media/baja: OCR visual con pasajes detectados,0,2,2,"1, 2","mandos, recorrido",Referencia localizada por OCR visual; revisar contra imagen original,"E e GEET ISIDRO HVARTE "" E $ Casa BONNECAZE ANVNCIOS dí PINTVRA ARTISTICOS Z DECORATIVA \ i¡CÁLZADO EXTRA | TRABAJOS DE | \ SEÑORAS Y NIÑOS a bi PRECIO FIJO GENERAL FREYRE, 1 E — _=| IRÚN O| E— IEUN — | !.ÍIL,¡.'.D \",Todos los documentos del catalogo forman parte del corpus sanmarcialero local; las pistas automaticas deben contrastarse con la fuente original.
e39e281a5a92,1926,1926,Programa de fiestas,1926C,Programa de fiestas,/home/gaizka/Alarde/Programas de fiestas/1926C.pdf,Catalogado con pistas automaticas pendientes de verificacion,Media/baja: OCR visual con pasajes detectados,0,4,4,"1, 2, 6, 7","companias, mandos, musica, recorrido, ritual, tamborrada",Referencia localizada por OCR visual; revisar contra imagen original,"i PROGRAMA ; i IUREI i ; : DIA 27 : ; [ r EEE A las siete de la mañana, — Tamborrada, organizada ""por la Sociedad Irun'g | — p 2A o y ; A las siete.—El camborilrecorrerá las calles de la población, » ) Bandas, de Siciia y municipal, amenizarán | Pasaje localizado por OCR visual | y Ventas al Contado Salvador fribarren | | SAN MARCIAL, 1 - IGLESIA, 2 | Sueursal: COLON, 11 IEUN | DOUP BR JRE HHFINHWI",Todos los documentos del catalogo forman parte del corpus sanmarcialero local; las pistas automaticas deben contrastarse con la fuente original.
efa378445ccd,1926,1926,Programa de fiestas,1926D,Programa de fiestas,/home/gaizka/Alarde/Programas de fiestas/1926D.pdf,Catalogado con pistas automaticas pendientes de verificacion,Media/baja: OCR visual con pasajes detectados,0,2,2,"2, 5","companias, mandos",Referencia localizada por OCR visual; revisar contra imagen original,"Bar FRONTERA E NEN - José ¿uertes Refrescos Paseo Colón, 30 Fperitivos ¡ Bocadillos Vinos y Licores Cafés de marcas acre | Ael _i T i… : CONTRATISTAS DE OBRAS Es — T JUAN ECENARRO e lzz SAN MARCIAL, 11 w EA — y D G = D | 1 l : D | y ñ b ; 2| C",Todos los documentos del catalogo forman parte del corpus sanmarcialero local; las pistas automaticas deben contrastarse con la fuente original.
f97b624b71f1,1926,1926-06-06,El Bidasoa,1926-06-06,Prensa o revista,/home/gaizka/Alarde/Revistas y periodicos/1926/1926-06-06 - El Bidasoa.pdf,Catalogado; pendiente de indice humano,Alta: texto extraido del PDF,0,0,0,,,,,Todos los documentos del catalogo forman parte del corpus sanmarcialero local; las pistas automaticas deben contrastarse con la fuente original.
86b51a3f18a8,1926,1926-06-12,Uranzu,1926-06-12,Prensa o revista,/home/gaizka/Alarde/Revistas y periodicos/1926/1926-06-12 - Uranzu.pdf,Catalogado con pistas automaticas pendientes de verificacion,Alta: texto extraido del PDF,0,4,0,,"Alarde, companias, musica, ritual",Referencia localizada por barrido textual,"Bañan alarde saude | CIUDAD DE IRUN — Día 29 - | Evidentemente la ñesta de la flor de la obra, de la compañía, de las mones y en agrade.niento, termi | inseparable compañero de Muchacho, todo experimental aplicado a la pelota dedero cariño el apréndiza",Todos los documentos del catalogo forman parte del corpus sanmarcialero local; las pistas automaticas deben contrastarse con la fuente original.
6ceed5997e7f,1926,1926-06-13,El Bidasoa,1926-06-13,Prensa o revista,/home/gaizka/Alarde/Revistas y periodicos/1926/1926-06-13 - El Bidasoa.pdf,Catalogado con pistas automaticas pendientes de verificacion,Alta: texto extraido del PDF,0,7,0,,"companias, mandos, musica, ritual",Referencia localizada por barrido textual,"A las ocAo.—La brillante Banda del A las Siete de la mañana.—Diana «»« naciones y revacunaciones efe | C IO D ID DE IfiÛH puntos de la localidad la Diana de | Mientras las fuerzas del Alarde cele­ mendia y Compañía ( Sucesores de la na que posee el Ayuntamien | go Atsegifia. salva de fusilería a los cabildos secular se conoce. Por no tener pactos fir­ | mada de ordenanza, se verificará el se arrugue jamas, adquiera en el",Todos los documentos del catalogo forman parte del corpus sanmarcialero local; las pistas automaticas deben contrastarse con la fuente original.
dee542e85f46,1926,1926-06-19,Uranzu,1926-06-19,Prensa o revista,/home/gaizka/Alarde/Revistas y periodicos/1926/1926-06-19 - Uranzu.pdf,Catalogado con pistas automaticas pendientes de verificacion,Alta: texto extraido del PDF,0,6,0,,"Alarde, companias, mandos, musica, ritual",Referencia localizada por barrido textual,"SE r'UBLICA LOS SÁBADOS SEM ANARIO INDEPENDIENTE 15 CENTIMOS | Volvieron ya nuestros jóvenes artis­ de nu estra p atria, y el otro alarde se | [Archerosl ¡Dulzainasl ¡Thun-Thunl. dejo relatado. | jando desde hacía meses en la confec­ dremos un alarde brillantísim o, en V isto el pro g ram a de li(‘stas qiio | los grabados de ellas para adornar Alarde.",Todos los documentos del catalogo forman parte del corpus sanmarcialero local; las pistas automaticas deben contrastarse con la fuente original.
0dca2d1f67d2,1926,1926-06-26,Uranzu,1926-06-26,Prensa o revista,/home/gaizka/Alarde/Revistas y periodicos/1926/1926-06-26 - Uranzu.pdf,Catalogado con pistas automaticas pendientes de verificacion,Alta: texto extraido del PDF,0,7,0,,"Alarde, companias, mandos, musica",Referencia localizada por barrido textual,";Pero es posible? debió de preguntar­ nes de las compañías que forman el | E l alarde sin escopeta de pistón se­ — Sí, sí. lo expondrás. El de Rosa — Pues por eso mismo. Y al marido | S E P U B L IC A LO S S Á B A D O S S E M A N A R IO IN D E P E N D IE N T E 1 5 CEN TIM O S | del alarde a las viejas de pistón, yo — Los señores van? Doña Oliva López de Seijo | larines al son del chistu, entre, los ña! y un jviva el R ey! Parece ser que te sus filas con rostro",Todos los documentos del catalogo forman parte del corpus sanmarcialero local; las pistas automaticas deben contrastarse con la fuente original.
8e2a0b784dc5,1926,1926-06-29,El Bidasoa,1926-06-29,Prensa o revista,/home/gaizka/Alarde/Revistas y periodicos/1926/1926-06-29 - El Bidasoa.pdf,Catalogado con pistas automaticas pendientes de verificacion,Alta: texto extraido del PDF,0,4,0,,"Alarde, companias, mandos, suspensiones/cambios",Referencia localizada por barrido textual,"Casadevante, acompañado del teniente ya a rozarse. Como en un vuelo largo, | Sala Capitular, en donde se verificó la El Com andante Franco y el Capitán | donostiarrras. se habrán enterado nues­ San Marcial. trepidación en el avión nos indica que dos, le | la visita anual, con gran acompaña­ y es un èrror. El que no »sienta» el y coa todos los intereses d",Todos los documentos del catalogo forman parte del corpus sanmarcialero local; las pistas automaticas deben contrastarse con la fuente original.
7df8846e7233,1926,1926-06-29,La frontera,1926-06-29,Prensa o revista,/home/gaizka/Alarde/Revistas y periodicos/1926/1926-06-29 - La frontera.pdf,Catalogado; requiere OCR mejorado o lectura manual,Baja: OCR visual con timeout; requiere lectura manual,0,0,0,,,,,Todos los documentos del catalogo forman parte del corpus sanmarcialero local; las pistas automaticas deben contrastarse con la fuente original.
e22c989ccdc8,1926,1926-06-29,La frontera semanario republicano - PH IRUN 0039,1926-06-29,Prensa o revista,/home/gaizka/Alarde/Revistas y periodicos/1926/1926-06-29 - La frontera semanario republicano - PH IRUN 0039.pdf,Catalogado con pistas automaticas pendientes de verificacion,Alta: texto extraido del PDF,0,6,0,,"Alarde, companias, mandos, musica, ritual",Referencia localizada por barrido textual,"ATRACCIONES DE PRIMER ORDEN | LAS FIESTAS DE SAN MARCIAL | Los que cotidianamente leemos la irunés de una nutrida fracción po­ | mún y mediano roce con la cultura. tuir familia con arreglo a sus votos, y | simos más hombres, hombres de car­ le felicito admirado ante alarde tan",Todos los documentos del catalogo forman parte del corpus sanmarcialero local; las pistas automaticas deben contrastarse con la fuente original.
2da335d4b47b,1926,1926-06-30,El País Vasco,1926-06-30,Prensa o revista,/home/gaizka/Alarde/Revistas y periodicos/1926/1926-06-30 - El País Vasco.pdf,Catalogado; requiere OCR mejorado o lectura manual,Baja: OCR visual con timeout; requiere lectura manual,0,0,0,,,,,Todos los documentos del catalogo forman parte del corpus sanmarcialero local; las pistas automaticas deben contrastarse con la fuente original.
1a661ece0b25,1926,1926-06-30,El Pueblo Vasco,1926-06-30,Prensa o revista,/home/gaizka/Alarde/Revistas y periodicos/1926/1926-06-30 - El Pueblo Vasco.pdf,Catalogado; pendiente de indice humano,Media/baja: OCR visual sin pasajes detectados,0,0,0,,,,,Todos los documentos del catalogo forman parte del corpus sanmarcialero local; las pistas automaticas deben contrastarse con la fuente original.
0b49f5f8bf6b,1926,1926-06-30,La Voz de Guipúzcoa - Diario Republicano,1926-06-30,Prensa o revista,/home/gaizka/Alarde/Revistas y periodicos/1926/1926-06-30 - La Voz de Guipúzcoa - Diario Republicano.pdf,Catalogado; pendiente de indice humano,Media/baja: OCR visual sin pasajes detectados,0,0,0,,,,,Todos los documentos del catalogo forman parte del corpus sanmarcialero local; las pistas automaticas deben contrastarse con la fuente original.
785439dae1ef,1926,1926-07-01,El País Vasco,1926-07-01,Prensa o revista,/home/gaizka/Alarde/Revistas y periodicos/1926/1926-07-01 - El País Vasco.pdf,Catalogado; requiere OCR mejorado o lectura manual,Baja: OCR visual con timeout; requiere lectura manual,0,0,0,,,,,Todos los documentos del catalogo forman parte del corpus sanmarcialero local; las pistas automaticas deben contrastarse con la fuente original.
3931738f7a21,1926,1926-07-01,El Pueblo Vasco,1926-07-01,Prensa o revista,/home/gaizka/Alarde/Revistas y periodicos/1926/1926-07-01 - El Pueblo Vasco.pdf,Catalogado; requiere OCR mejorado o lectura manual,Baja: OCR visual con timeout; requiere lectura manual,0,0,0,,,,,Todos los documentos del catalogo forman parte del corpus sanmarcialero local; las pistas automaticas deben contrastarse con la fuente original.
510cd307404f,1926,1926-07-01,La Voz de Guipúzcoa - Diario Republicano,1926-07-01,Prensa o revista,/home/gaizka/Alarde/Revistas y periodicos/1926/1926-07-01 - La Voz de Guipúzcoa - Diario Republicano.pdf,Catalogado; requiere OCR mejorado o lectura manual,Baja: OCR visual con timeout; requiere lectura manual,0,0,0,,,,,Todos los documentos del catalogo forman parte del corpus sanmarcialero local; las pistas automaticas deben contrastarse con la fuente original.
e5a2a738370a,1926,1926-07-04,El Bidasoa,1926-07-04,Prensa o revista,/home/gaizka/Alarde/Revistas y periodicos/1926/1926-07-04 - El Bidasoa.pdf,Catalogado con pistas automaticas pendientes de verificacion,Alta: texto extraido del PDF,0,8,0,,"Alarde, cantineras, companias, musica",Referencia localizada por barrido textual,")ular se presentan en gran parada que no puede reflejarse en el blanco acompañante, ya que es consag | Cúmplenos también el expre­ genio en el negocio, hizo dinero, y el año permanecían acostadas al mue­ | Extraordinario origen del Alarde de San Marcial Fiesta cultural | ejemplar, porque el público se do de seminario y gozaba entre los zar, vivieron como en falansterio | excompañero de redacción, el conocía entonces su apellido. Ni im­ fesor en Ralisbona. Los filibuster",Todos los documentos del catalogo forman parte del corpus sanmarcialero local; las pistas automaticas deben contrastarse con la fuente original.
ffcf836a7834,1926,1926-07-04,La frontera semanario republicano - PH IRUN 0039,1926-07-04,Prensa o revista,/home/gaizka/Alarde/Revistas y periodicos/1926/1926-07-04 - La frontera semanario republicano - PH IRUN 0039.pdf,Catalogado con pistas automaticas pendientes de verificacion,Alta: texto extraido del PDF,0,5,0,,"Alarde, companias, mandos, ritual",Referencia localizada por barrido textual,"El dia de San Marcial a pesar la | Plaza de Pi y Margall, 9-1° - IRUN siempre, acompañando en excelente | de luctuosa fecha haga olvidar en par. llos héroes acuden al Alarde llenos de | la lucha, y lo ha arrebatado cuando de la vida. de generalmente se trata de descargar en la quinta g | ra muchos y amarga en un momento rioso monte de San Marcial. ■A partir",Todos los documentos del catalogo forman parte del corpus sanmarcialero local; las pistas automaticas deben contrastarse con la fuente original.
314808776f5b,1926,1926-07-04,Uranzu,1926-07-04,Prensa o revista,/home/gaizka/Alarde/Revistas y periodicos/1926/1926-07-04 - Uranzu.pdf,Catalogado con pistas automaticas pendientes de verificacion,Alta: texto extraido del PDF,0,4,0,,"Alarde, companias, mandos, musica, ritual",Referencia localizada por barrido textual,"Al contemplar este año el Alarde, Ramuncho y con objet» de mojar un pular al aire libre (|U(' los mo | Argain y Arrambillet (franceses.) despidiénilnnos de la íiesta mejor voluntad y Inicti deseo de de M | a San Pedro y San Marcial lo agradecerán los vecinos del barrio tino Vallet. | dos rasos recuerdo entre otros a Qui­ Del Alarde casi es mejor callar, tos bailes pese al esmero que",Todos los documentos del catalogo forman parte del corpus sanmarcialero local; las pistas automaticas deben contrastarse con la fuente original.
13713fdcbd73,1927,1927,Programa de fiestas,1927A,Programa de fiestas,/home/gaizka/Alarde/Programas de fiestas/1927A.pdf,Catalogado con pistas automaticas pendientes de verificacion,Media/baja: OCR visual con pasajes detectados,0,2,2,"5, 6","companias, mandos, musica, ritual",Referencia localizada por OCR visual; revisar contra imagen original,| E Z E | pUz la Cn EN ; S o Z - Ez oe Saa m Y < Cambio - Valores - Cupones - n S b » S S Alatrerde d lde P Generol de l | = E 7 s 'r\)j —_Z - E | »5 urrr A El - < b ddz —tO0ZA — % pz MANUFACTURA | 3 | E a r;/ d aa JEIREZ - El GAMEE DE E H );,Todos los documentos del catalogo forman parte del corpus sanmarcialero local; las pistas automaticas deben contrastarse con la fuente original.
ead07c9413b7,1927,1927,Programa de fiestas,1927B,Programa de fiestas,/home/gaizka/Alarde/Programas de fiestas/1927B.pdf,Catalogado con pistas automaticas pendientes de verificacion,Media/baja: OCR visual con pasajes detectados,0,2,2,"1, 3","alarde, mandos, musica, ritual",Referencia localizada por OCR visual; revisar contra imagen original,"N recorrerán la población con arreglo al itinerario sigutente : l = E E Pasco ee EEE Mayor: San Marcial, Pleza de Urda- | | l EEE lonte de San Marcial, k tradi Gez s% 1 i¡&-!",Todos los documentos del catalogo forman parte del corpus sanmarcialero local; las pistas automaticas deben contrastarse con la fuente original.
1b5978528762,1927,1927,Programa de fiestas,1927C,Programa de fiestas,/home/gaizka/Alarde/Programas de fiestas/1927C.pdf,Catalogado; pendiente de indice humano,Media/baja: OCR visual sin pasajes detectados,0,0,0,,,,,Todos los documentos del catalogo forman parte del corpus sanmarcialero local; las pistas automaticas deben contrastarse con la fuente original.
284173899cd3,1927,1927,Programa de fiestas,1927D,Programa de fiestas,/home/gaizka/Alarde/Programas de fiestas/1927D.pdf,Catalogado con pistas automaticas pendientes de verificacion,Media/baja: OCR visual con pasajes detectados,0,2,2,"2, 5","caballeria, recorrido, ritual",Referencia localizada por OCR visual; revisar contra imagen original,"en gegz ttz E GO S E 5 C mte las fentas de Lrón es de deade las - Encontraréis < u ee cagula y vc de -$ R a E Z io n y p | E [ GE Ge | romingos y jueves, del 10 de Julio al 2 de Octobre = Ío = ——oo———]¡¡/0———— E AE E EE E - T - - LINTERNERIA -",Todos los documentos del catalogo forman parte del corpus sanmarcialero local; las pistas automaticas deben contrastarse con la fuente original.
73ab5eb190f1,1927,1927-06-26,El Bidasoa,1927-06-26,Prensa o revista,/home/gaizka/Alarde/Revistas y periodicos/1927/1927-06-26 - El Bidasoa.pdf,Catalogado con pistas automaticas pendientes de verificacion,Alta: texto extraido del PDF,0,5,0,,"Alarde, companias",Referencia localizada por barrido textual,"SALEGUI CONTRA y ARC£ | Y para ponerse de acuerdo sobre la de once y media a una. libros de caballería, viene a morir cris­ | dar las novelas de Julio Verne que ponzoñosa de las vívoras, la más pe­ himno de San Marcial ¿quién | hacer en alfarería. Bolsas con yerbas horizonte... y quiénes son los más diestros. dos de sus dignos | nes muy gus^psaniente han ofrecido el alarde de erudición. Verdaderamente y otra dar trigo.",Todos los documentos del catalogo forman parte del corpus sanmarcialero local; las pistas automaticas deben contrastarse con la fuente original.
891a9c061778,1927,1927-06-29,La Constancia,1927-06-29,Prensa o revista,/home/gaizka/Alarde/Revistas y periodicos/1927/1927-06-29 - La Constancia.pdf,Catalogado; requiere OCR mejorado o lectura manual,Baja: OCR visual con timeout; requiere lectura manual,0,0,0,,,,,Todos los documentos del catalogo forman parte del corpus sanmarcialero local; las pistas automaticas deben contrastarse con la fuente original.
4b7b40401a9a,1927,1927-06-30,El País Vasco,1927-06-30,Prensa o revista,/home/gaizka/Alarde/Revistas y periodicos/1927/1927-06-30 - El País Vasco.pdf,Catalogado; requiere OCR mejorado o lectura manual,Baja: OCR visual con timeout; requiere lectura manual,0,0,0,,,,,Todos los documentos del catalogo forman parte del corpus sanmarcialero local; las pistas automaticas deben contrastarse con la fuente original.
6da6705beb60,1927,1927-06-30,El Pueblo Vasco,1927-06-30,Prensa o revista,/home/gaizka/Alarde/Revistas y periodicos/1927/1927-06-30 - El Pueblo Vasco.pdf,Catalogado; requiere OCR mejorado o lectura manual,Baja: OCR visual con timeout; requiere lectura manual,0,0,0,,,,,Todos los documentos del catalogo forman parte del corpus sanmarcialero local; las pistas automaticas deben contrastarse con la fuente original.
74eb77a81e2e,1927,1927-06-30,La Voz de Guipúzcoa - Diario Republicano,1927-06-30,Prensa o revista,/home/gaizka/Alarde/Revistas y periodicos/1927/1927-06-30 - La Voz de Guipúzcoa - Diario Republicano.pdf,Catalogado; requiere OCR mejorado o lectura manual,Baja: OCR visual con timeout; requiere lectura manual,0,0,0,,,,,Todos los documentos del catalogo forman parte del corpus sanmarcialero local; las pistas automaticas deben contrastarse con la fuente original.
e201197f2d23,1927,1927-07-01,El País Vasco,1927-07-01,Prensa o revista,/home/gaizka/Alarde/Revistas y periodicos/1927/1927-07-01 - El País Vasco.pdf,Catalogado; requiere OCR mejorado o lectura manual,Baja: OCR visual con timeout; requiere lectura manual,0,0,0,,,,,Todos los documentos del catalogo forman parte del corpus sanmarcialero local; las pistas automaticas deben contrastarse con la fuente original.
11cbc10d366e,1927,1927-07-01,El Pueblo Vasco,1927-07-01,Prensa o revista,/home/gaizka/Alarde/Revistas y periodicos/1927/1927-07-01 - El Pueblo Vasco.pdf,Catalogado; requiere OCR mejorado o lectura manual,Baja: OCR visual con timeout; requiere lectura manual,0,0,0,,,,,Todos los documentos del catalogo forman parte del corpus sanmarcialero local; las pistas automaticas deben contrastarse con la fuente original.
b01d211863e3,1927,1927-07-01,La Voz de Guipúzcoa - Diario Republicano,1927-07-01,Prensa o revista,/home/gaizka/Alarde/Revistas y periodicos/1927/1927-07-01 - La Voz de Guipúzcoa - Diario Republicano.pdf,Catalogado; requiere OCR mejorado o lectura manual,Baja: OCR visual con timeout; requiere lectura manual,0,0,0,,,,,Todos los documentos del catalogo forman parte del corpus sanmarcialero local; las pistas automaticas deben contrastarse con la fuente original.
d233228ff13d,1927,1927-07-03,El Bidasoa,1927-07-03,Prensa o revista,/home/gaizka/Alarde/Revistas y periodicos/1927/1927-07-03 - El Bidasoa.pdf,Catalogado con pistas automaticas pendientes de verificacion,Alta: texto extraido del PDF,0,7,0,,"Alarde, companias, mandos",Referencia localizada por barrido textual,"Baztán y Cinco Villas. la danza agitada ^ e ahora impera; y San Martzial, menditik daña ikusgarri : (1) Chaqueta. | En efecto : los pueblos de la cuenca del Baztán y la ciudad de Irún. se pavoneen demasiado... San Ma | I GORA, SAN M ARTZIAL ! | Si de la vida, lo mejor es ser buenos, simultáneamente los cauces de que Irun'go neska San Martzial. | de San Pedro y San Marcial Se está celebrando en Bellas Artes,",Todos los documentos del catalogo forman parte del corpus sanmarcialero local; las pistas automaticas deben contrastarse con la fuente original.
d051b49950a9,1927,1927-07-03,La Voz de Guipúzcoa - Diario Republicano,1927-07-03,Prensa o revista,/home/gaizka/Alarde/Revistas y periodicos/1927/1927-07-03 - La Voz de Guipúzcoa - Diario Republicano.pdf,Catalogado; pendiente de indice humano,Media/baja: OCR visual sin pasajes detectados,0,0,0,,,,,Todos los documentos del catalogo forman parte del corpus sanmarcialero local; las pistas automaticas deben contrastarse con la fuente original.
017247fdaffd,1928,1928,Programa de fiestas,1928A,Programa de fiestas,/home/gaizka/Alarde/Programas de fiestas/1928A.pdf,Catalogado con pistas automaticas pendientes de verificacion,Media/baja: OCR visual con pasajes detectados,0,1,1,3,caballeria,Referencia localizada por OCR visual; revisar contra imagen original,"E | Artículos de punto, la y seda para | , EE EEK dE BEO (Pz A UO e K HERMANOS | e s Tellechea E TEMPORADA DE VERANO Pro",Todos los documentos del catalogo forman parte del corpus sanmarcialero local; las pistas automaticas deben contrastarse con la fuente original.
2f2fe141a9d8,1928,1928,Programa de fiestas,1928B,Programa de fiestas,/home/gaizka/Alarde/Programas de fiestas/1928B.pdf,Catalogado con pistas automaticas pendientes de verificacion,Media/baja: OCR visual con pasajes detectados,0,3,3,"2, 5, 6","alarde, companias, mandos",Referencia localizada por OCR visual; revisar contra imagen original,"DE CONTFIANZA G GENERAL FREYRE, 1 ñ l | IRUN E oo | .3 N EE IN % i — A EE U N- I F | Z San Marcial l a E Si | — El General de las fuerzas del Alarde, | ddz de la Estación.",Todos los documentos del catalogo forman parte del corpus sanmarcialero local; las pistas automaticas deben contrastarse con la fuente original.
0931648a5e0d,1928,1928,Programa de fiestas,1928C,Programa de fiestas,/home/gaizka/Alarde/Programas de fiestas/1928C.pdf,Catalogado con pistas automaticas pendientes de verificacion,Media/baja: OCR visual con pasajes detectados,0,3,3,"1, 2, 6","musica, recorrido, ritual",Referencia localizada por OCR visual; revisar contra imagen original,"N r « A continuación las mismas bandas, precedidas de pifanos y entre el tambores, y a los acordes del popular ¿fimno de | Después que la ETZT de Ae celebran en el | TA - | EO b d de la Ciudad sea _e monte de San Marcial la , 74 H ET A 1 AE (7 | = = = | E O r D SO E Taller de Reparaciones í | Eí Oficina : Mayor n.99, 2.9 — Teléfonos 40 y 210 á E , Jaulas independi",Todos los documentos del catalogo forman parte del corpus sanmarcialero local; las pistas automaticas deben contrastarse con la fuente original.
97a30f3a0a95,1928,1928,Programa de fiestas,1928D,Programa de fiestas,/home/gaizka/Alarde/Programas de fiestas/1928D.pdf,Catalogado con pistas automaticas pendientes de verificacion,Media/baja: OCR visual con pasajes detectados,0,3,3,"1, 2, 6","caballeria, mandos, recorrido, ritual",Referencia localizada por OCR visual; revisar contra imagen original,"IE EE < » I [ | S Fe | —————|- | TEJIDOS - NOVEDADES - MERCERIA ;; A i;.º ALBAÑILERIA \ | CONFECCIONES DE TODAS CLASES E | U EEE H = IRUN \ e ñ E Venta de toda clase de calzado para señoras, | COLON, 12- 20 IRÚN H a = caballeros y niños. | Pasaje localizado por OCR visual",Todos los documentos del catalogo forman parte del corpus sanmarcialero local; las pistas automaticas deben contrastarse con la fuente original.
241fdc1beeed,1928,1928-06-17,El Bidasoa,1928-06-17,Prensa o revista,/home/gaizka/Alarde/Revistas y periodicos/1928/1928-06-17 - El Bidasoa.pdf,Catalogado con pistas automaticas pendientes de verificacion,Alta: texto extraido del PDF,0,6,0,,"Alarde, companias, mandos, ritual",Referencia localizada por barrido textual,"R. I. F. ; IRUN : AVEN IDA D E LA ESTACION | comandante de artillería, profesor de le escucharon y rerih'ó innúmeras fe­ | cumentados, salvo el del señor Baróñ tirle en la Compañía de Jesús. Como quia. refugio fuera dulce d | poco alejidos del Stadium, y que des­ se hicieron votoj porque en la tem­ desinteresadamerjte. | —Caballero : asiento de tribuna, pa­ juventud depoitiva irunesa, que se de parte de todos y la tempo",Todos los documentos del catalogo forman parte del corpus sanmarcialero local; las pistas automaticas deben contrastarse con la fuente original.
25311afd2843,1928,1928-06-29,El Bidasoa,1928-06-29,Prensa o revista,/home/gaizka/Alarde/Revistas y periodicos/1928/1928-06-29 - El Bidasoa.pdf,Catalogado con pistas automaticas pendientes de verificacion,Alta: texto extraido del PDF,0,8,0,,"Alarde, companias, mandos, musica, ritual",Referencia localizada por barrido textual,"Por consejo suyo fueron atadas las Alarde «que hizo nuestro pueblo» y cómo delegada de todos o sea e | a fuer de hombre galante y caballero, _______ V. JUARISTI | dadoeficazmente proporcionándonos el senador, el Cuerpo de baile de la las heridas Y la he acompañad | esfuerzos que exigen las pugnas mo- A Irún en San Marcial concurrentes—.Nos va usted a hablar de zalamera. | gación por la vibrante diana de Villa- ¡Qué andanzas extravagantes!—musita­ descendido—, y no podía,",Todos los documentos del catalogo forman parte del corpus sanmarcialero local; las pistas automaticas deben contrastarse con la fuente original.
9147e4e1229c,1928,1928-06-29,La Constancia,1928-06-29,Prensa o revista,/home/gaizka/Alarde/Revistas y periodicos/1928/1928-06-29 - La Constancia.pdf,Catalogado; requiere OCR mejorado o lectura manual,Baja: OCR visual con timeout; requiere lectura manual,0,0,0,,,,,Todos los documentos del catalogo forman parte del corpus sanmarcialero local; las pistas automaticas deben contrastarse con la fuente original.
c49f448ad905,1928,1928-06-30,El Pueblo Vasco,1928-06-30,Prensa o revista,/home/gaizka/Alarde/Revistas y periodicos/1928/1928-06-30 - El Pueblo Vasco.pdf,Catalogado; pendiente de indice humano,Baja: OCR visual con texto insuficiente,0,0,0,,,,,Todos los documentos del catalogo forman parte del corpus sanmarcialero local; las pistas automaticas deben contrastarse con la fuente original.
46141fe15e9a,1928,1928-06-30,La Voz de Guipúzcoa - Diario Republicano,1928-06-30,Prensa o revista,/home/gaizka/Alarde/Revistas y periodicos/1928/1928-06-30 - La Voz de Guipúzcoa - Diario Republicano.pdf,Catalogado; requiere OCR mejorado o lectura manual,Baja: OCR visual con timeout; requiere lectura manual,0,0,0,,,,,Todos los documentos del catalogo forman parte del corpus sanmarcialero local; las pistas automaticas deben contrastarse con la fuente original.
aca9a68e563d,1928,1928-07-01,El País Vasco,1928-07-01,Prensa o revista,/home/gaizka/Alarde/Revistas y periodicos/1928/1928-07-01 - El País Vasco.pdf,Catalogado; requiere OCR mejorado o lectura manual,Baja: OCR visual con timeout; requiere lectura manual,0,0,0,,,,,Todos los documentos del catalogo forman parte del corpus sanmarcialero local; las pistas automaticas deben contrastarse con la fuente original.
f0d94309bf86,1928,1928-07-01,El Pueblo Vasco,1928-07-01,Prensa o revista,/home/gaizka/Alarde/Revistas y periodicos/1928/1928-07-01 - El Pueblo Vasco.pdf,Catalogado; pendiente de indice humano,Media/baja: OCR visual sin pasajes detectados,0,0,0,,,,,Todos los documentos del catalogo forman parte del corpus sanmarcialero local; las pistas automaticas deben contrastarse con la fuente original.
41948120575a,1928,1928-07-01,La Constancia,1928-07-01,Prensa o revista,/home/gaizka/Alarde/Revistas y periodicos/1928/1928-07-01 - La Constancia.pdf,Catalogado; requiere OCR mejorado o lectura manual,Baja: OCR visual con timeout; requiere lectura manual,0,0,0,,,,,Todos los documentos del catalogo forman parte del corpus sanmarcialero local; las pistas automaticas deben contrastarse con la fuente original.
141ef1b5847a,1928,1928-07-01,La Voz de Guipúzcoa - Diario Republicano,1928-07-01,Prensa o revista,/home/gaizka/Alarde/Revistas y periodicos/1928/1928-07-01 - La Voz de Guipúzcoa - Diario Republicano.pdf,Catalogado; requiere OCR mejorado o lectura manual,Baja: OCR visual con timeout; requiere lectura manual,0,0,0,,,,,Todos los documentos del catalogo forman parte del corpus sanmarcialero local; las pistas automaticas deben contrastarse con la fuente original.
0760cfdbc660,1928,1928-07-08,El Bidasoa,1928-07-08,Prensa o revista,/home/gaizka/Alarde/Revistas y periodicos/1928/1928-07-08 - El Bidasoa.pdf,Catalogado con pistas automaticas pendientes de verificacion,Alta: texto extraido del PDF,0,6,0,,"Alarde, companias",Referencia localizada por barrido textual,"Con menos fuego no hay pueblo en muestra en algunas cuentas, se apli­ Jaculatoria brero de paja que | Los escritos se admitirán hasta el Pueblo infantil, pero sin la agresi­ esos pollos que ant«s de San | la bella fiesta de les Juegos Florales rre a uno, fcs que llegada la hora de la vista; pero mi hijo | monte de San Marcial a eso de las frustrando mis deseos de cumplimen­ | plausible iniciativa de los Juegos Flo­ a pasar conmigo el día de San Marcial. cia 1, y menos mal si",Todos los documentos del catalogo forman parte del corpus sanmarcialero local; las pistas automaticas deben contrastarse con la fuente original.
d87fe448915a,1929,1929,Programa de fiestas,1929A,Programa de fiestas,/home/gaizka/Alarde/Programas de fiestas/1929A.pdf,Catalogado con pistas automaticas pendientes de verificacion,Media/baja: OCR visual con pasajes detectados,0,1,1,6,mandos,Referencia localizada por OCR visual; revisar contra imagen original,= N EE = ñ m = Garage Carrocería gg SALÓN DE PELUQUERÍA n - Ae E VICTOR GUTIÉRREZ m - I Sanchez e| e AE O g K k 5 MioueL,Todos los documentos del catalogo forman parte del corpus sanmarcialero local; las pistas automaticas deben contrastarse con la fuente original.
cc838fac6f06,1929,1929,Programa de fiestas,1929B,Programa de fiestas,/home/gaizka/Alarde/Programas de fiestas/1929B.pdf,Catalogado con pistas automaticas pendientes de verificacion,Media/baja: OCR visual con pasajes detectados,0,1,1,1,"companias, recorrido",Referencia localizada por OCR visual; revisar contra imagen original,Pasaje localizado por OCR visual,Todos los documentos del catalogo forman parte del corpus sanmarcialero local; las pistas automaticas deben contrastarse con la fuente original.
ca9c090e65ef,1929,1929,Programa de fiestas,1929C,Programa de fiestas,/home/gaizka/Alarde/Programas de fiestas/1929C.pdf,Catalogado con pistas automaticas pendientes de verificacion,Media/baja: OCR visual con pasajes detectados,0,3,3,"2, 3, 4","companias, mandos, musica, recorrido, ritual",Referencia localizada por OCR visual; revisar contra imagen original,"| ción, precedido de la Banda de di 4 A laforde - Previa Namada de ordenanza se | Makill-dantzaris de la Sociedad de los | d SS 6 eee y a los acordes del popular inno de San Marcial, | GE EKE S eAy Tecorrerán la poblacion con arreglo al itiner | \ g¡ = b GA | y , N CEA Da E el Grcelón 1ercera, — VACAS de dos a | Tercer ” — H — A S q EIEZ IEA G — B € | y aT SR EEE",Todos los documentos del catalogo forman parte del corpus sanmarcialero local; las pistas automaticas deben contrastarse con la fuente original.
5208504a3e2f,1929,1929,Programa de fiestas,1929D,Programa de fiestas,/home/gaizka/Alarde/Programas de fiestas/1929D.pdf,Catalogado con pistas automaticas pendientes de verificacion,Media/baja: OCR visual con pasajes detectados,0,2,2,"3, 7","companias, mandos",Referencia localizada por OCR visual; revisar contra imagen original,"R UN = y Centro 43:5:0371&?…?& Z Sebastián bi = ruLÉFONO 7247 = % LIMPIEZA RÁPIDA LUTOS EN 8 HORAS É aa IRUN - BEHOBIA e | N ' PasaJe De LA UNIÓN, Ne 5 IEUN 4 e D - -í_'_-¿.—¿!:n:Mvzmwn¡:wmmm:wwnmmy¡ á Antonio bi _Iraola % “ ] [ ¿P FONDA “LA I",Todos los documentos del catalogo forman parte del corpus sanmarcialero local; las pistas automaticas deben contrastarse con la fuente original.
4dfa0a08ec90,1929,1929-06-02,El Bidasoa,1929-06-02,Prensa o revista,/home/gaizka/Alarde/Revistas y periodicos/1929/1929-06-02 - El Bidasoa.pdf,Indice real iniciado con entrada curada,Alta: texto extraido del PDF,1,4,0,,"Alarde, companias, hacheros, mandos, musica, terminologia","Integrado en Historia, Hacheros y Musica | Referencia localizada por barrido textual",Debate archeros/hacheros y musica propia,Todos los documentos del catalogo forman parte del corpus sanmarcialero local; las pistas automaticas deben contrastarse con la fuente original.
e45e647a84c1,1929,1929-06-16,El Bidasoa,1929-06-16,Prensa o revista,/home/gaizka/Alarde/Revistas y periodicos/1929/1929-06-16 - El Bidasoa.pdf,Indice real iniciado con entrada curada,Alta: texto extraido del PDF,1,4,0,,"Alarde, hacheros, mandos, musica, ritual, terminologia","Integrado en Historia, Hacheros y Musica | Referencia localizada por barrido textual",Debate archeros/hacheros y musica propia,Todos los documentos del catalogo forman parte del corpus sanmarcialero local; las pistas automaticas deben contrastarse con la fuente original.
216b521ba399,1929,1929-06-23,El Bidasoa,1929-06-23,Prensa o revista,/home/gaizka/Alarde/Revistas y periodicos/1929/1929-06-23 - El Bidasoa.pdf,Indice real iniciado con entrada curada,Alta: texto extraido del PDF,1,8,0,,"Alarde, companias, hacheros, mandos, musica, ritual, suspensiones/cambios, terminologia","Integrado en Historia, Hacheros y Musica | Referencia localizada por barrido textual",Debate archeros/hacheros y musica propia,Todos los documentos del catalogo forman parte del corpus sanmarcialero local; las pistas automaticas deben contrastarse con la fuente original.
1a0fe33bfc85,1929,1929-06-29,El Bidasoa,1929-06-29,Prensa o revista,/home/gaizka/Alarde/Revistas y periodicos/1929/1929-06-29 - El Bidasoa.pdf,Indice real iniciado con entrada curada,Alta: texto extraido del PDF,1,5,0,,"Alarde, companias, hacheros, mandos, musica, ritual, terminologia","Integrado en Historia, Hacheros y Musica | Referencia localizada por barrido textual",Debate archeros/hacheros y musica propia,Todos los documentos del catalogo forman parte del corpus sanmarcialero local; las pistas automaticas deben contrastarse con la fuente original.
8f5e96242068,1929,1929-06-29,La Constancia,1929-06-29,Prensa o revista,/home/gaizka/Alarde/Revistas y periodicos/1929/1929-06-29 - La Constancia.pdf,Indice real iniciado con entrada curada,Alta: texto extraido del PDF,1,3,0,,"companias, hacheros, mandos, musica, ritual, terminologia","Integrado en Historia, Hacheros y Musica | Referencia localizada por barrido textual",Debate archeros/hacheros y musica propia,Todos los documentos del catalogo forman parte del corpus sanmarcialero local; las pistas automaticas deben contrastarse con la fuente original.
ad35a7d454a1,1929,1929-06-30,El País Vasco,1929-06-30,Prensa o revista,/home/gaizka/Alarde/Revistas y periodicos/1929/1929-06-30 - El País Vasco.pdf,Indice real iniciado con entrada curada,Baja: OCR visual con timeout; requiere lectura manual,1,0,0,,"hacheros, musica, terminologia","Integrado en Historia, Hacheros y Musica",Debate archeros/hacheros y musica propia,Todos los documentos del catalogo forman parte del corpus sanmarcialero local; las pistas automaticas deben contrastarse con la fuente original.
489345ae4aec,1929,1929-06-30,El Pueblo Vasco,1929-06-30,Prensa o revista,/home/gaizka/Alarde/Revistas y periodicos/1929/1929-06-30 - El Pueblo Vasco.pdf,Indice real iniciado con entrada curada,Baja: OCR visual con texto insuficiente,1,0,0,,"hacheros, musica, terminologia","Integrado en Historia, Hacheros y Musica",Debate archeros/hacheros y musica propia,Todos los documentos del catalogo forman parte del corpus sanmarcialero local; las pistas automaticas deben contrastarse con la fuente original.
d09d92d17ac6,1929,1929-06-30,La Voz de Guipúzcoa - Diario Republicano,1929-06-30,Prensa o revista,/home/gaizka/Alarde/Revistas y periodicos/1929/1929-06-30 - La Voz de Guipúzcoa - Diario Republicano.pdf,Indice real iniciado con entrada curada,Baja: OCR visual con timeout; requiere lectura manual,1,0,0,,"hacheros, musica, terminologia","Integrado en Historia, Hacheros y Musica",Debate archeros/hacheros y musica propia,Todos los documentos del catalogo forman parte del corpus sanmarcialero local; las pistas automaticas deben contrastarse con la fuente original.
da2442974db5,1929,1929-07-01,El Pueblo Vasco,1929-07-01,Prensa o revista,/home/gaizka/Alarde/Revistas y periodicos/1929/1929-07-01 - El Pueblo Vasco.pdf,Indice real iniciado con entrada curada,Media/baja: OCR visual sin pasajes detectados,1,0,0,,"hacheros, musica, terminologia","Integrado en Historia, Hacheros y Musica",Debate archeros/hacheros y musica propia,Todos los documentos del catalogo forman parte del corpus sanmarcialero local; las pistas automaticas deben contrastarse con la fuente original.
88130fbc0c1f,1929,1929-07-02,El País Vasco,1929-07-02,Prensa o revista,/home/gaizka/Alarde/Revistas y periodicos/1929/1929-07-02 - El País Vasco.pdf,Indice real iniciado con entrada curada,Baja: OCR visual con timeout; requiere lectura manual,1,0,0,,"hacheros, musica, terminologia","Integrado en Historia, Hacheros y Musica",Debate archeros/hacheros y musica propia,Todos los documentos del catalogo forman parte del corpus sanmarcialero local; las pistas automaticas deben contrastarse con la fuente original.
ea02d4aa8f50,1929,1929-07-02,Estampa Madrid,1929-07-02,Prensa o revista,/home/gaizka/Alarde/Revistas y periodicos/1929/1929-07-02 - Estampa Madrid.pdf,Indice real iniciado con entrada curada,Alta: texto extraido del PDF,1,2,0,,"companias, hacheros, musica, terminologia","Integrado en Historia, Hacheros y Musica | Referencia localizada por barrido textual",Debate archeros/hacheros y musica propia,Todos los documentos del catalogo forman parte del corpus sanmarcialero local; las pistas automaticas deben contrastarse con la fuente original.
558ad86e2c8d,1929,1929-07-02,La Voz de Guipúzcoa - Diario Republicano,1929-07-02,Prensa o revista,/home/gaizka/Alarde/Revistas y periodicos/1929/1929-07-02 - La Voz de Guipúzcoa - Diario Republicano.pdf,Indice real iniciado con entrada curada,Baja: OCR visual con timeout; requiere lectura manual,1,0,0,,"hacheros, musica, terminologia","Integrado en Historia, Hacheros y Musica",Debate archeros/hacheros y musica propia,Todos los documentos del catalogo forman parte del corpus sanmarcialero local; las pistas automaticas deben contrastarse con la fuente original.
edfcad3a1de3,1929,1929-07-07,El Bidasoa,1929-07-07,Prensa o revista,/home/gaizka/Alarde/Revistas y periodicos/1929/1929-07-07 - El Bidasoa.pdf,Indice real iniciado con entrada curada,Alta: texto extraido del PDF,1,6,0,,"cantineras, companias, hacheros, mandos, musica, ritual, terminologia","Integrado en Historia, Hacheros y Musica | Referencia localizada por barrido textual",Debate archeros/hacheros y musica propia,Todos los documentos del catalogo forman parte del corpus sanmarcialero local; las pistas automaticas deben contrastarse con la fuente original.
91fa9e27cfc7,1929,1929-07-14,El Bidasoa,1929-07-14,Prensa o revista,/home/gaizka/Alarde/Revistas y periodicos/1929/1929-07-14 - El Bidasoa.pdf,Indice real iniciado con entrada curada,Alta: texto extraido del PDF,1,7,0,,"Alarde, cantineras, companias, hacheros, mandos, musica, terminologia","Integrado en Historia, Hacheros y Musica | Referencia localizada por barrido textual",Debate archeros/hacheros y musica propia,Todos los documentos del catalogo forman parte del corpus sanmarcialero local; las pistas automaticas deben contrastarse con la fuente original.
f5511685b6aa,1930,1930,Programa de fiestas,1930A,Programa de fiestas,/home/gaizka/Alarde/Programas de fiestas/1930A.pdf,Catalogado con pistas automaticas pendientes de verificacion,Media/baja: OCR visual con pasajes detectados,0,1,1,7,mandos,Referencia localizada por OCR visual; revisar contra imagen original,Pasaje localizado por OCR visual,Todos los documentos del catalogo forman parte del corpus sanmarcialero local; las pistas automaticas deben contrastarse con la fuente original.
ff007bcc1b93,1930,1930,Programa de fiestas,1930B,Programa de fiestas,/home/gaizka/Alarde/Programas de fiestas/1930B.pdf,Catalogado con pistas automaticas pendientes de verificacion,Media/baja: OCR visual con pasajes detectados,0,3,3,"2, 4, 6","alarde, companias, mandos, musica, recorrido",Referencia localizada por OCR visual; revisar contra imagen original,"1| Sasirería SAN MARCIAL | Ea EPreción nnimos 1 —O — | | * hi + + i É ALMACENES S e EEE f : S dimiten género H IRÚN - CA | | %í San Pedro í% | EE AM San Marcial - A lo = = | Casa ARTIGAS. | | | A ae + p parte del concierto por 1a A continusción ambas Bandas precedidas de pifanos y D , Y | recorrerán la poblac",Todos los documentos del catalogo forman parte del corpus sanmarcialero local; las pistas automaticas deben contrastarse con la fuente original.
2cdaeeb6cc7b,1930,1930,Programa de fiestas,1930C,Programa de fiestas,/home/gaizka/Alarde/Programas de fiestas/1930C.pdf,Catalogado con pistas automaticas pendientes de verificacion,Media/baja: OCR visual con pasajes detectados,0,1,1,1,"musica, ritual",Referencia localizada por OCR visual; revisar contra imagen original,"| D7 h —y y | J De 610 y mella: Concierto de bailables en la Plaza w | | d de Píy Margull, por la Banda Miltar | \ e - -",Todos los documentos del catalogo forman parte del corpus sanmarcialero local; las pistas automaticas deben contrastarse con la fuente original.
aebe8f3b2ce8,1930,1930,Programa de fiestas,1930D,Programa de fiestas,/home/gaizka/Alarde/Programas de fiestas/1930D.pdf,Catalogado con pistas automaticas pendientes de verificacion,Media/baja: OCR visual con pasajes detectados,0,3,3,"1, 3, 7","caballeria, mandos",Referencia localizada por OCR visual; revisar contra imagen original,"Pasaje localizado por OCR visual | r A — g————r* f ee — 7.\ | GG SAR-RESTA URA, G ) a a Ea | \ N = EA SALONES GO | | I \ Z Ds PELUQUERIA £ | De CAZE | FBL[ | Pasaje localizado por OCR visual",Todos los documentos del catalogo forman parte del corpus sanmarcialero local; las pistas automaticas deben contrastarse con la fuente original.
1182e2fe0ed8,1930,1930-06-01,El Bidasoa,1930-06-01,Prensa o revista,/home/gaizka/Alarde/Revistas y periodicos/1930/1930-06-01 - El Bidasoa.pdf,Catalogado con pistas automaticas pendientes de verificacion,Alta: texto extraido del PDF,0,7,0,,"Alarde, companias, mandos, ritual, suspensiones/cambios",Referencia localizada por barrido textual,"'■ ¡its muchachas, y alboroten sin con- ♦ ♦ * Pedro y San Marcial, por más justo y merecido, Puede s | (pregunta uno después de la entusiasta Corte de pelo 0,75 calle San Marcial. |® | 1.200 metros \isos, campeón Drapet nuestros equipiers en París contra el ^ H a salido para Madrid y | Salto de pértiga, campeón Vegué de S m Pedro, en Gal. zut», de Fuenterrabia, la señora viuda toman p | f¡r<iue a nosotros nos alcanza el sino auténticos, para que no suceda lo por nuestro querido Delegad",Todos los documentos del catalogo forman parte del corpus sanmarcialero local; las pistas automaticas deben contrastarse con la fuente original.
552d71ed21b8,1930,1930-06-08,El Bidasoa,1930-06-08,Prensa o revista,/home/gaizka/Alarde/Revistas y periodicos/1930/1930-06-08 - El Bidasoa.pdf,Catalogado con pistas automaticas pendientes de verificacion,Alta: texto extraido del PDF,0,7,0,,"Alarde, companias, mandos, ritual",Referencia localizada por barrido textual,"délos hechos, van siempre acompaña­ alguno, que pueda tachárseme de exa­ | grande que no se puede apreciar sin felicidad. legio de San Marcial, que dirigen,. | hombres de cincuenta y sesenta años a sus ocupaciones y sentirse algo in­ aun más. Frontera que repa | otroa Oriente; aquélla se inspira en blica preconizada por tantos apóstoles Introdusione de Sammartí | pero mortal para la Patria. ben imaginar. Sin perderse uno solo. 57 aniversario del tristísimo suces",Todos los documentos del catalogo forman parte del corpus sanmarcialero local; las pistas automaticas deben contrastarse con la fuente original.
b37733264291,1930,1930-06-15,El Bidasoa,1930-06-15,Prensa o revista,/home/gaizka/Alarde/Revistas y periodicos/1930/1930-06-15 - El Bidasoa.pdf,Catalogado con pistas automaticas pendientes de verificacion,Alta: texto extraido del PDF,0,8,0,,"Alarde, cantineras, companias, mandos, musica, suspensiones/cambios",Referencia localizada por barrido textual,"-Así es, efectivamente; por cierto -^Nada de eso. He citado la pelu­ en efectivo metálico o de papel | Las Ordenanzas municipales son | PASEO DE COLON, 4 | iaestro «Maravilla> va muyanima- miento propio, ni el ajeno. Ya lo sabéis si Compañía. | j(in de reunirse con sus compañeros Yo sé de algunos amigos que no pudie­ misión de Fomento señor Re",Todos los documentos del catalogo forman parte del corpus sanmarcialero local; las pistas automaticas deben contrastarse con la fuente original.
321b8f0aa3f0,1930,1930-06-22,El Bidasoa,1930-06-22,Prensa o revista,/home/gaizka/Alarde/Revistas y periodicos/1930/1930-06-22 - El Bidasoa.pdf,Catalogado con pistas automaticas pendientes de verificacion,Alta: texto extraido del PDF,0,7,0,,"Alarde, cantineras, companias, ritual",Referencia localizada por barrido textual,"Hablañas Tenemos hombre, En vísperas de San Marcial Cagancho viene T ó m b o la | Universo, éste disparo cósmico, lo ad­ Bodega - Cuende viva el Alarde. Paseo de Colón, n.“ 100-1 .“ | común entre estudiantes: Es que, la no sometido a los mandatos de la cien­ tres nuevas compañías: la | creen los majaderoe de los poetas, si­ Calle San Marcial, 10 | de, enAmute. Art. 3 — En esta carrera se dispu­ almorzar en el monte el dia de San Marcial,",Todos los documentos del catalogo forman parte del corpus sanmarcialero local; las pistas automaticas deben contrastarse con la fuente original.
2beff35da107,1930,1930-06-29,El Bidasoa,1930-06-29,Prensa o revista,/home/gaizka/Alarde/Revistas y periodicos/1930/1930-06-29 - El Bidasoa.pdf,Catalogado con pistas automaticas pendientes de verificacion,Alta: texto extraido del PDF,0,6,0,,"Alarde, cantineras, companias, mandos, ritual, suspensiones/cambios",Referencia localizada por barrido textual,"Así como en un hogar feliz el santo hallarse ei: las manos en que se halla Nuestra doble enhorabuena | Bcomo quien dice, la escuela exten­ ordenanzas y reglamentos difíciles de vibramos de entusiasmo y c | E l B id a s o a FEDERICO BANORES | Luego vino el tranvía de muías, el nuestro alarde, con los elogios de ri­ serve la tradición Y si en algo coinci­ | para alguno. Yo tengo para mí que ahora tral que la Compañía Nacional Telefó­",Todos los documentos del catalogo forman parte del corpus sanmarcialero local; las pistas automaticas deben contrastarse con la fuente original.
14f3ed487223,1930,1930-06-29,El Dia,1930-06-29,Prensa o revista,/home/gaizka/Alarde/Revistas y periodicos/1930/1930-06-29 - El Dia.pdf,Catalogado; pendiente de indice humano,Media/baja: OCR visual sin pasajes detectados,0,0,0,,,,,Todos los documentos del catalogo forman parte del corpus sanmarcialero local; las pistas automaticas deben contrastarse con la fuente original.
314008a63feb,1930,1930-06-29,La Constancia,1930-06-29,Prensa o revista,/home/gaizka/Alarde/Revistas y periodicos/1930/1930-06-29 - La Constancia.pdf,Catalogado; pendiente de indice humano,Alta: texto extraido del PDF,0,0,0,,,,,Todos los documentos del catalogo forman parte del corpus sanmarcialero local; las pistas automaticas deben contrastarse con la fuente original.
ca964a0d1dc5,1930,1930-07-01,El Dia,1930-07-01,Prensa o revista,/home/gaizka/Alarde/Revistas y periodicos/1930/1930-07-01 - El Dia.pdf,Catalogado; pendiente de indice humano,Media/baja: OCR visual sin pasajes detectados,0,0,0,,,,,Todos los documentos del catalogo forman parte del corpus sanmarcialero local; las pistas automaticas deben contrastarse con la fuente original.
b5d5c6a63001,1930,1930-07-01,El Pueblo Vasco,1930-07-01,Prensa o revista,/home/gaizka/Alarde/Revistas y periodicos/1930/1930-07-01 - El Pueblo Vasco.pdf,Catalogado; pendiente de indice humano,Media/baja: OCR visual sin pasajes detectados,0,0,0,,,,,Todos los documentos del catalogo forman parte del corpus sanmarcialero local; las pistas automaticas deben contrastarse con la fuente original.
9f6c519cb4fa,1930,1930-07-01,La Voz de Guipúzcoa - Diario Republicano,1930-07-01,Prensa o revista,/home/gaizka/Alarde/Revistas y periodicos/1930/1930-07-01 - La Voz de Guipúzcoa - Diario Republicano.pdf,Catalogado; requiere OCR mejorado o lectura manual,Baja: OCR visual con timeout; requiere lectura manual,0,0,0,,,,,Todos los documentos del catalogo forman parte del corpus sanmarcialero local; las pistas automaticas deben contrastarse con la fuente original.
ec047f6ca82f,1930,1930-07-06,El Bidasoa,1930-07-06,Prensa o revista,/home/gaizka/Alarde/Revistas y periodicos/1930/1930-07-06 - El Bidasoa.pdf,Catalogado con pistas automaticas pendientes de verificacion,Alta: texto extraido del PDF,0,5,0,,"Alarde, cantineras, companias, mandos",Referencia localizada por barrido textual,"- d e c ía - u n chatarrero norteam erica­ mos por maximidad de pensamiento? los días de San Pedro y | -Oye, enfermo; aquí está lo que rraflaga y los ediles que le acompañan, blo irunés, por esta y otras | Citando solo las importantes vemos broso para mi que Ortega y Gasset, el tos concursos, cada vez que | de San Pedro y San Marcial; pero en No he hecho ninguna conquista amorosa, | de cuyos autores rabiaban de verse Lejos de guardarme rencor por las soluta certeza, volvió cierto r",Todos los documentos del catalogo forman parte del corpus sanmarcialero local; las pistas automaticas deben contrastarse con la fuente original.
f243fabbbc08,1930,1930-07-12,La frontera,1930-07-12,Prensa o revista,/home/gaizka/Alarde/Revistas y periodicos/1930/1930-07-12 - La frontera.pdf,Catalogado; requiere OCR mejorado o lectura manual,Baja: OCR visual con timeout; requiere lectura manual,0,0,0,,,,,Todos los documentos del catalogo forman parte del corpus sanmarcialero local; las pistas automaticas deben contrastarse con la fuente original.
e8e581d3d41b,1931,1931,Programa de fiestas,1931A,Programa de fiestas,/home/gaizka/Alarde/Programas de fiestas/1931A.pdf,Catalogado con pistas automaticas pendientes de verificacion,Media/baja: OCR visual con pasajes detectados,0,1,1,4,mandos,Referencia localizada por OCR visual; revisar contra imagen original,Í cudia sin tardanza - al COMERCIO de Ecuardo García g b (el más antiguo y acreditado) DONDE ENCONTRARÉIS LOS TEJIDOS Q,Todos los documentos del catalogo forman parte del corpus sanmarcialero local; las pistas automaticas deben contrastarse con la fuente original.
cfa7cb81b091,1931,1931,Programa de fiestas,1931B,Programa de fiestas,/home/gaizka/Alarde/Programas de fiestas/1931B.pdf,Catalogado con pistas automaticas pendientes de verificacion,Media/baja: OCR visual con pasajes detectados,0,2,2,"4, 6","alarde, mandos",Referencia localizada por OCR visual; revisar contra imagen original,"ss Gaztelumendi | _ Tel, 159 General Preyre, 3 ¡ S E EEE - VINOS y LICORES P ENEnENENENE ENE Ne NNN aE 0E MANCAS ACREDIT | K S Z K u DE E 1| Selón ?gs¿í B b | EE ee EK S AN Ea | ; E S 27, 28, 29 y 30 de Junio é g y 1.* de Julio de 1931 1 Z S \",Todos los documentos del catalogo forman parte del corpus sanmarcialero local; las pistas automaticas deben contrastarse con la fuente original.
e0ea6d1e5822,1931,1931,Programa de fiestas,1931C,Programa de fiestas,/home/gaizka/Alarde/Programas de fiestas/1931C.pdf,Catalogado con pistas automaticas pendientes de verificacion,Media/baja: OCR visual con pasajes detectados,0,3,3,"2, 3, 6","companias, mandos, musica, recorrido",Referencia localizada por OCR visual; revisar contra imagen original,"O tambores y a los acordes del popular HIMNO DE SAN N A Solemne distribución de premios MARCIAL, recorterán la población | “ , dA d m…_ Ge G TT E EE n N GET | ZTZ E— ; verificará el descenso de las fuerzas del Alarde, las cuales b AEA e siguie | dl o _ Frente a la la de los Paisanes IRUN - BEHOBIA un aa 1 TZ EOE 550 EZ sE (Z E Ge D- pbnGiE-aPar EE Ulegados y Elron",Todos los documentos del catalogo forman parte del corpus sanmarcialero local; las pistas automaticas deben contrastarse con la fuente original.
1f1096286814,1931,1931,Programa de fiestas,1931D,Programa de fiestas,/home/gaizka/Alarde/Programas de fiestas/1931D.pdf,Catalogado con pistas automaticas pendientes de verificacion,Media/baja: OCR visual con pasajes detectados,0,2,2,"1, 9","alarde, mandos",Referencia localizada por OCR visual; revisar contra imagen original,"OCE N eez O S e r E DEE BAUTISTA | e W \ Gulio Velez Fermín Cuende, sucer VERGEZ á a!| NE BEEK TA GOEK )'-'—'( IRUN SAN | | ESPECIALIDAD | ESTE BANCO SE HA CREADO PARA ARTÍCULOS DE niÑOS: GENERAL FREYRE, 1 | FAVORECER EL DESARROLLO DEL IRUN |",Todos los documentos del catalogo forman parte del corpus sanmarcialero local; las pistas automaticas deben contrastarse con la fuente original.
31aeceb4df84,1931,1931-06-14,El Bidasoa,1931-06-14,Prensa o revista,/home/gaizka/Alarde/Revistas y periodicos/1931/1931-06-14 - El Bidasoa.pdf,Catalogado con pistas automaticas pendientes de verificacion,Alta: texto extraido del PDF,0,6,0,,"Alarde, companias, ritual",Referencia localizada por barrido textual,"El Colegio de Agentes de Aduana lar, de fumar, de reírse, de ponerse Pues bien, compañeros de concej | San Marcial, 3 -2.' a los españoles republicanos que pen- Eloy IglesUs. ¡uiprenta de Vali^ertie. TITO. | irunés del Ayuntamiento presidido por Compañeros: No espereis de mí elo­ Señor Alcalde: ¿No podríamo | las Ordenanzas de Aduanas. En las | nárquicos los que lo hagan? Basta, para el afán del estímulo generoso, para solía pleitear con la Co",Todos los documentos del catalogo forman parte del corpus sanmarcialero local; las pistas automaticas deben contrastarse con la fuente original.
2375971870e2,1931,1931-06-18,La Voz de Guipúzcoa - Diario Republicano,1931-06-18,Prensa o revista,/home/gaizka/Alarde/Revistas y periodicos/1931/1931-06-18 - La Voz de Guipúzcoa - Diario Republicano.pdf,Catalogado; pendiente de indice humano,Alta: texto extraido del PDF,0,0,0,,,,,Todos los documentos del catalogo forman parte del corpus sanmarcialero local; las pistas automaticas deben contrastarse con la fuente original.
e51045704b50,1931,1931-06-21,El Bidasoa,1931-06-21,Prensa o revista,/home/gaizka/Alarde/Revistas y periodicos/1931/1931-06-21 - El Bidasoa.pdf,Catalogado con pistas automaticas pendientes de verificacion,Alta: texto extraido del PDF,0,5,0,,"cantineras, companias, mandos, musica, ritual, suspensiones/cambios",Referencia localizada por barrido textual,"brará en la ermita de San Marcial la | en busca de la Muerte cuando la la llama certera del art. 2 9 8 de las Ordenanzas de ésta harto demo | perada evolución de las cosas, ningún sas excepciones determinadas. malloa Berasategui, acompañando | suerte de bailar con él, es soberbio, ade­ año constituirá a buen seguro otro Nos informan ^que la c | y en caso contrario en el Trinquete tro pueblo la tradicional diana por la te en la serena discusión",Todos los documentos del catalogo forman parte del corpus sanmarcialero local; las pistas automaticas deben contrastarse con la fuente original.
4e454be7861e,1931,1931-06-28,El Bidasoa,1931-06-28,Prensa o revista,/home/gaizka/Alarde/Revistas y periodicos/1931/1931-06-28 - El Bidasoa.pdf,Catalogado con pistas automaticas pendientes de verificacion,Alta: texto extraido del PDF,0,7,0,,"Alarde, cantineras, companias, mandos, ritual",Referencia localizada por barrido textual,"En la <i.Revista de los Tribunales* el día de San Marcial, van en la frente vidual, de orden meramen | Ig u a lm e n te el e s c rito . block. de las fuerzas del Alarde) favor. | Sr. Director de E L BIDASOA de San Pedro y San Marcial, | aceprado una Presidencia de Au­ jubiloso y contento, voto que en la izquierda llevas el | he llegado a comprender, dejaron de las cantineras porque estamos en vera­ le un presente como pago",Todos los documentos del catalogo forman parte del corpus sanmarcialero local; las pistas automaticas deben contrastarse con la fuente original.
2dfbde2d0402,1931,1931-06-30,El Dia,1931-06-30,Prensa o revista,/home/gaizka/Alarde/Revistas y periodicos/1931/1931-06-30 - El Dia.pdf,Catalogado; pendiente de indice humano,Baja: OCR visual con texto insuficiente,0,0,0,,,,,Todos los documentos del catalogo forman parte del corpus sanmarcialero local; las pistas automaticas deben contrastarse con la fuente original.
ab044038fab9,1931,1931-06-30,El Pueblo Vasco,1931-06-30,Prensa o revista,/home/gaizka/Alarde/Revistas y periodicos/1931/1931-06-30 - El Pueblo Vasco.pdf,Catalogado; pendiente de indice humano,Media/baja: OCR visual sin pasajes detectados,0,0,0,,,,,Todos los documentos del catalogo forman parte del corpus sanmarcialero local; las pistas automaticas deben contrastarse con la fuente original.
4871044e1c21,1931,1931-07-01,El Dia,1931-07-01,Prensa o revista,/home/gaizka/Alarde/Revistas y periodicos/1931/1931-07-01 - El Dia.pdf,Catalogado; requiere OCR mejorado o lectura manual,Baja: OCR visual con timeout; requiere lectura manual,0,0,0,,,,,Todos los documentos del catalogo forman parte del corpus sanmarcialero local; las pistas automaticas deben contrastarse con la fuente original.
ecbfd3433cef,1931,1931-07-01,El Pueblo Vasco,1931-07-01,Prensa o revista,/home/gaizka/Alarde/Revistas y periodicos/1931/1931-07-01 - El Pueblo Vasco.pdf,Catalogado; pendiente de indice humano,Sin texto util; requiere lectura manual,0,0,0,,,,,Todos los documentos del catalogo forman parte del corpus sanmarcialero local; las pistas automaticas deben contrastarse con la fuente original.
80c7182957c3,1931,1931-07-01,La Voz de Guipúzcoa - Diario Republicano,1931-07-01,Prensa o revista,/home/gaizka/Alarde/Revistas y periodicos/1931/1931-07-01 - La Voz de Guipúzcoa - Diario Republicano.pdf,Catalogado; requiere OCR mejorado o lectura manual,Baja: OCR visual con timeout; requiere lectura manual,0,0,0,,,,,Todos los documentos del catalogo forman parte del corpus sanmarcialero local; las pistas automaticas deben contrastarse con la fuente original.
5c066fa8a440,1931,1931-07-02,Sin frontera,1931-07-02,Prensa o revista,/home/gaizka/Alarde/Revistas y periodicos/1931/1931-07-02 - Sin frontera.pdf,Catalogado; requiere OCR mejorado o lectura manual,Baja: OCR visual con timeout; requiere lectura manual,0,0,0,,,,,Todos los documentos del catalogo forman parte del corpus sanmarcialero local; las pistas automaticas deben contrastarse con la fuente original.
d3439d035199,1931,1931-07-05,El Bidasoa,1931-07-05,Prensa o revista,/home/gaizka/Alarde/Revistas y periodicos/1931/1931-07-05 - El Bidasoa.pdf,Catalogado con pistas automaticas pendientes de verificacion,Alta: texto extraido del PDF,0,8,0,,"Alarde, cantineras, companias, mandos, musica, ritual",Referencia localizada por barrido textual,"Algo sobre Tengamos esperanza EVOCANDO VUESTRAS FIESTAS | El anteproyecto habla de funciones votos, debe estar satisfechísimo de que como yo, al volver sus oj | El partido de Fútbol entre la Socie­ Junio, día de San Marcial. Será un | me voy volviendo casi viejo, mientras les del soldado de San Marcial, | nes quieren decir que la solución cons­ líticos, dejando que el pueblo se mani­ San Marcial!... La b",Todos los documentos del catalogo forman parte del corpus sanmarcialero local; las pistas automaticas deben contrastarse con la fuente original.
ebb27f2844ff,1931,1931-08-08,Caras y caretas Buenos Aires 714,1931-08-08,Prensa o revista,/home/gaizka/Alarde/Revistas y periodicos/1931/1931-08-08 - Caras y caretas Buenos Aires 714.pdf,Catalogado; pendiente de indice humano,Alta: texto extraido del PDF,0,0,0,,,,,Todos los documentos del catalogo forman parte del corpus sanmarcialero local; las pistas automaticas deben contrastarse con la fuente original.
9db7d8cd0f33,1932,1932,Programa de fiestas,1932A,Programa de fiestas,/home/gaizka/Alarde/Programas de fiestas/1932A.pdf,Catalogado con pistas automaticas pendientes de verificacion,Media/baja: OCR visual con pasajes detectados,0,3,3,"2, 4, 5","alarde, musica, recorrido, ritual",Referencia localizada por OCR visual; revisar contra imagen original,"N N — X SAN PEDRO O Sb b O el e » SAN MARCIAL Y — 9646607 40.0-0-0.04-0.04-0.0.0.0 — —l A A | la de pífanos y tambores y a los acordes del A las diez : Concierto por la Banda «Gure f popular Himno de San Marcial, r | A con- A tinuación, recorrerá las calles de costumbre, con la cooperación de la Excma, Diputación dirigiéndose a la Ermi",Todos los documentos del catalogo forman parte del corpus sanmarcialero local; las pistas automaticas deben contrastarse con la fuente original.
bad518ab6197,1932,1932,Programa de fiestas,1932B,Programa de fiestas,/home/gaizka/Alarde/Programas de fiestas/1932B.pdf,Catalogado con pistas automaticas pendientes de verificacion,Media/baja: OCR visual con pasajes detectados,0,1,1,3,alarde,Referencia localizada por OCR visual; revisar contra imagen original,"[ a é Fonda-Restaurant «SAN MARCIAL» 5 E Py EA ¡ — AEE y V* de Pedro Aurquía á e g anlasio N d d | a , ECOOOOOO oo — o D",Todos los documentos del catalogo forman parte del corpus sanmarcialero local; las pistas automaticas deben contrastarse con la fuente original.
f24ccf1226ad,1932,1932-01-01,Txistulari - AEHTE-HEM-AEHTE6000-1932 01 01 AEHTE7324 AEHTE6288,1932-01-01,Prensa o revista,/home/gaizka/Alarde/Revistas y periodicos/1932/1932-01-01 - Txistulari - AEHTE-HEM-AEHTE6000-1932 01 01 AEHTE7324 AEHTE6288.pdf,Indice real iniciado con entrada curada,Alta: texto extraido del PDF,1,2,0,,"Bidasoa fronterizo, anecdota de 1895, cantineras, companias, mandos, ritual, romeria armada, uniformes","Integrado en Historia, Hacheros, Artilleria y Caballeria | Referencia localizada por barrido textual","Martin de Anguiozar, ""Alarde de Irun""",Todos los documentos del catalogo forman parte del corpus sanmarcialero local; las pistas automaticas deben contrastarse con la fuente original.
acf86636289f,1932,1932-06-04,El Bidasoa,1932-06-04,Prensa o revista,/home/gaizka/Alarde/Revistas y periodicos/1932/1932-06-04 - El Bidasoa.pdf,Indice real iniciado con entrada curada,Alta: texto extraido del PDF,1,4,0,,"Alarde, Bidasoa fronterizo, anecdota de 1895, companias, ritual, romeria armada, uniformes","Integrado en Historia, Hacheros, Artilleria y Caballeria | Referencia localizada por barrido textual","Martin de Anguiozar, ""Alarde de Irun""",Todos los documentos del catalogo forman parte del corpus sanmarcialero local; las pistas automaticas deben contrastarse con la fuente original.
8a3bc2c3e50e,1932,1932-06-11,El Bidasoa,1932-06-11,Prensa o revista,/home/gaizka/Alarde/Revistas y periodicos/1932/1932-06-11 - El Bidasoa.pdf,Indice real iniciado con entrada curada,Alta: texto extraido del PDF,1,7,0,,"Alarde, Bidasoa fronterizo, anecdota de 1895, cantineras, companias, mandos, musica, ritual, romeria armada, uniformes","Integrado en Historia, Hacheros, Artilleria y Caballeria | Referencia localizada por barrido textual","Martin de Anguiozar, ""Alarde de Irun""",Todos los documentos del catalogo forman parte del corpus sanmarcialero local; las pistas automaticas deben contrastarse con la fuente original.
52fcab68d8dc,1932,1932-06-18,El Bidasoa,1932-06-18,Prensa o revista,/home/gaizka/Alarde/Revistas y periodicos/1932/1932-06-18 - El Bidasoa.pdf,Indice real iniciado con entrada curada,Alta: texto extraido del PDF,1,6,0,,"Bidasoa fronterizo, anecdota de 1895, companias, mandos, ritual, romeria armada, uniformes","Integrado en Historia, Hacheros, Artilleria y Caballeria | Referencia localizada por barrido textual","Martin de Anguiozar, ""Alarde de Irun""",Todos los documentos del catalogo forman parte del corpus sanmarcialero local; las pistas automaticas deben contrastarse con la fuente original.
c2f4dfb09cdc,1932,1932-06-25,El Bidasoa,1932-06-25,Prensa o revista,/home/gaizka/Alarde/Revistas y periodicos/1932/1932-06-25 - El Bidasoa.pdf,Indice real iniciado con entrada curada,Alta: texto extraido del PDF,1,8,0,,"Bidasoa fronterizo, anecdota de 1895, companias, mandos, musica, ritual, romeria armada, uniformes","Integrado en Historia, Hacheros, Artilleria y Caballeria | Referencia localizada por barrido textual","Martin de Anguiozar, ""Alarde de Irun""",Todos los documentos del catalogo forman parte del corpus sanmarcialero local; las pistas automaticas deben contrastarse con la fuente original.
5aa969e73898,1932,1932-06-29,Easo,1932-06-29,Prensa o revista,/home/gaizka/Alarde/Revistas y periodicos/1932/1932-06-29 - Easo.pdf,Indice real iniciado con entrada curada,Baja: OCR visual con timeout; requiere lectura manual,1,0,0,,"Bidasoa fronterizo, anecdota de 1895, romeria armada, uniformes","Integrado en Historia, Hacheros, Artilleria y Caballeria","Martin de Anguiozar, ""Alarde de Irun""",Todos los documentos del catalogo forman parte del corpus sanmarcialero local; las pistas automaticas deben contrastarse con la fuente original.
0c90df9285a4,1932,1932-06-30,El Dia,1932-06-30,Prensa o revista,/home/gaizka/Alarde/Revistas y periodicos/1932/1932-06-30 - El Dia.pdf,Indice real iniciado con entrada curada,Baja: OCR visual con timeout; requiere lectura manual,1,0,0,,"Bidasoa fronterizo, anecdota de 1895, romeria armada, uniformes","Integrado en Historia, Hacheros, Artilleria y Caballeria","Martin de Anguiozar, ""Alarde de Irun""",Todos los documentos del catalogo forman parte del corpus sanmarcialero local; las pistas automaticas deben contrastarse con la fuente original.
f9209da0164a,1932,1932-06-30,El Pueblo Vasco,1932-06-30,Prensa o revista,/home/gaizka/Alarde/Revistas y periodicos/1932/1932-06-30 - El Pueblo Vasco.pdf,Indice real iniciado con entrada curada,Baja: OCR visual con timeout; requiere lectura manual,1,0,0,,"Bidasoa fronterizo, anecdota de 1895, romeria armada, uniformes","Integrado en Historia, Hacheros, Artilleria y Caballeria","Martin de Anguiozar, ""Alarde de Irun""",Todos los documentos del catalogo forman parte del corpus sanmarcialero local; las pistas automaticas deben contrastarse con la fuente original.
89b0de1dda7c,1932,1932-07-01,Easo,1932-07-01,Prensa o revista,/home/gaizka/Alarde/Revistas y periodicos/1932/1932-07-01 - Easo.pdf,Indice real iniciado con entrada curada,Baja: OCR visual con timeout; requiere lectura manual,1,0,0,,"Bidasoa fronterizo, anecdota de 1895, romeria armada, uniformes","Integrado en Historia, Hacheros, Artilleria y Caballeria","Martin de Anguiozar, ""Alarde de Irun""",Todos los documentos del catalogo forman parte del corpus sanmarcialero local; las pistas automaticas deben contrastarse con la fuente original.
c01a3ba4eded,1932,1932-07-01,El Dia,1932-07-01,Prensa o revista,/home/gaizka/Alarde/Revistas y periodicos/1932/1932-07-01 - El Dia.pdf,Indice real iniciado con entrada curada,Baja: OCR visual con texto insuficiente,1,0,0,,"Bidasoa fronterizo, anecdota de 1895, romeria armada, uniformes","Integrado en Historia, Hacheros, Artilleria y Caballeria","Martin de Anguiozar, ""Alarde de Irun""",Todos los documentos del catalogo forman parte del corpus sanmarcialero local; las pistas automaticas deben contrastarse con la fuente original.
8702461adb5d,1932,1932-07-01,El Pueblo Vasco,1932-07-01,Prensa o revista,/home/gaizka/Alarde/Revistas y periodicos/1932/1932-07-01 - El Pueblo Vasco.pdf,Indice real iniciado con entrada curada,Baja: OCR visual con texto insuficiente,1,0,0,,"Bidasoa fronterizo, anecdota de 1895, romeria armada, uniformes","Integrado en Historia, Hacheros, Artilleria y Caballeria","Martin de Anguiozar, ""Alarde de Irun""",Todos los documentos del catalogo forman parte del corpus sanmarcialero local; las pistas automaticas deben contrastarse con la fuente original.
549b03b98fe0,1932,1932-07-01,La Voz de Guipúzcoa - Diario Republicano,1932-07-01,Prensa o revista,/home/gaizka/Alarde/Revistas y periodicos/1932/1932-07-01 - La Voz de Guipúzcoa - Diario Republicano.pdf,Indice real iniciado con entrada curada,Baja: OCR visual con timeout; requiere lectura manual,1,0,0,,"Bidasoa fronterizo, anecdota de 1895, romeria armada, uniformes","Integrado en Historia, Hacheros, Artilleria y Caballeria","Martin de Anguiozar, ""Alarde de Irun""",Todos los documentos del catalogo forman parte del corpus sanmarcialero local; las pistas automaticas deben contrastarse con la fuente original.
6e68740bb111,1932,1932-07-02,El Bidasoa,1932-07-02,Prensa o revista,/home/gaizka/Alarde/Revistas y periodicos/1932/1932-07-02 - El Bidasoa.pdf,Indice real iniciado con entrada curada,Alta: texto extraido del PDF,1,7,0,,"Bidasoa fronterizo, anecdota de 1895, cantineras, companias, mandos, ritual, romeria armada, uniformes","Integrado en Historia, Hacheros, Artilleria y Caballeria | Referencia localizada por barrido textual","Martin de Anguiozar, ""Alarde de Irun""",Todos los documentos del catalogo forman parte del corpus sanmarcialero local; las pistas automaticas deben contrastarse con la fuente original.
ff6924db8ddf,1932,1932-07-09,El Bidasoa,1932-07-09,Prensa o revista,/home/gaizka/Alarde/Revistas y periodicos/1932/1932-07-09 - El Bidasoa.pdf,Indice real iniciado con entrada curada,Alta: texto extraido del PDF,1,5,0,,"Bidasoa fronterizo, anecdota de 1895, companias, mandos, musica, ritual, romeria armada, uniformes","Integrado en Historia, Hacheros, Artilleria y Caballeria | Referencia localizada por barrido textual","Martin de Anguiozar, ""Alarde de Irun""",Todos los documentos del catalogo forman parte del corpus sanmarcialero local; las pistas automaticas deben contrastarse con la fuente original.
f72ea7add467,1933,1933,Foto Kruz,1933,Fuente fotografica,/home/gaizka/Alarde/Revistas y periodicos/1933/1933 - Foto Kruz.pdf,Catalogado; requiere OCR mejorado o lectura manual,Baja: OCR visual con timeout; requiere lectura manual,0,0,0,,,,,Todos los documentos del catalogo forman parte del corpus sanmarcialero local; las pistas automaticas deben contrastarse con la fuente original.
397e3a25150c,1933,1933,Programa de fiestas,1933A,Programa de fiestas,/home/gaizka/Alarde/Programas de fiestas/1933A.pdf,Catalogado con pistas automaticas pendientes de verificacion,Media/baja: OCR visual con pasajes detectados,0,1,1,3,"companias, recorrido",Referencia localizada por OCR visual; revisar contra imagen original,Pasaje localizado por OCR visual,Todos los documentos del catalogo forman parte del corpus sanmarcialero local; las pistas automaticas deben contrastarse con la fuente original.
0bb4ebd6bd06,1933,1933,Programa de fiestas,1933B,Programa de fiestas,/home/gaizka/Alarde/Programas de fiestas/1933B.pdf,Catalogado con pistas automaticas pendientes de verificacion,Media/baja: OCR visual con pasajes detectados,0,3,3,"3, 5, 6","alarde, caballeria, companias, mandos, musica",Referencia localizada por OCR visual; revisar contra imagen original,"Pasaje localizado por OCR visual | GO f SAN PEDRO y 1 PV AA - EN í SAN MARCIAL Y — T O Z n E GO - HT r n6 ibtimos. | Verhena = ee ZZ fuerzas del Alarde, en unión de su Estado Mayor, 35 =$ con el concurso de las Bandas Municipal y $5 23 c",Todos los documentos del catalogo forman parte del corpus sanmarcialero local; las pistas automaticas deben contrastarse con la fuente original.
0d7ec92a9b33,1933,1933,Programa de fiestas,1933C,Programa de fiestas,/home/gaizka/Alarde/Programas de fiestas/1933C.pdf,Catalogado con pistas automaticas pendientes de verificacion,Media/baja: OCR visual con pasajes detectados,0,1,1,1,"musica, recorrido",Referencia localizada por OCR visual; revisar contra imagen original,"— Previa lkunada de 38 ZZ población con arreglo al finerario siguiente : $E EE e E m las fucrzas 38 E2 e de Colón, Fuero",Todos los documentos del catalogo forman parte del corpus sanmarcialero local; las pistas automaticas deben contrastarse con la fuente original.
8ac9b7fdb48f,1933,1933,Programa de fiestas,1933D,Programa de fiestas,/home/gaizka/Alarde/Programas de fiestas/1933D.pdf,Catalogado con pistas automaticas pendientes de verificacion,Media/baja: OCR visual con pasajes detectados,0,2,2,"2, 3","companias, mandos, recorrido",Referencia localizada por OCR visual; revisar contra imagen original,"La que MR NAU IRUN * Pasto de Colón, 42 - pz Er E ERO r )( ps- General Freyre; 3 EEE - U - EZ * mente para esta ze | Tm | E HOTEÉT REZTAUR ueramannosirinos| | UIU I 3 E 7;_,¿¿¿;(¿9__ ,,/ 7 VINOS_Y LICORES I 1\ I EAMICONDOW - |Juliana Aristiet",Todos los documentos del catalogo forman parte del corpus sanmarcialero local; las pistas automaticas deben contrastarse con la fuente original.
204a3d20d91d,1933,1933-06-10,El Bidasoa,1933-06-10,Prensa o revista,/home/gaizka/Alarde/Revistas y periodicos/1933/1933-06-10 - El Bidasoa.pdf,Catalogado con pistas automaticas pendientes de verificacion,Alta: texto extraido del PDF,0,8,0,,"Alarde, companias, mandos, musica, ritual",Referencia localizada por barrido textual,"C O N V O C A T O R IA S | Ijsfuerzas del Alarde, en unión de su tiro de pichón, en el Estadio Gal, o rg a ­ porterías, y más de uno hagan el pa­ | Me parece que en el mismo domina De acuerdo. Le llamaríamos Eapaña ta Y cinco compañeros que con su | San Marcial. celentísima D ipu­ regresado de (a República Argentina | iducir, no creo que nos hallamos ante que el juego magnífico, preciso, inspi­ ni contrario a la verd",Todos los documentos del catalogo forman parte del corpus sanmarcialero local; las pistas automaticas deben contrastarse con la fuente original.
8c2f846470c5,1933,1933-06-17,El Bidasoa,1933-06-17,Prensa o revista,/home/gaizka/Alarde/Revistas y periodicos/1933/1933-06-17 - El Bidasoa.pdf,Catalogado con pistas automaticas pendientes de verificacion,Alta: texto extraido del PDF,0,7,0,,"Alarde, companias, mandos, ritual, suspensiones/cambios",Referencia localizada por barrido textual,"-see- La tercera conferencia de este elo­ que forman la compañía que toma | etc., etc.? Nos hacemos la ilusión de No sé si por San Marcial afluencia de fieles, que asistieron. | no. Aquí en Irún coincidió el vamente, para saludar al Cabildo | pico de alumnos cada maestro, causa para resistir ese enorme esfuerzo, cando a los enfermos en lugar | será todo lo necesario que se quiera, Algebra y Geometría, teníamos otro de ¡santiago, Urdanibia, Ur",Todos los documentos del catalogo forman parte del corpus sanmarcialero local; las pistas automaticas deben contrastarse con la fuente original.
a6707243d91c,1933,1933-06-30,El Dia,1933-06-30,Prensa o revista,/home/gaizka/Alarde/Revistas y periodicos/1933/1933-06-30 - El Dia.pdf,Catalogado; requiere OCR mejorado o lectura manual,Baja: OCR visual con timeout; requiere lectura manual,0,0,0,,,,,Todos los documentos del catalogo forman parte del corpus sanmarcialero local; las pistas automaticas deben contrastarse con la fuente original.
a5a4096b3c39,1933,1933-06-30,La Constancia,1933-06-30,Prensa o revista,/home/gaizka/Alarde/Revistas y periodicos/1933/1933-06-30 - La Constancia.pdf,Catalogado con pistas automaticas pendientes de verificacion,Alta: texto extraido del PDF,0,2,0,,"companias, mandos",Referencia localizada por barrido textual,-exterm^ar.^ ^ ^ ^ primer día el señor Largo Caballero: mes masas de piedras y removidas vio- | neral de brigada d Infantería de ¡Marina algunos sujetos dispuestos a convertir Aguas arriba del rio,Todos los documentos del catalogo forman parte del corpus sanmarcialero local; las pistas automaticas deben contrastarse con la fuente original.
e2e0f61d492f,1933,1933-06-30,La Voz de Guipúzcoa - Diario Republicano,1933-06-30,Prensa o revista,/home/gaizka/Alarde/Revistas y periodicos/1933/1933-06-30 - La Voz de Guipúzcoa - Diario Republicano.pdf,Catalogado; requiere OCR mejorado o lectura manual,Baja: OCR visual con timeout; requiere lectura manual,0,0,0,,,,,Todos los documentos del catalogo forman parte del corpus sanmarcialero local; las pistas automaticas deben contrastarse con la fuente original.
fb7a86f064f7,1933,1933-07-01,El Dia,1933-07-01,Prensa o revista,/home/gaizka/Alarde/Revistas y periodicos/1933/1933-07-01 - El Dia.pdf,Catalogado; requiere OCR mejorado o lectura manual,Baja: OCR visual con timeout; requiere lectura manual,0,0,0,,,,,Todos los documentos del catalogo forman parte del corpus sanmarcialero local; las pistas automaticas deben contrastarse con la fuente original.
be685dd5b7e3,1933,1933-07-01,El Pueblo Vasco,1933-07-01,Prensa o revista,/home/gaizka/Alarde/Revistas y periodicos/1933/1933-07-01 - El Pueblo Vasco.pdf,Catalogado; pendiente de indice humano,Baja: OCR visual con texto insuficiente,0,0,0,,,,,Todos los documentos del catalogo forman parte del corpus sanmarcialero local; las pistas automaticas deben contrastarse con la fuente original.
d31aa64b6a6f,1933,1933-07-01,La Voz de Guipúzcoa - Diario Republicano,1933-07-01,Prensa o revista,/home/gaizka/Alarde/Revistas y periodicos/1933/1933-07-01 - La Voz de Guipúzcoa - Diario Republicano.pdf,Catalogado; requiere OCR mejorado o lectura manual,Baja: OCR visual con timeout; requiere lectura manual,0,0,0,,,,,Todos los documentos del catalogo forman parte del corpus sanmarcialero local; las pistas automaticas deben contrastarse con la fuente original.
40f5b5de4913,1933,1933-07-08,El Bidasoa,1933-07-08,Prensa o revista,/home/gaizka/Alarde/Revistas y periodicos/1933/1933-07-08 - El Bidasoa.pdf,Catalogado con pistas automaticas pendientes de verificacion,Alta: texto extraido del PDF,0,5,0,,"companias, mandos, musica, ritual",Referencia localizada por barrido textual,"Alarde de San Marcial 37,50 LAUNDIS» IX GASTOS G E N E R A LE S Y S U E LD O S 45.920,40 | Sí, hombre. Aquellos Romanones, que tomaron parte los acompañantes rendiain. A sus hermanos don Fern | resultaría más recargada que la de La Compañía del Bidasoa, portadora | ro 931 de EL BIDASOA—la definición el voto unánime del pueblo. La comiti­ vicio como Agente de Vigil | ¡ta gratísima impresión de nuestra dem ás que se m etan en tan arriesgadas en puntos estratégicos, y",Todos los documentos del catalogo forman parte del corpus sanmarcialero local; las pistas automaticas deben contrastarse con la fuente original.
05768f6f1d30,1933,1933-07-08,Estampa,1933-07-08,Prensa o revista,/home/gaizka/Alarde/Revistas y periodicos/1933/1933-07-08 - Estampa.pdf,Catalogado; pendiente de indice humano,Alta: texto extraido del PDF,0,0,0,,,,,Todos los documentos del catalogo forman parte del corpus sanmarcialero local; las pistas automaticas deben contrastarse con la fuente original.
85fb173af5b0,1934,1934,Programa de fiestas,1934A,Programa de fiestas,/home/gaizka/Alarde/Programas de fiestas/1934A.pdf,Catalogado con pistas automaticas pendientes de verificacion,Media/baja: OCR visual con pasajes detectados,0,1,1,6,companias,Referencia localizada por OCR visual; revisar contra imagen original,— r = 2— | I.l' Z Z E EE E EEE EE E E EEE ZO_'I *H ' ALBAÑILERIA % á DEREK — N TINTORERIA X — MATERIALES UN D ME =N S DE,Todos los documentos del catalogo forman parte del corpus sanmarcialero local; las pistas automaticas deben contrastarse con la fuente original.
c7c13ea56593,1934,1934,Programa de fiestas,1934B,Programa de fiestas,/home/gaizka/Alarde/Programas de fiestas/1934B.pdf,Catalogado con pistas automaticas pendientes de verificacion,Media/baja: OCR visual con pasajes detectados,0,1,1,5,"companias, mandos, musica, recorrido",Referencia localizada por OCR visual; revisar contra imagen original,ENE od Alarde se reunirán en la M SO Grandes Regalas de Baleles e d eeez del Contridante s £ ENE EJ Gd a la Plaza de la,Todos los documentos del catalogo forman parte del corpus sanmarcialero local; las pistas automaticas deben contrastarse con la fuente original.
8e84afb78b1a,1934,1934,Programa de fiestas,1934C,Programa de fiestas,/home/gaizka/Alarde/Programas de fiestas/1934C.pdf,Catalogado; pendiente de indice humano,Media/baja: OCR visual sin pasajes detectados,0,0,0,,,,,Todos los documentos del catalogo forman parte del corpus sanmarcialero local; las pistas automaticas deben contrastarse con la fuente original.
caeb4c11b0cf,1934,1934,Programa de fiestas,1934D,Programa de fiestas,/home/gaizka/Alarde/Programas de fiestas/1934D.pdf,Catalogado con pistas automaticas pendientes de verificacion,Media/baja: OCR visual con pasajes detectados,0,2,2,"4, 6","companias, mandos",Referencia localizada por OCR visual; revisar contra imagen original,"E — — e - , — E E T a N N T T T IENOO — ag == as e ULTRAMARINOS FINOS JOSE [:…'Em Í """"H[m” H ULTRAMARINOS FINOS \ VINOS | bi | JE 1 D Banco de EN d D an Jebastián NE I'l Capital : 20 mille de e EO e%'** - d + 20 millones de pesetas E — UN w D",Todos los documentos del catalogo forman parte del corpus sanmarcialero local; las pistas automaticas deben contrastarse con la fuente original.
09579186055a,1934,1934-06-02,El Bidasoa,1934-06-02,Prensa o revista,/home/gaizka/Alarde/Revistas y periodicos/1934/1934-06-02 - El Bidasoa.pdf,Catalogado con pistas automaticas pendientes de verificacion,Alta: texto extraido del PDF,0,6,0,,"Alarde, companias, ritual",Referencia localizada por barrido textual,"cal y continuar sosteniendo el local, rita Pilar Camporredondo, después de pólito). Obtuvieron un vo | da de la Liga y el tener que decidirse esposo don Francisco, y su madre po­ dro y San Marcial. | envanece, voy a dar al que esto leyere. ga. Lana y Zufía, dimitieron de V oca­ misa de San Marcial y | ifo digo: 2 y 2=4, ésto es indiscuti- compañía de la fámula que temblaba es el campo, sino la ciudad | otra clase de personas, que a un núme­ el Irun’go Atsegiña, y había numero­ A la hora de los postres",Todos los documentos del catalogo forman parte del corpus sanmarcialero local; las pistas automaticas deben contrastarse con la fuente original.
e91f5efd2574,1934,1934-06-09,El Bidasoa,1934-06-09,Prensa o revista,/home/gaizka/Alarde/Revistas y periodicos/1934/1934-06-09 - El Bidasoa.pdf,Catalogado con pistas automaticas pendientes de verificacion,Alta: texto extraido del PDF,0,6,0,,"companias, mandos, musica, ritual, suspensiones/cambios",Referencia localizada por barrido textual,"Reciban nuestra más cordial enho­ tivos que tengan lugar en el Stadlum compañero que me entretiene l | Tenemos otro irunés en América reza y lo pone en vías de producirse caballero vasco les ofreció un p | anécdotas que no le vendrán mal ya EL ALARDE obra del retiro obrero en relación con el dia 22 , pero | ciados asuntos comerciales y ya desde dora experiencia cotidiana al rodar El día 22 de Mi yo próximo | es fácil tengan algo de risible como tar descalificados iban a alinear a El Cabildo Parroquial a est",Todos los documentos del catalogo forman parte del corpus sanmarcialero local; las pistas automaticas deben contrastarse con la fuente original.
23c292b3da68,1934,1934-06-16,El Bidasoa,1934-06-16,Prensa o revista,/home/gaizka/Alarde/Revistas y periodicos/1934/1934-06-16 - El Bidasoa.pdf,Catalogado con pistas automaticas pendientes de verificacion,Alta: texto extraido del PDF,0,5,0,,"Alarde, companias, mandos",Referencia localizada por barrido textual,"as tardes de los sábados, en las que en la mesita de la imprenta, termi- logro someter mi turbación, | co, junto con otros compañeros de con tu diariamente tu casa, departir | huella amable y ejemplar de su paso. Angel ante el porvenir, ante la vida dá el alma de la música te | juventud que llega de lejos a mi me­ tan humano. i Cuántas veces nos en­ Era, Alfonso, un caballero. | tm in ar sobre las albas cuartillas. Mientras sus compañeros de aque- cuatro amigos escribíamos y qu",Todos los documentos del catalogo forman parte del corpus sanmarcialero local; las pistas automaticas deben contrastarse con la fuente original.
9e5940c183a3,1934,1934-06-23,El Bidasoa,1934-06-23,Prensa o revista,/home/gaizka/Alarde/Revistas y periodicos/1934/1934-06-23 - El Bidasoa.pdf,Catalogado con pistas automaticas pendientes de verificacion,Alta: texto extraido del PDF,0,8,0,,"Alarde, companias, mandos, musica, ritual",Referencia localizada por barrido textual,"Fundado el semanario EL BIDASOA tan respetable compañero, muchas Nacián», así como querido colaborad | Siguiendo la costum bre de otros Ya se acercan las fiestas. Lo que más monotonía de la vida cotidian | Sus compañeros del antiguo Colegio estanco donde hizo la compra, no por motivando su fallecimiento s | cosa que (creo) no será del todo fraternal. Vemos en el Alarde que junto a La juventud de ambos sexos se prepara | ly parecido y de igual sentido. kilómetros de recorrido serán 140. el lunes, 25, por cerrarse el 30,",Todos los documentos del catalogo forman parte del corpus sanmarcialero local; las pistas automaticas deben contrastarse con la fuente original.
e6ee06f6ddc7,1934,1934-06-29,El Bidasoa,1934-06-29,Prensa o revista,/home/gaizka/Alarde/Revistas y periodicos/1934/1934-06-29 - El Bidasoa.pdf,Catalogado con pistas automaticas pendientes de verificacion,Alta: texto extraido del PDF,0,8,0,,"Alarde, companias, musica, ritual",Referencia localizada por barrido textual,"- mbargo, debiera suceder eso, que en salutación a San Pedro y San Marcial, de cien gritos de flecha | Eta jaraitu ziran ezanaz cial, no dejéis de entrar en la Ermita, | San Marcial | Sí, siempre hemos sido buenos bebe­ prados y montes sombras de misterio, |¡ V iva Irún 11 || V iva San Marcial II | es que asegura, además, que nada se Y la diana de Villarrobledo, los chis- «L a dietade los alimento",Todos los documentos del catalogo forman parte del corpus sanmarcialero local; las pistas automaticas deben contrastarse con la fuente original.
45835a22cea9,1934,1934-06-29,La Constancia,1934-06-29,Prensa o revista,/home/gaizka/Alarde/Revistas y periodicos/1934/1934-06-29 - La Constancia.pdf,Catalogado con pistas automaticas pendientes de verificacion,Alta: texto extraido del PDF,0,3,0,,"companias, mandos, ritual",Referencia localizada por barrido textual,"a ello. en su divina palabra. • DOCTOR RECIO. jón de uno de sus compañeros con tan ñi San Sebai tt'á | da de Lozano. SOBRE LOS CABLES E L E C T R I - | ralidad con motivo de la Ley de culti- tro capitán, y fué nuestro ejemplo. M i - ha reclamado', el s",Todos los documentos del catalogo forman parte del corpus sanmarcialero local; las pistas automaticas deben contrastarse con la fuente original.
15ae17e88ad2,1934,1934-06-30,El Dia,1934-06-30,Prensa o revista,/home/gaizka/Alarde/Revistas y periodicos/1934/1934-06-30 - El Dia.pdf,Catalogado; requiere OCR mejorado o lectura manual,Baja: OCR visual con timeout; requiere lectura manual,0,0,0,,,,,Todos los documentos del catalogo forman parte del corpus sanmarcialero local; las pistas automaticas deben contrastarse con la fuente original.
cb0131da9075,1934,1934-06-30,El Pueblo Vasco,1934-06-30,Prensa o revista,/home/gaizka/Alarde/Revistas y periodicos/1934/1934-06-30 - El Pueblo Vasco.pdf,Catalogado; pendiente de indice humano,Baja: OCR visual con texto insuficiente,0,0,0,,,,,Todos los documentos del catalogo forman parte del corpus sanmarcialero local; las pistas automaticas deben contrastarse con la fuente original.
5492b4c1a5b6,1934,1934-06-30,La Constancia,1934-06-30,Prensa o revista,/home/gaizka/Alarde/Revistas y periodicos/1934/1934-06-30 - La Constancia.pdf,Catalogado con pistas automaticas pendientes de verificacion,Alta: texto extraido del PDF,0,2,0,,"mandos, ritual",Referencia localizada por barrido textual,"liíiionarios, y a ser posible para tomar de navegación i r á el capitán- Jacome, • | luña, los iGobiernos de la República han gimen común no será obligatoria en las r a rfst/SSver el pr",Todos los documentos del catalogo forman parte del corpus sanmarcialero local; las pistas automaticas deben contrastarse con la fuente original.
2b6da921a520,1934,1934-06-30,La Voz de Guipúzcoa - Diario Republicano,1934-06-30,Prensa o revista,/home/gaizka/Alarde/Revistas y periodicos/1934/1934-06-30 - La Voz de Guipúzcoa - Diario Republicano.pdf,Catalogado; requiere OCR mejorado o lectura manual,Baja: OCR visual con timeout; requiere lectura manual,0,0,0,,,,,Todos los documentos del catalogo forman parte del corpus sanmarcialero local; las pistas automaticas deben contrastarse con la fuente original.
dafdc3e2f37c,1934,1934-07-01,El Dia,1934-07-01,Prensa o revista,/home/gaizka/Alarde/Revistas y periodicos/1934/1934-07-01 - El Dia.pdf,Catalogado; requiere OCR mejorado o lectura manual,Baja: OCR visual con timeout; requiere lectura manual,0,0,0,,,,,Todos los documentos del catalogo forman parte del corpus sanmarcialero local; las pistas automaticas deben contrastarse con la fuente original.
f086de239366,1934,1934-07-01,El Pueblo Vasco,1934-07-01,Prensa o revista,/home/gaizka/Alarde/Revistas y periodicos/1934/1934-07-01 - El Pueblo Vasco.pdf,Catalogado; pendiente de indice humano,Baja: OCR visual con texto insuficiente,0,0,0,,,,,Todos los documentos del catalogo forman parte del corpus sanmarcialero local; las pistas automaticas deben contrastarse con la fuente original.
715cf856c17c,1934,1934-07-01,La Constancia,1934-07-01,Prensa o revista,/home/gaizka/Alarde/Revistas y periodicos/1934/1934-07-01 - La Constancia.pdf,Catalogado con pistas automaticas pendientes de verificacion,Alta: texto extraido del PDF,0,1,0,,"companias, mandos, suspensiones/cambios",Referencia localizada por barrido textual,"i Estad seguros, queridos compañeros, Madrid. — Una comisión de diputados",Todos los documentos del catalogo forman parte del corpus sanmarcialero local; las pistas automaticas deben contrastarse con la fuente original.
14ca63edd856,1934,1934-07-01,La Voz de Guipúzcoa - Diario Republicano,1934-07-01,Prensa o revista,/home/gaizka/Alarde/Revistas y periodicos/1934/1934-07-01 - La Voz de Guipúzcoa - Diario Republicano.pdf,Catalogado; requiere OCR mejorado o lectura manual,Baja: OCR visual con timeout; requiere lectura manual,0,0,0,,,,,Todos los documentos del catalogo forman parte del corpus sanmarcialero local; las pistas automaticas deben contrastarse con la fuente original.
9592574c4f4a,1934,1934-07-03,La Voz de Guipúzcoa - Diario Republicano,1934-07-03,Prensa o revista,/home/gaizka/Alarde/Revistas y periodicos/1934/1934-07-03 - La Voz de Guipúzcoa - Diario Republicano.pdf,Catalogado; requiere OCR mejorado o lectura manual,Baja: OCR visual con timeout; requiere lectura manual,0,0,0,,,,,Todos los documentos del catalogo forman parte del corpus sanmarcialero local; las pistas automaticas deben contrastarse con la fuente original.
1dcd0bd0b703,1934,1934-07-07,El Bidasoa,1934-07-07,Prensa o revista,/home/gaizka/Alarde/Revistas y periodicos/1934/1934-07-07 - El Bidasoa.pdf,Catalogado con pistas automaticas pendientes de verificacion,Alta: texto extraido del PDF,0,7,0,,"Alarde, companias, mandos, ritual",Referencia localizada por barrido textual,"! defectos de sintaxis, pero al fin y al cabo la tierra y no hay porqué señalarlos a trópicos que no | Dooor L IIIZ IS O R O | San Pedro eta San Martzial egunak pecto a público y participantes. diferentes Cooperativas de la Provin al | Urtizberea, quien a pesar de encontrarse perturbable y caballero, seguro y com ­ do en este momeuto. | broche de la nuestra de San Marcial",Todos los documentos del catalogo forman parte del corpus sanmarcialero local; las pistas automaticas deben contrastarse con la fuente original.
638b0eeee99d,1935,1935,Programa de fiestas,1935A,Programa de fiestas,/home/gaizka/Alarde/Programas de fiestas/1935A.pdf,Catalogado; pendiente de indice humano,Media/baja: OCR visual sin pasajes detectados,0,0,0,,,,,Todos los documentos del catalogo forman parte del corpus sanmarcialero local; las pistas automaticas deben contrastarse con la fuente original.
57fdace62225,1935,1935,Programa de fiestas,1935B,Programa de fiestas,/home/gaizka/Alarde/Programas de fiestas/1935B.pdf,Catalogado con pistas automaticas pendientes de verificacion,Media/baja: OCR visual con pasajes detectados,0,3,3,"3, 5, 6","alarde, companias, musica, recorrido, ritual",Referencia localizada por OCR visual; revisar contra imagen original,"a y E F,_oeo 1 — CELEBRARSE LOS N ataz GO == DEEE ee a - :,¿ºº e [ ) \ B i % Y 28,20 30 DT W \ Y 1 rz JULIO 1935 | CON M | S SAEK EE El zel de las | O Pe OES 4]1e la nºéhº¡ — a I\' d EOb en unón de e Estado He aa y la municipal, amenizarán rrz | — La espresada , url dirigiéndose a k Ermita de San Marcial JI rontimuación la población con el mismo itinerario l ( A A",Todos los documentos del catalogo forman parte del corpus sanmarcialero local; las pistas automaticas deben contrastarse con la fuente original.
ec21160d73e2,1935,1935,Programa de fiestas,1935C,Programa de fiestas,/home/gaizka/Alarde/Programas de fiestas/1935C.pdf,Catalogado con pistas automaticas pendientes de verificacion,Media/baja: OCR visual con pasajes detectados,0,1,1,5,companias,Referencia localizada por OCR visual; revisar contra imagen original,Pasaje localizado por OCR visual,Todos los documentos del catalogo forman parte del corpus sanmarcialero local; las pistas automaticas deben contrastarse con la fuente original.
e3ba7e946a47,1935,1935,Programa de fiestas,1935D,Programa de fiestas,/home/gaizka/Alarde/Programas de fiestas/1935D.pdf,Catalogado; pendiente de indice humano,Media/baja: OCR visual sin pasajes detectados,0,0,0,,,,,Todos los documentos del catalogo forman parte del corpus sanmarcialero local; las pistas automaticas deben contrastarse con la fuente original.
9dbb9c5240af,1935,1935-06-01,El Bidasoa,1935-06-01,Prensa o revista,/home/gaizka/Alarde/Revistas y periodicos/1935/1935-06-01 - El Bidasoa.pdf,Catalogado con pistas automaticas pendientes de verificacion,Alta: texto extraido del PDF,0,6,0,,"Alarde, companias, mandos, ritual",Referencia localizada por barrido textual,COMPAÑIA DE COMEDIA MATEMATICAS - CIENCIAS | En el siglo X V íII tenía una im po­ nuestro querido Alarde. | En este caso el único que podría transmitiría desde el Estado Mayor | Gran Regata de bateles San Sebastián. La conferenciante des­ de mi casa y menudo errespeto le te­ di | UNA OBRA DE VOLUNTAD,Todos los documentos del catalogo forman parte del corpus sanmarcialero local; las pistas automaticas deben contrastarse con la fuente original.
0faebb6260c7,1935,1935-06-08,El Bidasoa,1935-06-08,Prensa o revista,/home/gaizka/Alarde/Revistas y periodicos/1935/1935-06-08 - El Bidasoa.pdf,Catalogado con pistas automaticas pendientes de verificacion,Alta: texto extraido del PDF,0,7,0,,"Alarde, cantineras, companias, mandos",Referencia localizada por barrido textual,"Campeonato de fútbol entre equipos dral de Falencia el matrimonial enlace de la en nuestro hermoso A | don Fermín Zaragüeta 6 cajas de jabón, Sra. Cooperativa Ferroviaria 1 botella de Jerez, usted más ex | este acontecimiento celebrado por todos sus compañeros, celebrado en la forma inextinguible juventud | organis ados por las Sociedades populares irunesas para tributado en Madrid, el jueves liltimo, mejo | tela para caballero, don Antonio Ortega con objeto de matricularse y poder",Todos los documentos del catalogo forman parte del corpus sanmarcialero local; las pistas automaticas deben contrastarse con la fuente original.
f09d10aa1116,1935,1935-06-15,El Bidasoa,1935-06-15,Prensa o revista,/home/gaizka/Alarde/Revistas y periodicos/1935/1935-06-15 - El Bidasoa.pdf,Catalogado con pistas automaticas pendientes de verificacion,Alta: texto extraido del PDF,0,8,0,,"Alarde, companias, mandos, suspensiones/cambios",Referencia localizada por barrido textual,"MEDICO - CIRUJANO | Montes. Josefa ¡Bergareche Taberna, Secundino Nú­ desde lasB í- él Ti de mis anículos; no n-.e hace | año de nuestro malogrado compañe­ re pero a mí que no amePantasio si quie­ dre. ¿Qué le parecen las | caballero que tanto quiso a Irán y bía gustao mucho y entonses com­ gente sana, poblada por una.cast | cogerla por el cuello y pondría como mados con tener de Presidente de una interviuvadores de «misses",Todos los documentos del catalogo forman parte del corpus sanmarcialero local; las pistas automaticas deben contrastarse con la fuente original.
c45787501a73,1935,1935-06-29,El Diario Vasco,1935-06-29,Prensa o revista,/home/gaizka/Alarde/Revistas y periodicos/1935/1935-06-29 - El Diario Vasco.pdf,Catalogado con pistas automaticas pendientes de verificacion,Alta: texto extraido del PDF,0,1,0,,suspensiones/cambios,Referencia localizada por barrido textual,E N SAN SEBASTIAN;,Todos los documentos del catalogo forman parte del corpus sanmarcialero local; las pistas automaticas deben contrastarse con la fuente original.
6c5e9a69bf1e,1935,1935-06-29,La Constancia,1935-06-29,Prensa o revista,/home/gaizka/Alarde/Revistas y periodicos/1935/1935-06-29 - La Constancia.pdf,Catalogado con pistas automaticas pendientes de verificacion,Alta: texto extraido del PDF,0,3,0,,"companias, mandos, ritual",Referencia localizada por barrido textual,"'voto iparticular del artículo cuarto, ca- Después entra el jefe del Gobierno. ciaba. • i- i-; •—' • | car aquellos calificativos que descargas- pectador Cándido o el espectador impú- | t r a t a r d d í voto particular al articula- ta : y esto, unido a oros .antecedentes",Todos los documentos del catalogo forman parte del corpus sanmarcialero local; las pistas automaticas deben contrastarse con la fuente original.
0cf1c595673e,1935,1935-06-30,El Dia,1935-06-30,Prensa o revista,/home/gaizka/Alarde/Revistas y periodicos/1935/1935-06-30 - El Dia.pdf,Catalogado; requiere OCR mejorado o lectura manual,Baja: OCR visual con timeout; requiere lectura manual,0,0,0,,,,,Todos los documentos del catalogo forman parte del corpus sanmarcialero local; las pistas automaticas deben contrastarse con la fuente original.
3d4b2469ff4f,1935,1935-06-30,El Diario Vasco,1935-06-30,Prensa o revista,/home/gaizka/Alarde/Revistas y periodicos/1935/1935-06-30 - El Diario Vasco.pdf,Catalogado con pistas automaticas pendientes de verificacion,Alta: texto extraido del PDF,0,2,0,,"Alarde, ritual",Referencia localizada por barrido textual,"forrnanco desde aquel Histórico momento sidente de la C á m a r a del t r i b u n a l ü© San Marcial | nía noticias de Barcelona, contestando implicaba la retirada del dictamen para mero de votos que se",Todos los documentos del catalogo forman parte del corpus sanmarcialero local; las pistas automaticas deben contrastarse con la fuente original.
9bd271bfc0a3,1935,1935-06-30,El Pueblo Vasco,1935-06-30,Prensa o revista,/home/gaizka/Alarde/Revistas y periodicos/1935/1935-06-30 - El Pueblo Vasco.pdf,Catalogado; pendiente de indice humano,Baja: OCR visual con texto insuficiente,0,0,0,,,,,Todos los documentos del catalogo forman parte del corpus sanmarcialero local; las pistas automaticas deben contrastarse con la fuente original.
7d0966a524f7,1935,1935-06-30,La Constancia,1935-06-30,Prensa o revista,/home/gaizka/Alarde/Revistas y periodicos/1935/1935-06-30 - La Constancia.pdf,Catalogado con pistas automaticas pendientes de verificacion,Alta: texto extraido del PDF,0,4,0,,"companias, mandos, musica, ritual",Referencia localizada por barrido textual,"EL LAICISMO PEDAGOGICO SIGUE COMO ANTES En un trimotor llegaron por h mañana los LA FIESTA DE LA | con l a Iglesia; mas ñ o de impaciencia . mas par aqüe l a censura se ejerza coa Entre el empresario | diosamente, sino que son inseparables Al primero le acompañaban su secre- licía facilitara una nota | ridiana que 'todas aquellas libertades se hizo; Los revolucionarlos en España* foco frecueates.",Todos los documentos del catalogo forman parte del corpus sanmarcialero local; las pistas automaticas deben contrastarse con la fuente original.
6fdedb69ba9d,1935,1935-06-30,La Voz de Guipúzcoa - Diario Republicano,1935-06-30,Prensa o revista,/home/gaizka/Alarde/Revistas y periodicos/1935/1935-06-30 - La Voz de Guipúzcoa - Diario Republicano.pdf,Catalogado; pendiente de indice humano,Alta: texto extraido del PDF,0,0,0,,,,,Todos los documentos del catalogo forman parte del corpus sanmarcialero local; las pistas automaticas deben contrastarse con la fuente original.
36800d861d72,1935,1935-07-01,El Pueblo Vasco,1935-07-01,Prensa o revista,/home/gaizka/Alarde/Revistas y periodicos/1935/1935-07-01 - El Pueblo Vasco.pdf,Catalogado; pendiente de indice humano,Baja: OCR visual con texto insuficiente,0,0,0,,,,,Todos los documentos del catalogo forman parte del corpus sanmarcialero local; las pistas automaticas deben contrastarse con la fuente original.
a8cfd26c6581,1935,1935-07-02,El Dia,1935-07-02,Prensa o revista,/home/gaizka/Alarde/Revistas y periodicos/1935/1935-07-02 - El Dia.pdf,Catalogado; requiere OCR mejorado o lectura manual,Baja: OCR visual con timeout; requiere lectura manual,0,0,0,,,,,Todos los documentos del catalogo forman parte del corpus sanmarcialero local; las pistas automaticas deben contrastarse con la fuente original.
42bb8d1b77ff,1935,1935-07-02,El Diario Vasco,1935-07-02,Prensa o revista,/home/gaizka/Alarde/Revistas y periodicos/1935/1935-07-02 - El Diario Vasco.pdf,Catalogado con pistas automaticas pendientes de verificacion,Alta: texto extraido del PDF,0,4,0,,"Alarde, companias, ritual",Referencia localizada por barrido textual,"Consulta de 3 a 5 — que ya h a b í a n ingresado en el Hospital nóstico reservado dos ocupantes del | industria lo permita. En este punto son muy bliana, que acaba de celebrarse, ha puesto de En Kyoto, | jefe, el ilustre es-ministro don Antonio patria y luchando frente a los embates de que Esipaña renun | su amor a E s p a ñ a . AGRESION A U N A CAMIONETA D E E X - DON ANTONIO V I E R O",Todos los documentos del catalogo forman parte del corpus sanmarcialero local; las pistas automaticas deben contrastarse con la fuente original.
1899f8f67c4b,1935,1935-07-02,La Constancia,1935-07-02,Prensa o revista,/home/gaizka/Alarde/Revistas y periodicos/1935/1935-07-02 - La Constancia.pdf,Catalogado con pistas automaticas pendientes de verificacion,Alta: texto extraido del PDF,0,4,0,,"companias, mandos, musica, ritual, suspensiones/cambios",Referencia localizada por barrido textual,"a Mas debía tener ya preparada su fu- personalidades. justicia social dice que si los capitalis- Gil | de * medianas fortunas, me parece una desaparecer la lucha de clases, se difi que lucha del benefici | ibía utilizado para subir a Ja ermita. tilla. Por Cataluña y por Vasconia, ¡Vi | odian más que los herejes, a la Guar- Todos debemos interesarnos y mucho este conflicto. . que fué j",Todos los documentos del catalogo forman parte del corpus sanmarcialero local; las pistas automaticas deben contrastarse con la fuente original.
5640105ed2d3,1935,1935-07-02,La Voz de Guipúzcoa - Diario Republicano,1935-07-02,Prensa o revista,/home/gaizka/Alarde/Revistas y periodicos/1935/1935-07-02 - La Voz de Guipúzcoa - Diario Republicano.pdf,Catalogado; requiere OCR mejorado o lectura manual,Baja: OCR visual con timeout; requiere lectura manual,0,0,0,,,,,Todos los documentos del catalogo forman parte del corpus sanmarcialero local; las pistas automaticas deben contrastarse con la fuente original.
d65cca8dc6de,1935,1935-07-03,Ahora,1935-07-03,Prensa o revista,/home/gaizka/Alarde/Revistas y periodicos/1935/1935-07-03 - Ahora.pdf,Catalogado con pistas automaticas pendientes de verificacion,Alta: texto extraido del PDF,0,1,0,,"companias, mandos",Referencia localizada por barrido textual,hoy a setecientos cincuenta y cuatro mi- rizado p a r a que en todo lo dispuesto en cesión de pases,Todos los documentos del catalogo forman parte del corpus sanmarcialero local; las pistas automaticas deben contrastarse con la fuente original.
c399f2a33a72,1935,1935-07-03,La Voz de Guipúzcoa - Diario Republicano,1935-07-03,Prensa o revista,/home/gaizka/Alarde/Revistas y periodicos/1935/1935-07-03 - La Voz de Guipúzcoa - Diario Republicano.pdf,Catalogado; requiere OCR mejorado o lectura manual,Baja: OCR visual con timeout; requiere lectura manual,0,0,0,,,,,Todos los documentos del catalogo forman parte del corpus sanmarcialero local; las pistas automaticas deben contrastarse con la fuente original.
3b3677e15ded,1935,1935-07-13,El Bidasoa,1935-07-13,Prensa o revista,/home/gaizka/Alarde/Revistas y periodicos/1935/1935-07-13 - El Bidasoa.pdf,Catalogado con pistas automaticas pendientes de verificacion,Alta: texto extraido del PDF,0,5,0,,"Alarde, companias, ritual",Referencia localizada por barrido textual,"Efctomba; Ermita, 7. Piso Amueblado | Golpin^ - Parl^ PARA UNA SUENA M ESA | a catorce años, para que no descala­ J . J . Alcayaga 10 El Colegio de San Marcial, de esta Ciu­ | dificil ponerse serio ante este divertido cuadro. Carmen Lasa en compañía de su mamá. Aprobado Tamay | nistró el Sacramento del Bautismo^ 5 —Don Eusebio Ochoa, copa de la «juergas» que se corren los comp",Todos los documentos del catalogo forman parte del corpus sanmarcialero local; las pistas automaticas deben contrastarse con la fuente original.
8020cebddd93,1936,1936,Programa de fiestas,1936A,Programa de fiestas,/home/gaizka/Alarde/Programas de fiestas/1936A.pdf,Catalogado con pistas automaticas pendientes de verificacion,Media/baja: OCR visual con pasajes detectados,0,2,2,"5, 6","artilleria, companias, mandos",Referencia localizada por OCR visual; revisar contra imagen original,"y Tz figura la batalla de San Marcial. | p con_más brillaniez ""re de “Alarde de Sar , O ñ KEO IE SIE o Es É BANCO N RE q a ; sponden a las armas ceneral, cuatro",Todos los documentos del catalogo forman parte del corpus sanmarcialero local; las pistas automaticas deben contrastarse con la fuente original.
96a40a3c4be2,1936,1936,Programa de fiestas,1936B,Programa de fiestas,/home/gaizka/Alarde/Programas de fiestas/1936B.pdf,Catalogado con pistas automaticas pendientes de verificacion,Media/baja: OCR visual con pasajes detectados,0,2,2,"2, 4","companias, mandos, recorrido, ritual",Referencia localizada por OCR visual; revisar contra imagen original,ET aaa ii anccc e El día de Son Marcial la campanas de la e parroquial ze- — M Servicio k II IAI PINOS K EEZ aal rez 10/ | Pasaje localizado por OCR visual,Todos los documentos del catalogo forman parte del corpus sanmarcialero local; las pistas automaticas deben contrastarse con la fuente original.
9be458a8367f,1936,1936,Programa de fiestas,1936C,Programa de fiestas,/home/gaizka/Alarde/Programas de fiestas/1936C.pdf,Catalogado con pistas automaticas pendientes de verificacion,Media/baja: OCR visual con pasajes detectados,0,3,3,"2, 3, 4","alarde, companias, recorrido",Referencia localizada por OCR visual; revisar contra imagen original,"""Tieno' alrededores hermosísimos, figurando entre ellos: Ibarla, | aT- camplña; el monte de San Marcial, con su preciosa | e las más interesantes es la que sc hace !!“ IRÚN | “a la peña de Aya, cuyo pico más elevado se encuentra a US5 me- | E | Pasaje localizado por OCR visual",Todos los documentos del catalogo forman parte del corpus sanmarcialero local; las pistas automaticas deben contrastarse con la fuente original.
3d4f2b9eee6c,1936,1936,Programa de fiestas,1936COLOR-A,Programa de fiestas,/home/gaizka/Alarde/Programas de fiestas/1936COLOR-A.pdf,Catalogado con pistas automaticas pendientes de verificacion,Media/baja: OCR visual con pasajes detectados,0,2,2,"3, 6","alarde, mandos",Referencia localizada por OCR visual; revisar contra imagen original,"Pasaje localizado por OCR visual | , O d — diz del Alaide de San Mazcial ALMACEN DE HUEVOS al por mayor, frescos y conservados Importación directa de fodos",Todos los documentos del catalogo forman parte del corpus sanmarcialero local; las pistas automaticas deben contrastarse con la fuente original.
8023466bb36b,1936,1936,Programa de fiestas,1936COLOR-B,Programa de fiestas,/home/gaizka/Alarde/Programas de fiestas/1936COLOR-B.pdf,Catalogado con pistas automaticas pendientes de verificacion,Media/baja: OCR visual con pasajes detectados,0,3,3,"1, 3, 5","cantineras, companias, musica, recorrido, ritual",Referencia localizada por OCR visual; revisar contra imagen original,"de la Unión, 5 5 PUNE E R o A e H Z Cervezas Pilsen, Oro, Munich E n venterrabía, 5 = Z (I JIRUZ pedidos a San Marcial, | e } TEJTD*O\S EE El día de San Marcial las campanas de Ja iglesia parroquial re- — € : \ Piquétean desde muy temprano; l | café exprés más concentrado, puede usted La ermita de San Marcial y la de Santa Elena.",Todos los documentos del catalogo forman parte del corpus sanmarcialero local; las pistas automaticas deben contrastarse con la fuente original.
74c75be5edfd,1936,1936,Programa de fiestas,1936COLOR-C,Programa de fiestas,/home/gaizka/Alarde/Programas de fiestas/1936COLOR-C.pdf,Catalogado con pistas automaticas pendientes de verificacion,Media/baja: OCR visual con pasajes detectados,0,3,3,"2, 4, 5","companias, mandos, recorrido",Referencia localizada por OCR visual; revisar contra imagen original,"i ¡| - deseda natural al rayón e de Fuenterrabía, Behobia, Hendaya e Trún; el Jaizquibel, con el fM [Nl Bxclusivistas en | PASEO COLON, 12 N TELEFONO 227 Monte de San Marcial.-—Con hermosísima pradera y la ermita — —[—_— de San Marcial, constr | del Bldasoa hasta cl apeade- TEJIDOS Y NOVEDADES | EEE EE Jsla de los Faisanes—Una excursión corta y fácil es a la isla",Todos los documentos del catalogo forman parte del corpus sanmarcialero local; las pistas automaticas deben contrastarse con la fuente original.
49adee98c362,1936,1936,Programa de fiestas,1936COLOR-D,Programa de fiestas,/home/gaizka/Alarde/Programas de fiestas/1936COLOR-D.pdf,Catalogado con pistas automaticas pendientes de verificacion,Media/baja: OCR visual con pasajes detectados,0,3,3,"1, 4, 6","alarde, companias, mandos, musica, recorrido",Referencia localizada por OCR visual; revisar contra imagen original,"EE | — TZEN r DE SAN MARCIAL *L“%il d S EEE á A FELIX SAGASTUME tx?”q—…,¿¿¿.j' D 7 EMBUTIDOS - JAMONES - FIAMBRES NE E P | % Calle Santiago - Teléfono 325 - Irún E — f a— — — NEN AEE uA e aa TE | El General de las fuerzas del O Z 28 $ Alarde, enunión desu Estado Mayor, revistará en las - - DIA 28 AR EEE de la pobla",Todos los documentos del catalogo forman parte del corpus sanmarcialero local; las pistas automaticas deben contrastarse con la fuente original.
cd2b95edb161,1936,1936,Programa de fiestas,1936COLOR-E,Programa de fiestas,/home/gaizka/Alarde/Programas de fiestas/1936COLOR-E.pdf,Catalogado con pistas automaticas pendientes de verificacion,Media/baja: OCR visual con pasajes detectados,0,4,4,"1, 3, 4, 6","alarde, caballeria, companias, mandos, musica, recorrido",Referencia localizada por OCR visual; revisar contra imagen original,"K [ E - pífanos y tambores y a los acordes del popular himno de 5 - o 1IO E San Marcial, recorrerán la población con arr | Pasaje localizado por OCR visual | j Iglesia, 2 y San Marcial, 1 - Sucursal: Colón, 11 - Teléfono 134 E E Almacén de Vinos 4 | — — E A Cr Mayor y Mener N P | /Zomez:ía; en Calidad en Duración Son típicas las romerías que se celebran en las inmediaciones n diz Skz ze San Isidro,",Todos los documentos del catalogo forman parte del corpus sanmarcialero local; las pistas automaticas deben contrastarse con la fuente original.
68af010317ef,1936,1936,Programa de fiestas,1936COLOR-F,Programa de fiestas,/home/gaizka/Alarde/Programas de fiestas/1936COLOR-F.pdf,Catalogado con pistas automaticas pendientes de verificacion,Media/baja: OCR visual con pasajes detectados,0,3,3,"1, 2, 3","alarde, companias, recorrido",Referencia localizada por OCR visual; revisar contra imagen original,"RECHIPL 19 ip PEÑA, 3 | PE NA GEZ EE 1a d * ee ¿,¿:;_,¿-¿;K;:f-_y-:¿¿:- “A EO anco Jmupuzcoano y F A F [ Fundado en 1509 | 320 S Taller: Ermita U AA 7 | \ | IRÚN Domicilio: Fermina-Enea e y}gw«*' GE a a ] | CONSULTAR PRECIOS A ESTA CASA S %xf* | Pasaje localizado por OCR visual",Todos los documentos del catalogo forman parte del corpus sanmarcialero local; las pistas automaticas deben contrastarse con la fuente original.
c3d3d39d334b,1936,1936,Programa de fiestas,1936COLOR-G,Programa de fiestas,/home/gaizka/Alarde/Programas de fiestas/1936COLOR-G.pdf,Catalogado; pendiente de indice humano,Media/baja: OCR visual sin pasajes detectados,0,0,0,,,,,Todos los documentos del catalogo forman parte del corpus sanmarcialero local; las pistas automaticas deben contrastarse con la fuente original.
6bea118df068,1936,1936,Programa de fiestas,1936COLOR-H,Programa de fiestas,/home/gaizka/Alarde/Programas de fiestas/1936COLOR-H.pdf,Catalogado con pistas automaticas pendientes de verificacion,Media/baja: OCR visual con pasajes detectados,0,1,1,5,"companias, recorrido",Referencia localizada por OCR visual; revisar contra imagen original,Pasaje localizado por OCR visual,Todos los documentos del catalogo forman parte del corpus sanmarcialero local; las pistas automaticas deben contrastarse con la fuente original.
f00246ed564e,1936,1936,Programa de fiestas,1936D,Programa de fiestas,/home/gaizka/Alarde/Programas de fiestas/1936D.pdf,Catalogado con pistas automaticas pendientes de verificacion,Media/baja: OCR visual con pasajes detectados,0,3,3,"1, 3, 5","companias, mandos, musica, recorrido",Referencia localizada por OCR visual; revisar contra imagen original,| 77 Z + AA m)'?'(—- ERMITA DE SAN MARCIAL éf E | Charcutería y Salchichería Fina A U | FELIX SAGASTUME E— IN Plaza del | E | 4 calle Santiago - Teléfono 325 - Irún K í H a | | ¡ | tomar parte en dicho Alarde.,Todos los documentos del catalogo forman parte del corpus sanmarcialero local; las pistas automaticas deben contrastarse con la fuente original.
0753386f7ba0,1936,1936,Programa de fiestas,1936E,Programa de fiestas,/home/gaizka/Alarde/Programas de fiestas/1936E.pdf,Catalogado con pistas automaticas pendientes de verificacion,Media/baja: OCR visual con pasajes detectados,0,3,3,"1, 2, 4","alarde, caballeria, companias, musica, recorrido",Referencia localizada por OCR visual; revisar contra imagen original,"R ; Bellido,..San Marcial, Plaza de Urdanibia, Larrechipi, % | f É ) E a di Cel | | DIA 30 MT CA A las 6 de la mañana. | d glesia, 2 y San Marcial, 1 - Sucurial: Colón, Il - Teléfono 134 E a R _. | u — — ee J—_í , ázm/¡tu k Gdz | — /Qº""“t¡“¿ H 3 , - en Calidad ; _ N diz E IE EEE que b r n b rr en Resultado _ I , San",Todos los documentos del catalogo forman parte del corpus sanmarcialero local; las pistas automaticas deben contrastarse con la fuente original.
9b4844d8650d,1936,1936,Programa de fiestas,1936F,Programa de fiestas,/home/gaizka/Alarde/Programas de fiestas/1936F.pdf,Catalogado con pistas automaticas pendientes de verificacion,Media/baja: OCR visual con pasajes detectados,0,1,1,3,companias,Referencia localizada por OCR visual; revisar contra imagen original,"COLON, I IRUN | PUENTE: INTERNACIONAL DE BEHOBIA — — —] m —| % B E… Compre una vez y comprará siempre y FOTOGRABADOS CRE",Todos los documentos del catalogo forman parte del corpus sanmarcialero local; las pistas automaticas deben contrastarse con la fuente original.
42d2b1882498,1936,1936,Programa de fiestas,1936G,Programa de fiestas,/home/gaizka/Alarde/Programas de fiestas/1936G.pdf,Catalogado con pistas automaticas pendientes de verificacion,Media/baja: OCR visual con pasajes detectados,0,2,2,"1, 5","alarde, companias",Referencia localizada por OCR visual; revisar contra imagen original,"i NE 4 b : d Vinos dela Rioja Alavesos*Elciego- r EE k Q JET EK » € el e AT K 4 Salvador Garin, San Marcial, 6 - bi El d | Pasaje localizado por OCR visual",Todos los documentos del catalogo forman parte del corpus sanmarcialero local; las pistas automaticas deben contrastarse con la fuente original.
9f9cd16f7971,1936,1936,Programa de fiestas,1936H,Programa de fiestas,/home/gaizka/Alarde/Programas de fiestas/1936H.pdf,Catalogado con pistas automaticas pendientes de verificacion,Media/baja: OCR visual con pasajes detectados,0,1,1,1,"companias, recorrido",Referencia localizada por OCR visual; revisar contra imagen original,Pasaje localizado por OCR visual,Todos los documentos del catalogo forman parte del corpus sanmarcialero local; las pistas automaticas deben contrastarse con la fuente original.
f297359ac7ba,1936,1936-06-06,El Bidasoa,1936-06-06,Prensa o revista,/home/gaizka/Alarde/Revistas y periodicos/1936/1936-06-06 - El Bidasoa.pdf,Catalogado con pistas automaticas pendientes de verificacion,Alta: texto extraido del PDF,0,5,0,,"companias, mandos",Referencia localizada por barrido textual,"ANTE EL ALARDE | inolvidable compañero. do extensamente de este certamen y el Vamos a m orir cantando se ha atre­ sum | nosotros el recuerdo del compañero Tobalina, el joven estudiante irunda­ tín una de mis ilusiones. C | que vamos a morir cantando, cuando acompañado de su bella esposa. puedan hacerse en establecimientos | ¿ Que en tu vi .la has comido mucho res de Solbes, 15; don José Alcain (Pá­ sus sobrinos señores de",Todos los documentos del catalogo forman parte del corpus sanmarcialero local; las pistas automaticas deben contrastarse con la fuente original.
95ae4f5dda56,1936,1936-06-13,El Bidasoa,1936-06-13,Prensa o revista,/home/gaizka/Alarde/Revistas y periodicos/1936/1936-06-13 - El Bidasoa.pdf,Catalogado con pistas automaticas pendientes de verificacion,Alta: texto extraido del PDF,0,5,0,,"Alarde, companias, mandos, ritual",Referencia localizada por barrido textual,"Hace poco tiempo, aprendimos una días. Soldados de San Marcial! guar­ aliento. | Oran Calé IRDN llo, pues en éi figura nada menos que del Jurado, con vez y voto en to d jlo regatas. | de España acompañados de los afama­ en la Casa Consistorial, a las 12 horas, | en general, considerados y aceptados dedican a la memoria de nuestro inolvidable compañero | las fiestas de San Marcial.",Todos los documentos del catalogo forman parte del corpus sanmarcialero local; las pistas automaticas deben contrastarse con la fuente original.
05b64f183b28,1936,1936-06-20,El Bidasoa,1936-06-20,Prensa o revista,/home/gaizka/Alarde/Revistas y periodicos/1936/1936-06-20 - El Bidasoa.pdf,Catalogado con pistas automaticas pendientes de verificacion,Alta: texto extraido del PDF,0,7,0,,"Alarde, cantineras, companias, mandos, musica, ritual, suspensiones/cambios",Referencia localizada por barrido textual,"Preparando el Alarde fin (je las ConferencÍ3s Organizadas por la F-U E- | de las fiestas de San Marcial. debes saber que hasta al bobo de «Ar- so, Maria Luisa Ciganda, Rafael Erauso, | fiestas de San Pedro y San Marcial al | organizada por las Sociedades popu* fuerzas del Alarde, verificándose el A r m a s y A n e x o s S. L. | tante Biblioteca en «Kaikube», donde leerá!Porque lo Ue Casio Cantero, del alarde ha sido acrgida co",Todos los documentos del catalogo forman parte del corpus sanmarcialero local; las pistas automaticas deben contrastarse con la fuente original.
0ed726a5eb03,1936,1936-06-26,La Voz de Guipúzcoa - Diario Republicano,1936-06-26,Prensa o revista,/home/gaizka/Alarde/Revistas y periodicos/1936/1936-06-26 - La Voz de Guipúzcoa - Diario Republicano.pdf,Catalogado con pistas automaticas pendientes de verificacion,Alta: texto extraido del PDF,0,1,0,,Alarde,Referencia localizada por barrido textual,alarde. las terribles se sentía un,Todos los documentos del catalogo forman parte del corpus sanmarcialero local; las pistas automaticas deben contrastarse con la fuente original.
c761dab6b0fe,1936,1936-06-27,El Bidasoa,1936-06-27,Prensa o revista,/home/gaizka/Alarde/Revistas y periodicos/1936/1936-06-27 - El Bidasoa.pdf,Catalogado con pistas automaticas pendientes de verificacion,Alta: texto extraido del PDF,0,7,0,,"Alarde, companias, mandos, musica, ritual",Referencia localizada por barrido textual,"E N F E R M E D A D E S DE LA P IE L | esta TOMBOLA BENEFICA, la que | hemos tenido el gusto de verlos y son caballeroso irunés a una calle del | la vida cotidiana y, a veces, se agu­ ciales y siempre plaza de San Juan, el Su argentinismo no me e | las fiestas de San Marcial desde el",Todos los documentos del catalogo forman parte del corpus sanmarcialero local; las pistas automaticas deben contrastarse con la fuente original.
177ce89f30f8,1936,1936-06-30,El Dia,1936-06-30,Prensa o revista,/home/gaizka/Alarde/Revistas y periodicos/1936/1936-06-30 - El Dia.pdf,Catalogado; requiere OCR mejorado o lectura manual,Baja: OCR visual con timeout; requiere lectura manual,0,0,0,,,,,Todos los documentos del catalogo forman parte del corpus sanmarcialero local; las pistas automaticas deben contrastarse con la fuente original.
880957d96788,1936,1936-06-30,El Pueblo Vasco,1936-06-30,Prensa o revista,/home/gaizka/Alarde/Revistas y periodicos/1936/1936-06-30 - El Pueblo Vasco.pdf,Catalogado; pendiente de indice humano,Baja: OCR visual con texto insuficiente,0,0,0,,,,,Todos los documentos del catalogo forman parte del corpus sanmarcialero local; las pistas automaticas deben contrastarse con la fuente original.
5e32de7269bb,1936,1936-06-30,La Constancia,1936-06-30,Prensa o revista,/home/gaizka/Alarde/Revistas y periodicos/1936/1936-06-30 - La Constancia.pdf,Catalogado con pistas automaticas pendientes de verificacion,Alta: texto extraido del PDF,0,2,0,,"companias, mandos, ritual",Referencia localizada por barrido textual,A ñ a d i ó q u e la c u e s t i ó n .del v o t o n o e r a n u n c i ó u n breve discurso. A g u s | CAPITULO DE SUCESOS,Todos los documentos del catalogo forman parte del corpus sanmarcialero local; las pistas automaticas deben contrastarse con la fuente original.
39cf95f7783f,1936,1936-12-10,La voz de España,1936-12-10,Prensa o revista,/home/gaizka/Alarde/Revistas y periodicos/1936/1936-12-10 - La voz de España.pdf,Catalogado; pendiente de indice humano,Baja: OCR visual con texto insuficiente,0,0,0,,,,,Todos los documentos del catalogo forman parte del corpus sanmarcialero local; las pistas automaticas deben contrastarse con la fuente original.
2ec254e34a33,1936,1936-12-11,La voz de España,1936-12-11,Prensa o revista,/home/gaizka/Alarde/Revistas y periodicos/1936/1936-12-11 - La voz de España.pdf,Catalogado; pendiente de indice humano,Baja: OCR visual con texto insuficiente,0,0,0,,,,,Todos los documentos del catalogo forman parte del corpus sanmarcialero local; las pistas automaticas deben contrastarse con la fuente original.
5b8024cb1730,1937,1937,Programa de fiestas,1937,Programa de fiestas,/home/gaizka/Alarde/Programas de fiestas/1937.pdf,Catalogado con pistas automaticas pendientes de verificacion,Media/baja: OCR visual con pasajes detectados,0,1,1,2,"conflicto contemporaneo, recorrido",Referencia localizada por OCR visual; revisar contra imagen original,y d «El Soldado de San Marcial».,Todos los documentos del catalogo forman parte del corpus sanmarcialero local; las pistas automaticas deben contrastarse con la fuente original.
86b6c09abe1b,1937,1937-01-01,El Diario Vasco,1937-01-01,Prensa o revista,/home/gaizka/Alarde/Revistas y periodicos/1937/1937-01-01 - El Diario Vasco.pdf,Catalogado; pendiente de indice humano,Sin texto util; requiere lectura manual,0,0,0,,,,,Todos los documentos del catalogo forman parte del corpus sanmarcialero local; las pistas automaticas deben contrastarse con la fuente original.
1257ed3c368b,1937,1937-01-06,El Diario Vasco,1937-01-06,Prensa o revista,/home/gaizka/Alarde/Revistas y periodicos/1937/1937-01-06 - El Diario Vasco.pdf,Catalogado; pendiente de indice humano,Baja: OCR visual con texto insuficiente,0,0,0,,,,,Todos los documentos del catalogo forman parte del corpus sanmarcialero local; las pistas automaticas deben contrastarse con la fuente original.
7a4b25867696,1937,1937-01-06,La voz de España,1937-01-06,Prensa o revista,/home/gaizka/Alarde/Revistas y periodicos/1937/1937-01-06 - La voz de España.pdf,Catalogado; pendiente de indice humano,Baja: OCR visual con texto insuficiente,0,0,0,,,,,Todos los documentos del catalogo forman parte del corpus sanmarcialero local; las pistas automaticas deben contrastarse con la fuente original.
ff1a5d14b713,1937,1937-01-07,El Diario Vasco,1937-01-07,Prensa o revista,/home/gaizka/Alarde/Revistas y periodicos/1937/1937-01-07 - El Diario Vasco.pdf,Catalogado; pendiente de indice humano,Baja: OCR visual con texto insuficiente,0,0,0,,,,,Todos los documentos del catalogo forman parte del corpus sanmarcialero local; las pistas automaticas deben contrastarse con la fuente original.
0cf229eca0f5,1937,1937-01-07,Unidad,1937-01-07,Prensa o revista,/home/gaizka/Alarde/Revistas y periodicos/1937/1937-01-07 - Unidad.pdf,Catalogado; pendiente de indice humano,Baja: OCR visual con texto insuficiente,0,0,0,,,,,Todos los documentos del catalogo forman parte del corpus sanmarcialero local; las pistas automaticas deben contrastarse con la fuente original.
9bb5e7d174ed,1937,1937-01-08,El Diario Vasco,1937-01-08,Prensa o revista,/home/gaizka/Alarde/Revistas y periodicos/1937/1937-01-08 - El Diario Vasco.pdf,Catalogado; pendiente de indice humano,Sin texto util; requiere lectura manual,0,0,0,,,,,Todos los documentos del catalogo forman parte del corpus sanmarcialero local; las pistas automaticas deben contrastarse con la fuente original.
d4fd64a66f27,1937,1937-01-08,La voz de España,1937-01-08,Prensa o revista,/home/gaizka/Alarde/Revistas y periodicos/1937/1937-01-08 - La voz de España.pdf,Catalogado; pendiente de indice humano,Sin texto util; requiere lectura manual,0,0,0,,,,,Todos los documentos del catalogo forman parte del corpus sanmarcialero local; las pistas automaticas deben contrastarse con la fuente original.
3306537a67e2,1938,1938,Programa de fiestas,1938,Programa de fiestas,/home/gaizka/Alarde/Programas de fiestas/1938.pdf,Catalogado con pistas automaticas pendientes de verificacion,Media/baja: OCR visual con pasajes detectados,0,2,2,"1, 2","alarde, companias, musica, recorrido, ritual",Referencia localizada por OCR visual; revisar contra imagen original,"%%Lí3/ IRUN - A %\ }2 ,V*á\ («\ SAN PEDRO Y SAN MARCIAL V en IAÑO TRIUNFAL | - Saldrá de la Iglesia Parroquial MANSIAL, 85 CBLEDRABAN LOS DíAS 20 Y 30 DE JUNIO la tradicional procesión, que se diri",Todos los documentos del catalogo forman parte del corpus sanmarcialero local; las pistas automaticas deben contrastarse con la fuente original.
ee3741d1fd76,1939,1939,Programa de fiestas,1939,Programa de fiestas,/home/gaizka/Alarde/Programas de fiestas/1939.pdf,Catalogado con pistas automaticas pendientes de verificacion,Media/baja: OCR visual con pasajes detectados,0,1,1,2,"mandos, musica, recorrido, tamborrada",Referencia localizada por OCR visual; revisar contra imagen original,"y | de San Pedro y San Marcial, e celebrarán en esta A las once.—Cran tamborrado, K « Ciudad los días 28, 29 y 50 de Jun",Todos los documentos del catalogo forman parte del corpus sanmarcialero local; las pistas automaticas deben contrastarse con la fuente original.
15c8952433f0,1939,1939-06-30,El Diario Vasco,1939-06-30,Prensa o revista,/home/gaizka/Alarde/Revistas y periodicos/1939/1939-06-30 - El Diario Vasco.pdf,Catalogado; pendiente de indice humano,Baja: OCR visual con texto insuficiente,0,0,0,,,,,Todos los documentos del catalogo forman parte del corpus sanmarcialero local; las pistas automaticas deben contrastarse con la fuente original.
85bcd5d4890d,1939,1939-07-01,El Diario Vasco,1939-07-01,Prensa o revista,/home/gaizka/Alarde/Revistas y periodicos/1939/1939-07-01 - El Diario Vasco.pdf,Catalogado; pendiente de indice humano,Baja: OCR visual con texto insuficiente,0,0,0,,,,,Todos los documentos del catalogo forman parte del corpus sanmarcialero local; las pistas automaticas deben contrastarse con la fuente original.
18cc81b0d6fd,1939,1939-07-01,La voz de España,1939-07-01,Prensa o revista,/home/gaizka/Alarde/Revistas y periodicos/1939/1939-07-01 - La voz de España.pdf,Catalogado; pendiente de indice humano,Sin texto util; requiere lectura manual,0,0,0,,,,,Todos los documentos del catalogo forman parte del corpus sanmarcialero local; las pistas automaticas deben contrastarse con la fuente original.
9948411dc918,1939,1939-07-12,La voz de España,1939-07-12,Prensa o revista,/home/gaizka/Alarde/Revistas y periodicos/1939/1939-07-12 - La voz de España.pdf,Catalogado; pendiente de indice humano,Baja: OCR visual con texto insuficiente,0,0,0,,,,,Todos los documentos del catalogo forman parte del corpus sanmarcialero local; las pistas automaticas deben contrastarse con la fuente original.
5cbda3a9a8e8,1940,1940,Programa de fiestas,1940,Programa de fiestas,/home/gaizka/Alarde/Programas de fiestas/1940.pdf,Catalogado con pistas automaticas pendientes de verificacion,Media/baja: OCR visual con pasajes detectados,0,1,1,2,"musica, recorrido, ritual",Referencia localizada por OCR visual; revisar contra imagen original,"bores y a los acordes del popular HIMNO de SAN MARCIAL, e sal as al as e E Ge re Ge Marcial, Sk d Unlanilia; sd EE ez He",Todos los documentos del catalogo forman parte del corpus sanmarcialero local; las pistas automaticas deben contrastarse con la fuente original.
6e9a0e0c40ab,1941,1941,Programa de fiestas,1941,Programa de fiestas,/home/gaizka/Alarde/Programas de fiestas/1941.pdf,Catalogado con pistas automaticas pendientes de verificacion,Media/baja: OCR visual con pasajes detectados,0,2,2,"1, 2","companias, mandos, musica, ritual",Referencia localizada por OCR visual; revisar contra imagen original,"— Previa llamada de ordenanza se S d $ organizará el rZ , $ Alasseis—Destile del Alarde, H — L $ A lassiete—Concierto de | K i É SAN PEDRO y eee este Ciudad, los días 28, — CIUDAD — — A las sets—Se jugurn o H \ i SAN MARCIAL, 29 y 30 de Junio",Todos los documentos del catalogo forman parte del corpus sanmarcialero local; las pistas automaticas deben contrastarse con la fuente original.
18853d0d36bd,1941,1941-07-01,El Diario Vasco,1941-07-01,Prensa o revista,/home/gaizka/Alarde/Revistas y periodicos/1941/1941-07-01 - El Diario Vasco.pdf,Catalogado; requiere OCR mejorado o lectura manual,Baja: OCR visual con timeout; requiere lectura manual,0,0,0,,,,,Todos los documentos del catalogo forman parte del corpus sanmarcialero local; las pistas automaticas deben contrastarse con la fuente original.
ce95431f4059,1942,1942,Programa de fiestas,1942,Programa de fiestas,/home/gaizka/Alarde/Programas de fiestas/1942.pdf,Catalogado con pistas automaticas pendientes de verificacion,Media/baja: OCR visual con pasajes detectados,0,3,3,"3, 4, 5","alarde, companias, mandos, musica, recorrido, ritual",Referencia localizada por OCR visual; revisar contra imagen original,"| b dol“clende, que ee sentido d alarde, como se ríen de las piedras viejas y de las his= A BERE S GK | D N ed ha eee KU | | r ACTOS Y TÉSTEJOS QUE, CON MOTIVO DE LAS FESTIVIDADE/ DE T zzz rr SAN PEDRO Y SAN MARCIAL ee - ee EE a 5E CELESRARÁN | A las tres: El General de las fuerzas del Alarde, en unión » de su Estado Mayor; revistarú cn'las cercanías de la poblac",Todos los documentos del catalogo forman parte del corpus sanmarcialero local; las pistas automaticas deben contrastarse con la fuente original.
67058537597f,1942,1942-06-11,La voz de España,1942-06-11,Prensa o revista,/home/gaizka/Alarde/Revistas y periodicos/1942/1942-06-11 - La voz de España.pdf,Catalogado; pendiente de indice humano,Baja: OCR visual con texto insuficiente,0,0,0,,,,,Todos los documentos del catalogo forman parte del corpus sanmarcialero local; las pistas automaticas deben contrastarse con la fuente original.
b771d93c80ba,1942,1942-06-30,El Diario Vasco,1942-06-30,Prensa o revista,/home/gaizka/Alarde/Revistas y periodicos/1942/1942-06-30 - El Diario Vasco.pdf,Catalogado; pendiente de indice humano,Baja: OCR visual con texto insuficiente,0,0,0,,,,,Todos los documentos del catalogo forman parte del corpus sanmarcialero local; las pistas automaticas deben contrastarse con la fuente original.
9c58d23bb7c4,1942,1942-06-30,La voz de España,1942-06-30,Prensa o revista,/home/gaizka/Alarde/Revistas y periodicos/1942/1942-06-30 - La voz de España.pdf,Catalogado; pendiente de indice humano,Baja: OCR visual con texto insuficiente,0,0,0,,,,,Todos los documentos del catalogo forman parte del corpus sanmarcialero local; las pistas automaticas deben contrastarse con la fuente original.
8398a593a2ad,1942,1942-07-01,El Diario Vasco,1942-07-01,Prensa o revista,/home/gaizka/Alarde/Revistas y periodicos/1942/1942-07-01 - El Diario Vasco.pdf,Catalogado; pendiente de indice humano,Sin texto util; requiere lectura manual,0,0,0,,,,,Todos los documentos del catalogo forman parte del corpus sanmarcialero local; las pistas automaticas deben contrastarse con la fuente original.
14ef6c0c34e6,1942,1942-07-01,La voz de España,1942-07-01,Prensa o revista,/home/gaizka/Alarde/Revistas y periodicos/1942/1942-07-01 - La voz de España.pdf,Catalogado; pendiente de indice humano,Baja: OCR visual con texto insuficiente,0,0,0,,,,,Todos los documentos del catalogo forman parte del corpus sanmarcialero local; las pistas automaticas deben contrastarse con la fuente original.
f329de400adf,1943,1943,Programa de fiestas,1943,Programa de fiestas,/home/gaizka/Alarde/Programas de fiestas/1943.pdf,Catalogado con pistas automaticas pendientes de verificacion,Media/baja: OCR visual con pasajes detectados,0,3,3,"3, 5, 6","companias, mandos, musica, recorrido, ritual",Referencia localizada por OCR visual; revisar contra imagen original,"| | | | SAN PEDRO Y SAN MARCIAL \ PROGRAMA | G DIA 27 DE JUNIO Á LAS ONCE: Socamuturra en la calle de Larrechipi. | S ñ O - Z El General de las fuer- E u aaa zas del Alarde, en unión de su Estado Ea U MRNE Mayor, revistará en las cercan | des del popular himno de San Marcial, recorrerá la población con arreglo al ussz - Desfile del Alarde.",Todos los documentos del catalogo forman parte del corpus sanmarcialero local; las pistas automaticas deben contrastarse con la fuente original.
c155a13e55ef,1943,1943-06-29,El Diario Vasco,1943-06-29,Prensa o revista,/home/gaizka/Alarde/Revistas y periodicos/1943/1943-06-29 - El Diario Vasco.pdf,Catalogado con pistas automaticas pendientes de verificacion,Alta: texto extraido del PDF,0,5,0,,"Alarde, companias, mandos",Referencia localizada por barrido textual,"Nacional, a,' quien acompaña­ labor cultural que realizan D .c ’ el oomiuinlíicado del Minis­ bre la | Nikolof eii el pniimer on- mento lo qiiB intere.'.^ y convieni te, acompañado de loa direc­ tro di.j | compañía | lisriosos, sino en h acer alarde “E l Almirantazgo y el miniate obstante, un avión en servicio de pr | •r ' CABALGATA",Todos los documentos del catalogo forman parte del corpus sanmarcialero local; las pistas automaticas deben contrastarse con la fuente original.
d140a80b14b7,1943,1943-06-30,El Diario Vasco,1943-06-30,Prensa o revista,/home/gaizka/Alarde/Revistas y periodicos/1943/1943-06-30 - El Diario Vasco.pdf,Catalogado con pistas automaticas pendientes de verificacion,Alta: texto extraido del PDF,0,2,0,,"companias, mandos, ritual",Referencia localizada por barrido textual,"pactando tcAaa las mujeres que de ritual, el deá,n del Cabildo me liaba inatalado prmvtelonalmeinte | roina de este brûlante cunso mu- pueden entretenerse en des­ compañía de revistas de Con­ tj"", con N",Todos los documentos del catalogo forman parte del corpus sanmarcialero local; las pistas automaticas deben contrastarse con la fuente original.
5e689df695c4,1943,1943-07-01,El Diario Vasco,1943-07-01,Prensa o revista,/home/gaizka/Alarde/Revistas y periodicos/1943/1943-07-01 - El Diario Vasco.pdf,Catalogado; pendiente de indice humano,Baja: OCR visual con texto insuficiente,0,0,0,,,,,Todos los documentos del catalogo forman parte del corpus sanmarcialero local; las pistas automaticas deben contrastarse con la fuente original.
adeea45c8920,1943,1943-07-01,La voz de España,1943-07-01,Prensa o revista,/home/gaizka/Alarde/Revistas y periodicos/1943/1943-07-01 - La voz de España.pdf,Catalogado; pendiente de indice humano,Sin texto util; requiere lectura manual,0,0,0,,,,,Todos los documentos del catalogo forman parte del corpus sanmarcialero local; las pistas automaticas deben contrastarse con la fuente original.
246119030d4c,1944,1944,Programa de fiestas,1944,Programa de fiestas,/home/gaizka/Alarde/Programas de fiestas/1944.pdf,Catalogado con pistas automaticas pendientes de verificacion,Media/baja: OCR visual con pasajes detectados,0,2,2,"4, 5","mandos, musica, recorrido, ritual",Referencia localizada por OCR visual; revisar contra imagen original,Diputación de y Ea ( an (e 37 p pesetas y Copa del P Ayuntamiento A las lres: Revista de las fuerzas del Alarde por el G | Alas seis- Desfile del Alarde eel AE \ A'las siete: Concierto de bailables en la Plaza de Españo A las siete: El Cuadio,Todos los documentos del catalogo forman parte del corpus sanmarcialero local; las pistas automaticas deben contrastarse con la fuente original.
0ca81af1aff4,1944,1944-06-30,El Diario Vasco,1944-06-30,Prensa o revista,/home/gaizka/Alarde/Revistas y periodicos/1944/1944-06-30 - El Diario Vasco.pdf,Catalogado; pendiente de indice humano,Baja: OCR visual con texto insuficiente,0,0,0,,,,,Todos los documentos del catalogo forman parte del corpus sanmarcialero local; las pistas automaticas deben contrastarse con la fuente original.
4dc0d03ff490,1944,1944-07-01,El Diario Vasco,1944-07-01,Prensa o revista,/home/gaizka/Alarde/Revistas y periodicos/1944/1944-07-01 - El Diario Vasco.pdf,Catalogado; pendiente de indice humano,Sin texto util; requiere lectura manual,0,0,0,,,,,Todos los documentos del catalogo forman parte del corpus sanmarcialero local; las pistas automaticas deben contrastarse con la fuente original.
5cfd080ea1e1,1944,1944-07-01,La voz de España,1944-07-01,Prensa o revista,/home/gaizka/Alarde/Revistas y periodicos/1944/1944-07-01 - La voz de España.pdf,Catalogado; pendiente de indice humano,Baja: OCR visual con texto insuficiente,0,0,0,,,,,Todos los documentos del catalogo forman parte del corpus sanmarcialero local; las pistas automaticas deben contrastarse con la fuente original.
78de8d34a0c6,1945,1945,Programa de fiestas,1945,Programa de fiestas,/home/gaizka/Alarde/Programas de fiestas/1945.pdf,Catalogado con pistas automaticas pendientes de verificacion,Media/baja: OCR visual con pasajes detectados,0,3,3,"2, 3, 6","alarde, companias, mandos, musica, recorrido, ritual",Referencia localizada por OCR visual; revisar contra imagen original,"- Gi d A d - ESE PROGRAMA DE LOS ACTOS Y FESTEJOS — QUE, CON MOTIVO DE LAS FESTIVIDADES DE SAN PEDRO v SAN MARCIAL EE CE | Beltrán de la Cueva, que después j duque Ó 1 C .) cohetes y bombas como anuncio de Alburquerauo, este feliz suceso y vic | Catedral de Pamplona, fuertas del Alarde en P La Schola Cantorum cantará la Misa a cuatro voces mixtas de 1a Plaza de Ur",Todos los documentos del catalogo forman parte del corpus sanmarcialero local; las pistas automaticas deben contrastarse con la fuente original.
5ac3a0b36e8b,1945,1945-06-30,El Diario Vasco,1945-06-30,Prensa o revista,/home/gaizka/Alarde/Revistas y periodicos/1945/1945-06-30 - El Diario Vasco.pdf,Catalogado; pendiente de indice humano,Baja: OCR visual con texto insuficiente,0,0,0,,,,,Todos los documentos del catalogo forman parte del corpus sanmarcialero local; las pistas automaticas deben contrastarse con la fuente original.
925d86e8b8cc,1945,1945-07-01,El Diario Vasco,1945-07-01,Prensa o revista,/home/gaizka/Alarde/Revistas y periodicos/1945/1945-07-01 - El Diario Vasco.pdf,Catalogado; pendiente de indice humano,Baja: OCR visual con texto insuficiente,0,0,0,,,,,Todos los documentos del catalogo forman parte del corpus sanmarcialero local; las pistas automaticas deben contrastarse con la fuente original.
ded92ef234e1,1946,1946,Programa de fiestas,1946,Programa de fiestas,/home/gaizka/Alarde/Programas de fiestas/1946.pdf,Catalogado con pistas automaticas pendientes de verificacion,Media/baja: OCR visual con pasajes detectados,0,5,5,"1, 3, 4, 5, 6","alarde, mandos, musica, recorrido, ritual",Referencia localizada por OCR visual; revisar contra imagen original,"E E a - — I)r'lñl San Penro y San MARCIAL T 1946 | Pasaje localizado por OCR visual | s 1 a s Carrera diz denominada “W 1\ O di eee San Marcial ». | N | L | En la plaza de San Juan, concierto por la Banda \ n Munieipal de Irún, dirigida por cl maestro Múrua E S, Dee Á | nto del voto hecho por los ENE ' Cabildos eclesiúslico y secular de Irún en 1522.",Todos los documentos del catalogo forman parte del corpus sanmarcialero local; las pistas automaticas deben contrastarse con la fuente original.
dd033df4ca87,1946,1946-06-01,El Bidasoa,1946-06-01,Prensa o revista,/home/gaizka/Alarde/Revistas y periodicos/1946/1946-06-01 - El Bidasoa.pdf,Catalogado con pistas automaticas pendientes de verificacion,Alta: texto extraido del PDF,0,8,0,,"Alarde, companias, mandos, ritual",Referencia localizada por barrido textual,"Mis im presiones a los ocho años Tam borrada del Alarde | de p ie d a d relig iosa , h a y siem pre simpática M. A. J. con el clásico Alarde, ca, Múrua, Aspia | don R ica rd o Bergareche, caballero foto, en la que aparece también rialista, a mi juicio son las m | honorable, con su aureola, comparti­ de novios. Nuestra cordial enhora­ ñía para que desfile en el Alarde y | pitán de Artillería abrió algo mis ojos matrimonio, todos elios estaban pre­ 28 de Junio.",Todos los documentos del catalogo forman parte del corpus sanmarcialero local; las pistas automaticas deben contrastarse con la fuente original.
d77dfb0c2163,1946,1946-06-08,El Bidasoa,1946-06-08,Prensa o revista,/home/gaizka/Alarde/Revistas y periodicos/1946/1946-06-08 - El Bidasoa.pdf,Catalogado con pistas automaticas pendientes de verificacion,Alta: texto extraido del PDF,0,6,0,,"Alarde, companias, mandos, ritual",Referencia localizada por barrido textual,"Rubia y blanca— reduzir en artificio alegría de España. M ás no era S e ­ señores de Zaragueta (don | de la población vizcaína. Difícil partido bapo, senlau ensima de caballería, | de las alegrías_y de las amarguras 2 ¿Qué es lo que echa usted de me­ Alarde fueran todos con chaqueta negra. | sima escultura. cial 194ó, aparte, claro esta, uei clá­ 1.—El monte de San Marcial. | soA riúm. 41 del día 11 de Junio decir tambián, en el de todos los obreros y Si me permití comentar",Todos los documentos del catalogo forman parte del corpus sanmarcialero local; las pistas automaticas deben contrastarse con la fuente original.
f52b70a54b44,1946,1946-06-22,El Bidasoa,1946-06-22,Prensa o revista,/home/gaizka/Alarde/Revistas y periodicos/1946/1946-06-22 - El Bidasoa.pdf,Catalogado con pistas automaticas pendientes de verificacion,Alta: texto extraido del PDF,0,5,0,,Alarde,Referencia localizada por barrido textual,"San Marcial, vamos a poder cum ­ en continuar la buena práctica de fomen­ | en subir a San Marcial. Como ver­ | les de San Pedro y San Marcial, la | señora o caballero, sean o no pa­ | sico Alarde? rada con sus familiares, don Noble",Todos los documentos del catalogo forman parte del corpus sanmarcialero local; las pistas automaticas deben contrastarse con la fuente original.
55236271433b,1946,1946-06-28,El Bidasoa,1946-06-28,Prensa o revista,/home/gaizka/Alarde/Revistas y periodicos/1946/1946-06-28 - El Bidasoa.pdf,Catalogado con pistas automaticas pendientes de verificacion,Alta: texto extraido del PDF,0,6,0,,"Alarde, mandos, musica, ritual",Referencia localizada por barrido textual,"Alarde de San Marcial ¡gozosa fiesta irun­ daba con verdadera nostalgia Irún; y reii- | [| n m rame m sspera el inicio linai en la lolesia de Irùn La {¡està dei Alarde Fiestas tradicionales | cálido beso, al retirarse cansado de reco­ Cabildos. Irún no consentirá el menor ras­ | diana, el Joló y el Rataplán y verán el cubre en R o m a el c an on por é l que | es el amor hacia Irún nes sentidas en las fi 2stas de San Marcial, lleva diez y siete años rigiendo celosamen­",Todos los documentos del catalogo forman parte del corpus sanmarcialero local; las pistas automaticas deben contrastarse con la fuente original.
bc89fb2ac4b0,1946,1946-06-30,El Diario Vasco,1946-06-30,Prensa o revista,/home/gaizka/Alarde/Revistas y periodicos/1946/1946-06-30 - El Diario Vasco.pdf,Catalogado; pendiente de indice humano,Baja: OCR visual con texto insuficiente,0,0,0,,,,,Todos los documentos del catalogo forman parte del corpus sanmarcialero local; las pistas automaticas deben contrastarse con la fuente original.
7afc691ec48f,1946,1946-07-06,El Bidasoa,1946-07-06,Prensa o revista,/home/gaizka/Alarde/Revistas y periodicos/1946/1946-07-06 - El Bidasoa.pdf,Catalogado con pistas automaticas pendientes de verificacion,Alta: texto extraido del PDF,0,7,0,,"Alarde, cantineras, companias, musica, ritual",Referencia localizada por barrido textual,"San Marcial lo ha dado este año el Cua­ acuerdo con lo que exige el libreto de la | Y o ya ai visto alarde desde m uchos Pero así como de las lluvias—de los que trono. | alarde de S a n M arsial desie año y esto sea mucha presunción—de líis Cinco tambores y chistularis | ca, aunque prosesion fe iba por aren- país. En este aspecto el Alarde es hoy, na­ | caseros m iraban a la ganadería, Plaza, le acompañarán hasta la Casa Con­",Todos los documentos del catalogo forman parte del corpus sanmarcialero local; las pistas automaticas deben contrastarse con la fuente original.
79fb386840ba,1946,1946-07-13,El Bidasoa,1946-07-13,Prensa o revista,/home/gaizka/Alarde/Revistas y periodicos/1946/1946-07-13 - El Bidasoa.pdf,Catalogado con pistas automaticas pendientes de verificacion,Alta: texto extraido del PDF,0,8,0,,"Alarde, cantineras, companias, mandos",Referencia localizada por barrido textual,"La ""B u sfiñ e ra '^ d e B e ra u n F lo r d e sim p a fía ! Ya viene el Alarde ! | correctam ente una pescadiU a, s i a l que forman en el Alarde. ¡Espectáculo ma­ | de otra las compañías gentiles, se empapa | m a d o ), p ero s í bien seleccionados y con un puesto en las compañías del Alar­ Pues a nuevos tie | s e n tid o ; E l pez. m u y d e c o ra tiv o y ' Le siguen sus ayudantes, el Estado Mayor",Todos los documentos del catalogo forman parte del corpus sanmarcialero local; las pistas automaticas deben contrastarse con la fuente original.
c7bf312d8061,1946,1946-07-20,El Bidasoa,1946-07-20,Prensa o revista,/home/gaizka/Alarde/Revistas y periodicos/1946/1946-07-20 - El Bidasoa.pdf,Catalogado con pistas automaticas pendientes de verificacion,Alta: texto extraido del PDF,0,4,0,,"companias, mandos, musica, ritual",Referencia localizada por barrido textual,"las diez de la mañana. Podrán tomar clavan su mirada en la ermita de Guada­ | leares*; Fernández, Elizacho: Sus- costas. En su suave deslizar por las tran­ — Regresó de Valladoli | racterísticas más ioabies de este m a­ puede üecirse que progresivo a me­ La Diana— nota y flor— se | resto del partido con un elemento atendidos por la Dirección del Ho­ parable comarca del Bidasoa los",Todos los documentos del catalogo forman parte del corpus sanmarcialero local; las pistas automaticas deben contrastarse con la fuente original.
18cbbd859a9f,1947,1947,Programa de fiestas,1947,Programa de fiestas,/home/gaizka/Alarde/Programas de fiestas/1947.pdf,Catalogado con pistas automaticas pendientes de verificacion,Media/baja: OCR visual con pasajes detectados,0,4,4,"3, 4, 5, 6","mandos, musica, recorrido, ritual",Referencia localizada por OCR visual; revisar contra imagen original,"Pasaje localizado por OCR visual | — Carrera ciclista denominada , «Segundo Circuito San Marcial» a las ojo. | N F,MÁ,r O OE 4 2 las tres.—Revisle de las fuerzas del Alarde por el A & , General y su Estado Mayor. | l'Tg,Á, :;_\MM 127 UN — ARAN Oz doce.—En la plaza de España, concierto por N A q — De la Banda Militar …XX ,\?,,,í AN la",Todos los documentos del catalogo forman parte del corpus sanmarcialero local; las pistas automaticas deben contrastarse con la fuente original.
96e94ac0034d,1947,1947-06-28,El Bidasoa,1947-06-28,Prensa o revista,/home/gaizka/Alarde/Revistas y periodicos/1947/1947-06-28 - El Bidasoa.pdf,Catalogado con pistas automaticas pendientes de verificacion,Alta: texto extraido del PDF,0,8,0,,"Alarde, cantineras, companias, mandos, musica, ritual",Referencia localizada por barrido textual,"E l Alarde asciende por ¡a calle de rua, acuden a m i memoria recor­ | Una caña al aire San Marcial! ¡Bello día, | co. La verdad es que por aquellos San Marcial, en el Hogar de Irún, bestias y pude cazar al vuelo lo | desfilar el Alarde. | los manteles de un banquete y se sa­ que lloró un viejo hachero, paracea» con sus pantalones bomba­",Todos los documentos del catalogo forman parte del corpus sanmarcialero local; las pistas automaticas deben contrastarse con la fuente original.
e1c307d3bc76,1947,1947-06-29,La voz de España,1947-06-29,Prensa o revista,/home/gaizka/Alarde/Revistas y periodicos/1947/1947-06-29 - La voz de España.pdf,Catalogado; pendiente de indice humano,Sin texto util; requiere lectura manual,0,0,0,,,,,Todos los documentos del catalogo forman parte del corpus sanmarcialero local; las pistas automaticas deben contrastarse con la fuente original.
7c18fd03f0a6,1947,1947-07-01,El Diario Vasco,1947-07-01,Prensa o revista,/home/gaizka/Alarde/Revistas y periodicos/1947/1947-07-01 - El Diario Vasco.pdf,Catalogado; pendiente de indice humano,Sin texto util; requiere lectura manual,0,0,0,,,,,Todos los documentos del catalogo forman parte del corpus sanmarcialero local; las pistas automaticas deben contrastarse con la fuente original.
81abf5b3b487,1948,1948,Programa de fiestas,1948,Programa de fiestas,/home/gaizka/Alarde/Programas de fiestas/1948.pdf,Catalogado con pistas automaticas pendientes de verificacion,Media/baja: OCR visual con pasajes detectados,0,2,2,"3, 4","mandos, musica, recorrido, ritual",Referencia localizada por OCR visual; revisar contra imagen original,"y — SN A LAS OCHO Y MEDIA: ¡ T I e di internacional denomivado 15 GEE Z | AT Circuito San Marcial». | GORU GK € KEZ AIE A A LAS CUATRO Y MEDIA: Previa llamada a EP ATZ di Sa S uiA) Q'ég.g aa E de ordenanza, se organizará e",Todos los documentos del catalogo forman parte del corpus sanmarcialero local; las pistas automaticas deben contrastarse con la fuente original.
051fd947bb50,1948,1948-06-26,El Bidasoa,1948-06-26,Prensa o revista,/home/gaizka/Alarde/Revistas y periodicos/1948/1948-06-26 - El Bidasoa.pdf,Indice real iniciado con entrada curada,Alta: texto extraido del PDF,2,8,0,,"Alarde, cantineras, capitanes, companias, diaspora, general, mandos, musica, organizacion interna, reuniones, ritual, suspensiones/cambios, terminologia",Integrado en Historia y General | Integrado en Historia y Musica | Referencia localizada por barrido textual,"Luis de Uranzu, ""El Alarde por dentro"" | Debate archeros/hacheros y el Jolo en Buenos Aires",Todos los documentos del catalogo forman parte del corpus sanmarcialero local; las pistas automaticas deben contrastarse con la fuente original.
df593ffeb6cb,1948,1948-06-30,El Diario Vasco,1948-06-30,Prensa o revista,/home/gaizka/Alarde/Revistas y periodicos/1948/1948-06-30 - El Diario Vasco.pdf,Indice real iniciado con entrada curada,Baja: OCR visual con texto insuficiente,2,0,0,,"capitanes, diaspora, general, musica, organizacion interna, reuniones, terminologia",Integrado en Historia y General | Integrado en Historia y Musica,"Luis de Uranzu, ""El Alarde por dentro"" | Debate archeros/hacheros y el Jolo en Buenos Aires",Todos los documentos del catalogo forman parte del corpus sanmarcialero local; las pistas automaticas deben contrastarse con la fuente original.
ce3ba51f3e6f,1948,1948-06-30,La Voz de España - Cronica de Irun,1948-06-30,Prensa o revista,/home/gaizka/Alarde/Revistas y periodicos/1948/1948-06-30 - La Voz de España - Cronica de Irun.pdf,Indice real iniciado con entrada curada,Baja: OCR visual con timeout; requiere lectura manual,2,0,0,,"capitanes, diaspora, general, musica, organizacion interna, reuniones, terminologia",Integrado en Historia y General | Integrado en Historia y Musica,"Luis de Uranzu, ""El Alarde por dentro"" | Debate archeros/hacheros y el Jolo en Buenos Aires",Todos los documentos del catalogo forman parte del corpus sanmarcialero local; las pistas automaticas deben contrastarse con la fuente original.
00215604f19f,1948,1948-07-01,El Diario Vasco,1948-07-01,Prensa o revista,/home/gaizka/Alarde/Revistas y periodicos/1948/1948-07-01 - El Diario Vasco.pdf,Indice real iniciado con entrada curada,Baja: OCR visual con texto insuficiente,2,0,0,,"capitanes, diaspora, general, musica, organizacion interna, reuniones, terminologia",Integrado en Historia y General | Integrado en Historia y Musica,"Luis de Uranzu, ""El Alarde por dentro"" | Debate archeros/hacheros y el Jolo en Buenos Aires",Todos los documentos del catalogo forman parte del corpus sanmarcialero local; las pistas automaticas deben contrastarse con la fuente original.
6899d0709b1c,1948,1948-07-01,La Voz de España - Cronica de Irun,1948-07-01,Prensa o revista,/home/gaizka/Alarde/Revistas y periodicos/1948/1948-07-01 - La Voz de España - Cronica de Irun.pdf,Indice real iniciado con entrada curada,Baja: OCR visual con timeout; requiere lectura manual,2,0,0,,"capitanes, diaspora, general, musica, organizacion interna, reuniones, terminologia",Integrado en Historia y General | Integrado en Historia y Musica,"Luis de Uranzu, ""El Alarde por dentro"" | Debate archeros/hacheros y el Jolo en Buenos Aires",Todos los documentos del catalogo forman parte del corpus sanmarcialero local; las pistas automaticas deben contrastarse con la fuente original.
964ce0b318dd,1949,1949,Programa de fiestas,1949,Programa de fiestas,/home/gaizka/Alarde/Programas de fiestas/1949.pdf,Catalogado con pistas automaticas pendientes de verificacion,Media/baja: OCR visual con pasajes detectados,0,4,4,"1, 2, 4, 5","alarde, companias, musica, recorrido, ritual",Referencia localizada por OCR visual; revisar contra imagen original,"\ | Y u a b SAN PEDRO Y SAN MARCIAL ¡gní…[ IRUN 1949 | L San Marcial | SE CELEBRARÁN EN ESTA CIUDAD, LOS DÍAS 28, 29 y 30 | DE JUNIO y 1, 2 y DE JULITO DE 1949 \ GO | Aroniami | p *7 V s | cuito San Marcial». | Pasaje localizado por OCR visual",Todos los documentos del catalogo forman parte del corpus sanmarcialero local; las pistas automaticas deben contrastarse con la fuente original.
6e03c27f0dee,1949,1949-06-28,El Bidasoa,1949-06-28,Prensa o revista,/home/gaizka/Alarde/Revistas y periodicos/1949/1949-06-28 - El Bidasoa.pdf,Catalogado; requiere OCR mejorado o lectura manual,Baja: OCR visual con timeout; requiere lectura manual,0,0,0,,,,,Todos los documentos del catalogo forman parte del corpus sanmarcialero local; las pistas automaticas deben contrastarse con la fuente original.
7e949233bb97,1949,1949-06-28,El Diario Vasco - Cronica de Irun,1949-06-28,Prensa o revista,/home/gaizka/Alarde/Revistas y periodicos/1949/1949-06-28 - El Diario Vasco - Cronica de Irun.pdf,Catalogado; requiere OCR mejorado o lectura manual,Baja: OCR visual con timeout; requiere lectura manual,0,0,0,,,,,Todos los documentos del catalogo forman parte del corpus sanmarcialero local; las pistas automaticas deben contrastarse con la fuente original.
07a5546c9b8d,1949,1949-06-28,La Voz de España - Cronica de Irun,1949-06-28,Prensa o revista,/home/gaizka/Alarde/Revistas y periodicos/1949/1949-06-28 - La Voz de España - Cronica de Irun.pdf,Catalogado; requiere OCR mejorado o lectura manual,Baja: OCR visual con timeout; requiere lectura manual,0,0,0,,,,,Todos los documentos del catalogo forman parte del corpus sanmarcialero local; las pistas automaticas deben contrastarse con la fuente original.
10ea9196ee66,1949,1949-06-29,El Diario Vasco - Cronica de Irun,1949-06-29,Prensa o revista,/home/gaizka/Alarde/Revistas y periodicos/1949/1949-06-29 - El Diario Vasco - Cronica de Irun.pdf,Catalogado; requiere OCR mejorado o lectura manual,Baja: OCR visual con timeout; requiere lectura manual,0,0,0,,,,,Todos los documentos del catalogo forman parte del corpus sanmarcialero local; las pistas automaticas deben contrastarse con la fuente original.
cfb3e11f6c2e,1949,1949-06-29,La Voz de España - Cronica de Irun,1949-06-29,Prensa o revista,/home/gaizka/Alarde/Revistas y periodicos/1949/1949-06-29 - La Voz de España - Cronica de Irun.pdf,Catalogado; requiere OCR mejorado o lectura manual,Baja: OCR visual con timeout; requiere lectura manual,0,0,0,,,,,Todos los documentos del catalogo forman parte del corpus sanmarcialero local; las pistas automaticas deben contrastarse con la fuente original.
e94dc95a136d,1949,1949-06-30,El Diario Vasco,1949-06-30,Prensa o revista,/home/gaizka/Alarde/Revistas y periodicos/1949/1949-06-30 - El Diario Vasco.pdf,Catalogado; pendiente de indice humano,Baja: OCR visual con texto insuficiente,0,0,0,,,,,Todos los documentos del catalogo forman parte del corpus sanmarcialero local; las pistas automaticas deben contrastarse con la fuente original.
ad2a90ce18aa,1949,1949-06-30,El Diario Vasco - Cronica de Irun,1949-06-30,Prensa o revista,/home/gaizka/Alarde/Revistas y periodicos/1949/1949-06-30 - El Diario Vasco - Cronica de Irun.pdf,Catalogado; requiere OCR mejorado o lectura manual,Baja: OCR visual con timeout; requiere lectura manual,0,0,0,,,,,Todos los documentos del catalogo forman parte del corpus sanmarcialero local; las pistas automaticas deben contrastarse con la fuente original.
62faf6b1d59c,1949,1949-06-30,La Voz de España - Cronica de Irun,1949-06-30,Prensa o revista,/home/gaizka/Alarde/Revistas y periodicos/1949/1949-06-30 - La Voz de España - Cronica de Irun.pdf,Catalogado; requiere OCR mejorado o lectura manual,Baja: OCR visual con timeout; requiere lectura manual,0,0,0,,,,,Todos los documentos del catalogo forman parte del corpus sanmarcialero local; las pistas automaticas deben contrastarse con la fuente original.
6bbec2e29bcf,1949,1949-07-01,El Diario Vasco - Cronica de Irun,1949-07-01,Prensa o revista,/home/gaizka/Alarde/Revistas y periodicos/1949/1949-07-01 - El Diario Vasco - Cronica de Irun.pdf,Catalogado; requiere OCR mejorado o lectura manual,Baja: OCR visual con timeout; requiere lectura manual,0,0,0,,,,,Todos los documentos del catalogo forman parte del corpus sanmarcialero local; las pistas automaticas deben contrastarse con la fuente original.
d2a581b5825b,1949,1949-07-01,La Voz de España - Cronica de Irun,1949-07-01,Prensa o revista,/home/gaizka/Alarde/Revistas y periodicos/1949/1949-07-01 - La Voz de España - Cronica de Irun.pdf,Catalogado; requiere OCR mejorado o lectura manual,Baja: OCR visual con timeout; requiere lectura manual,0,0,0,,,,,Todos los documentos del catalogo forman parte del corpus sanmarcialero local; las pistas automaticas deben contrastarse con la fuente original.
22527c80e83e,1949,1949-07-01,La voz de España,1949-07-01,Prensa o revista,/home/gaizka/Alarde/Revistas y periodicos/1949/1949-07-01 - La voz de España.pdf,Catalogado; pendiente de indice humano,Sin texto util; requiere lectura manual,0,0,0,,,,,Todos los documentos del catalogo forman parte del corpus sanmarcialero local; las pistas automaticas deben contrastarse con la fuente original.
eabaac5a6e99,1950,1950,Programa de fiestas,1950,Programa de fiestas,/home/gaizka/Alarde/Programas de fiestas/1950.pdf,Catalogado con pistas automaticas pendientes de verificacion,Media/baja: OCR visual con pasajes detectados,0,5,5,"1, 3, 4, 5, 6","alarde, conflicto contemporaneo, mandos, musica, recorrido, ritual",Referencia localizada por OCR visual; revisar contra imagen original,"- | || \ | “- N NAA ANÑANAN ** — = ;1' an Tedro y San Marcial - (T É = JA Er = | Pasaje localizado por OCR visual | == En el Teatro Principal, se pondrá en escena el melodrama «El Soldado de San Marcial», en cuatro actos y un cuadro, or | — ; | A las cualro,—Revista de las fuerzas del Alarde E :',3 \ por el General y su Estado Mayor. | m A las einco.— Previa llamada de ordenanza, se E organizará el regreso en San Marcial.",Todos los documentos del catalogo forman parte del corpus sanmarcialero local; las pistas automaticas deben contrastarse con la fuente original.
41e80d07c12f,1950,1950-06-17,El Bidasoa,1950-06-17,Prensa o revista,/home/gaizka/Alarde/Revistas y periodicos/1950/1950-06-17 - El Bidasoa.pdf,Catalogado con pistas automaticas pendientes de verificacion,Alta: texto extraido del PDF,0,3,0,,"Alarde, mandos",Referencia localizada por barrido textual,"alarde de rom anticism o, y ya sabe­ | de nuestro espíritu... ¡Oh, voz de participación en el Alarde. Realmen­ vive mejor. A ver, compare s | dos loa bancos de los paseos públi­ reparación de la cubieíta del barra­ M uy pronto: U u verdadero alarde espectacular,",Todos los documentos del catalogo forman parte del corpus sanmarcialero local; las pistas automaticas deben contrastarse con la fuente original.
1591d5947b3e,1950,1950-06-24,El Bidasoa,1950-06-24,Prensa o revista,/home/gaizka/Alarde/Revistas y periodicos/1950/1950-06-24 - El Bidasoa.pdf,Catalogado con pistas automaticas pendientes de verificacion,Alta: texto extraido del PDF,0,6,0,,"Alarde, companias, mandos, musica",Referencia localizada por barrido textual,"San Marcial, me gustaría hacerlo | al araigo cordial e ingenioso con­ de foot-ball que jugaban durante el ¿Hace?» en especial por lo qu | cuyo son estos párrafos: ciones de cornetín. ¡Y decir que pa­ nuestro querido compañero y viejo | dedicaba, y haciendo resaltar los antes de San Pedro y San Marcial; Entre los reunidos verán ustedes | que uno de sus contertulianos cum­ Cuantos recuerdos se embarullan jía se encargó de plasmar, con su",Todos los documentos del catalogo forman parte del corpus sanmarcialero local; las pistas automaticas deben contrastarse con la fuente original.
590f13944b04,1950,1950-06-28,El Bidasoa,1950-06-28,Prensa o revista,/home/gaizka/Alarde/Revistas y periodicos/1950/1950-06-28 - El Bidasoa.pdf,Catalogado; pendiente de indice humano,Media/baja: OCR visual sin pasajes detectados,0,0,0,,,,,Todos los documentos del catalogo forman parte del corpus sanmarcialero local; las pistas automaticas deben contrastarse con la fuente original.
2fe685d3d8b0,1950,1950-06-29,El Diario Vasco - Cronica de Irun,1950-06-29,Prensa o revista,/home/gaizka/Alarde/Revistas y periodicos/1950/1950-06-29 - El Diario Vasco - Cronica de Irun.pdf,Catalogado; requiere OCR mejorado o lectura manual,Baja: OCR visual con timeout; requiere lectura manual,0,0,0,,,,,Todos los documentos del catalogo forman parte del corpus sanmarcialero local; las pistas automaticas deben contrastarse con la fuente original.
45bc8beac1d0,1950,1950-06-30,El Diario Vasco,1950-06-30,Prensa o revista,/home/gaizka/Alarde/Revistas y periodicos/1950/1950-06-30 - El Diario Vasco.pdf,Catalogado; pendiente de indice humano,Baja: OCR visual con texto insuficiente,0,0,0,,,,,Todos los documentos del catalogo forman parte del corpus sanmarcialero local; las pistas automaticas deben contrastarse con la fuente original.
4c2270397611,1950,1950-06-30,El Diario Vasco - Cronica de Irun,1950-06-30,Prensa o revista,/home/gaizka/Alarde/Revistas y periodicos/1950/1950-06-30 - El Diario Vasco - Cronica de Irun.pdf,Catalogado; requiere OCR mejorado o lectura manual,Baja: OCR visual con timeout; requiere lectura manual,0,0,0,,,,,Todos los documentos del catalogo forman parte del corpus sanmarcialero local; las pistas automaticas deben contrastarse con la fuente original.
6c593c0144b7,1950,1950-06-30,La Voz de España - Cronica de Irun,1950-06-30,Prensa o revista,/home/gaizka/Alarde/Revistas y periodicos/1950/1950-06-30 - La Voz de España - Cronica de Irun.pdf,Catalogado; requiere OCR mejorado o lectura manual,Baja: OCR visual con timeout; requiere lectura manual,0,0,0,,,,,Todos los documentos del catalogo forman parte del corpus sanmarcialero local; las pistas automaticas deben contrastarse con la fuente original.
17fa5eaebc69,1950,1950-07-01,El Diario Vasco - Cronica de Irun,1950-07-01,Prensa o revista,/home/gaizka/Alarde/Revistas y periodicos/1950/1950-07-01 - El Diario Vasco - Cronica de Irun.pdf,Catalogado; requiere OCR mejorado o lectura manual,Baja: OCR visual con timeout; requiere lectura manual,0,0,0,,,,,Todos los documentos del catalogo forman parte del corpus sanmarcialero local; las pistas automaticas deben contrastarse con la fuente original.
ae2fd8923d9f,1950,1950-07-01,La Voz de España - Cronica de Irun,1950-07-01,Prensa o revista,/home/gaizka/Alarde/Revistas y periodicos/1950/1950-07-01 - La Voz de España - Cronica de Irun.pdf,Catalogado; requiere OCR mejorado o lectura manual,Baja: OCR visual con timeout; requiere lectura manual,0,0,0,,,,,Todos los documentos del catalogo forman parte del corpus sanmarcialero local; las pistas automaticas deben contrastarse con la fuente original.
308fa9a2dd83,1951,1951,El Bidasoa Mexicano - BM 1951,1951,Prensa o revista,/home/gaizka/Alarde/Revistas y periodicos/1951/1951 - El Bidasoa Mexicano - BM 1951.pdf,Catalogado; requiere OCR mejorado o lectura manual,Baja: OCR visual con timeout; requiere lectura manual,0,0,0,,,,,Todos los documentos del catalogo forman parte del corpus sanmarcialero local; las pistas automaticas deben contrastarse con la fuente original.
c2d3fcbfe221,1951,1951,Programa de fiestas,1951(Frances),Programa de fiestas,/home/gaizka/Alarde/Programas de fiestas/1951(Frances).pdf,Catalogado con pistas automaticas pendientes de verificacion,Alta: texto extraido del PDF,0,4,0,,Alarde,Referencia localizada por barrido textual,":. .,.­ SAN PEDRO Y SAN MARCIAL | Sltuée aux bas du Mont San Marcial | des cantinieres de !'Alarde !lJ | et D 'lt utres décrironr d ans l es pa)'s vaísins /'hisrorique de /'Alarde el le"" con·",Todos los documentos del catalogo forman parte del corpus sanmarcialero local; las pistas automaticas deben contrastarse con la fuente original.
9d70187f95f8,1951,1951,Programa de fiestas,1951,Programa de fiestas,/home/gaizka/Alarde/Programas de fiestas/1951.pdf,Catalogado con pistas automaticas pendientes de verificacion,Media/baja: OCR visual con pasajes detectados,0,3,3,"2, 5, 6","alarde, companias, musica, recorrido, ritual",Referencia localizada por OCR visual; revisar contra imagen original,"— Programa ER \ ._T_t :%f:\u%_%g( DE - San Pedro — San Marcial —y 30 DE JUNIO Y 1 Y 2 — DE JULTO DE 1951 — =8= GR a GEE | A las u Concentración de las fuerzas del Alarde en A las doce: Toro de fuego. | y , VRO A las cinco + Previa llamada de ordenausa, se orgonizará PNO ,4 y — el regreso en San Marcial.",Todos los documentos del catalogo forman parte del corpus sanmarcialero local; las pistas automaticas deben contrastarse con la fuente original.
c59c359319c1,1951,1951-06-28,El Bidasoa,1951-06-28,Prensa o revista,/home/gaizka/Alarde/Revistas y periodicos/1951/1951-06-28 - El Bidasoa.pdf,Indice real iniciado con entrada curada,Alta: texto extraido del PDF,1,4,0,,"Alarde, Estado Mayor, companias, mandos",Integrado en datos de mandos | Referencia localizada por barrido textual,Relacion de mandos del Alarde,Todos los documentos del catalogo forman parte del corpus sanmarcialero local; las pistas automaticas deben contrastarse con la fuente original.
675259ef3bd0,1951,1951-06-29,El Diario Vasco - Cronica de Irun,1951-06-29,Prensa o revista,/home/gaizka/Alarde/Revistas y periodicos/1951/1951-06-29 - El Diario Vasco - Cronica de Irun.pdf,Catalogado; requiere OCR mejorado o lectura manual,Baja: OCR visual con timeout; requiere lectura manual,0,0,0,,,,,Todos los documentos del catalogo forman parte del corpus sanmarcialero local; las pistas automaticas deben contrastarse con la fuente original.
d2355844e73d,1951,1951-06-30,El Diario Vasco - Cronica de Irun,1951-06-30,Prensa o revista,/home/gaizka/Alarde/Revistas y periodicos/1951/1951-06-30 - El Diario Vasco - Cronica de Irun.pdf,Catalogado; requiere OCR mejorado o lectura manual,Baja: OCR visual con timeout; requiere lectura manual,0,0,0,,,,,Todos los documentos del catalogo forman parte del corpus sanmarcialero local; las pistas automaticas deben contrastarse con la fuente original.
34f1a19b560d,1951,1951-06-30,La Voz de España - Cronica de Irun,1951-06-30,Prensa o revista,/home/gaizka/Alarde/Revistas y periodicos/1951/1951-06-30 - La Voz de España - Cronica de Irun.pdf,Catalogado; requiere OCR mejorado o lectura manual,Baja: OCR visual con timeout; requiere lectura manual,0,0,0,,,,,Todos los documentos del catalogo forman parte del corpus sanmarcialero local; las pistas automaticas deben contrastarse con la fuente original.
12cd49d5f3a2,1951,1951-06-30,La voz de España,1951-06-30,Prensa o revista,/home/gaizka/Alarde/Revistas y periodicos/1951/1951-06-30 - La voz de España.pdf,Catalogado; pendiente de indice humano,Baja: OCR visual con texto insuficiente,0,0,0,,,,,Todos los documentos del catalogo forman parte del corpus sanmarcialero local; las pistas automaticas deben contrastarse con la fuente original.
b7a255caffcf,1951,1951-07-01,El Diario Vasco,1951-07-01,Prensa o revista,/home/gaizka/Alarde/Revistas y periodicos/1951/1951-07-01 - El Diario Vasco.pdf,Catalogado; pendiente de indice humano,Baja: OCR visual con texto insuficiente,0,0,0,,,,,Todos los documentos del catalogo forman parte del corpus sanmarcialero local; las pistas automaticas deben contrastarse con la fuente original.
3415c6d4b456,1951,1951-07-01,El Diario Vasco - Cronica de Irun,1951-07-01,Prensa o revista,/home/gaizka/Alarde/Revistas y periodicos/1951/1951-07-01 - El Diario Vasco - Cronica de Irun.pdf,Catalogado; requiere OCR mejorado o lectura manual,Baja: OCR visual con timeout; requiere lectura manual,0,0,0,,,,,Todos los documentos del catalogo forman parte del corpus sanmarcialero local; las pistas automaticas deben contrastarse con la fuente original.
8ad975fd46c1,1951,1951-07-01,La Voz de España - Cronica de Irun,1951-07-01,Prensa o revista,/home/gaizka/Alarde/Revistas y periodicos/1951/1951-07-01 - La Voz de España - Cronica de Irun.pdf,Catalogado; requiere OCR mejorado o lectura manual,Baja: OCR visual con timeout; requiere lectura manual,0,0,0,,,,,Todos los documentos del catalogo forman parte del corpus sanmarcialero local; las pistas automaticas deben contrastarse con la fuente original.
86e5a538be94,1951,1951-07-01,La voz de España,1951-07-01,Prensa o revista,/home/gaizka/Alarde/Revistas y periodicos/1951/1951-07-01 - La voz de España.pdf,Catalogado; pendiente de indice humano,Sin texto util; requiere lectura manual,0,0,0,,,,,Todos los documentos del catalogo forman parte del corpus sanmarcialero local; las pistas automaticas deben contrastarse con la fuente original.
07f1c3b9bd64,1952,1952,El Bidasoa Mexicano - BM 1952,1952,Prensa o revista,/home/gaizka/Alarde/Revistas y periodicos/1952/1952 - El Bidasoa Mexicano - BM 1952.pdf,Catalogado; requiere OCR mejorado o lectura manual,Baja: OCR visual con timeout; requiere lectura manual,0,0,0,,,,,Todos los documentos del catalogo forman parte del corpus sanmarcialero local; las pistas automaticas deben contrastarse con la fuente original.
0f555dd56bad,1952,1952,Programa de fiestas,1952,Programa de fiestas,/home/gaizka/Alarde/Programas de fiestas/1952.pdf,Catalogado con pistas automaticas pendientes de verificacion,Media/baja: OCR visual con pasajes detectados,0,1,1,1,alarde,Referencia localizada por OCR visual; revisar contra imagen original,CIVDAD DE IRVN _ FIESTAS DE SAN PEDRO Y SAN MARCIAL [ H p OSZ,Todos los documentos del catalogo forman parte del corpus sanmarcialero local; las pistas automaticas deben contrastarse con la fuente original.
c4bd1de5db04,1952,1952,Programa de fiestas,1952Buenos_Aires,Programa de fiestas,/home/gaizka/Alarde/Programas de fiestas/1952Buenos_Aires.pdf,Catalogado con pistas automaticas pendientes de verificacion,Media/baja: OCR visual con pasajes detectados,0,4,4,"3, 8, 10, 11","alarde, caballeria, mandos, recorrido",Referencia localizada por OCR visual; revisar contra imagen original,"Tz;——— í —Í]———;;———————;——;————L —];—.——,];—;]]] ] ZTT El Menú para el Banquete del Día de San Marcial S Er suntido con | Año 1952 ¡Viva la Fiesta de San Marcial! | Vieecda 1A <7 Le » J / « a / usd 262707 de 257€ <cemne» cOondal, Yy ""J— D O e d GE í'( S dia Z zez TT A — = Estimado señ | JCCP aaa ¡VIVA EL DIA DE SAN MARCIAL!!",Todos los documentos del catalogo forman parte del corpus sanmarcialero local; las pistas automaticas deben contrastarse con la fuente original.
fe042dcf1927,1952,1952-06-28,El Bidasoa,1952-06-28,Prensa o revista,/home/gaizka/Alarde/Revistas y periodicos/1952/1952-06-28 - El Bidasoa.pdf,Catalogado; pendiente de indice humano,Baja: OCR visual con texto insuficiente,0,0,0,,,,,Todos los documentos del catalogo forman parte del corpus sanmarcialero local; las pistas automaticas deben contrastarse con la fuente original.
ead7045d8970,1952,1952-06-29,El Diario Vasco,1952-06-29,Prensa o revista,/home/gaizka/Alarde/Revistas y periodicos/1952/1952-06-29 - El Diario Vasco.pdf,Catalogado; pendiente de indice humano,Sin texto util; requiere lectura manual,0,0,0,,,,,Todos los documentos del catalogo forman parte del corpus sanmarcialero local; las pistas automaticas deben contrastarse con la fuente original.
ec75e484335a,1952,1952-06-29,El Diario Vasco - Cronica de Irun,1952-06-29,Prensa o revista,/home/gaizka/Alarde/Revistas y periodicos/1952/1952-06-29 - El Diario Vasco - Cronica de Irun.pdf,Catalogado; requiere OCR mejorado o lectura manual,Baja: OCR visual con timeout; requiere lectura manual,0,0,0,,,,,Todos los documentos del catalogo forman parte del corpus sanmarcialero local; las pistas automaticas deben contrastarse con la fuente original.
c91a0fc224bc,1952,1952-06-29,La Voz de España - Cronica de Irun,1952-06-29,Prensa o revista,/home/gaizka/Alarde/Revistas y periodicos/1952/1952-06-29 - La Voz de España - Cronica de Irun.pdf,Catalogado; requiere OCR mejorado o lectura manual,Baja: OCR visual con timeout; requiere lectura manual,0,0,0,,,,,Todos los documentos del catalogo forman parte del corpus sanmarcialero local; las pistas automaticas deben contrastarse con la fuente original.
d0a252197c22,1952,1952-07-01,El Diario Vasco,1952-07-01,Prensa o revista,/home/gaizka/Alarde/Revistas y periodicos/1952/1952-07-01 - El Diario Vasco.pdf,Catalogado; pendiente de indice humano,Sin texto util; requiere lectura manual,0,0,0,,,,,Todos los documentos del catalogo forman parte del corpus sanmarcialero local; las pistas automaticas deben contrastarse con la fuente original.
49f76332e05a,1952,1952-07-01,El Diario Vasco - Cronica de Irun,1952-07-01,Prensa o revista,/home/gaizka/Alarde/Revistas y periodicos/1952/1952-07-01 - El Diario Vasco - Cronica de Irun.pdf,Catalogado; requiere OCR mejorado o lectura manual,Baja: OCR visual con timeout; requiere lectura manual,0,0,0,,,,,Todos los documentos del catalogo forman parte del corpus sanmarcialero local; las pistas automaticas deben contrastarse con la fuente original.
ab1615d0a872,1952,1952-07-01,La Voz de España - Cronica de Irun,1952-07-01,Prensa o revista,/home/gaizka/Alarde/Revistas y periodicos/1952/1952-07-01 - La Voz de España - Cronica de Irun.pdf,Catalogado; requiere OCR mejorado o lectura manual,Baja: OCR visual con timeout; requiere lectura manual,0,0,0,,,,,Todos los documentos del catalogo forman parte del corpus sanmarcialero local; las pistas automaticas deben contrastarse con la fuente original.
3e955ab6772a,1953,1953,El Bidasoa Mexicano - BM 1953,1953,Prensa o revista,/home/gaizka/Alarde/Revistas y periodicos/1953/1953 - El Bidasoa Mexicano - BM 1953.pdf,Indice real iniciado con entrada curada,Baja: OCR visual con timeout; requiere lectura manual,1,0,0,,"Eusebio Pedros, diaspora, memoria del General","Integrado en Historia, General y ficha Pedros","""La figura maxima del Alarde ha desaparecido""",Todos los documentos del catalogo forman parte del corpus sanmarcialero local; las pistas automaticas deben contrastarse con la fuente original.
26c009939737,1953,1953,Programa de fiestas,1953,Programa de fiestas,/home/gaizka/Alarde/Programas de fiestas/1953.pdf,Catalogado con pistas automaticas pendientes de verificacion,Media/baja: OCR visual con pasajes detectados,0,3,3,"1, 2, 3","alarde, musica",Referencia localizada por OCR visual; revisar contra imagen original,"Fe GO ¿*L f S :Ofdf u CIVDAD DE IRVN \ .Ny - FIESTAS DE SAN PEDRO Y SAN MARCIAL re m 4953 | DE LOS ACTOS Y FESTEJOS QUE CON MOTIVO DE LAS FESTIVIDADES DE SAN PEDRO Y SAN MARCIAL, SE CELEBRARAN EN ESTA CIUDAD LOS | A las doce —ugo anle nl lz d SJ BEO d— de ua 0 1 A las doce—Les DIA 28 de a e — 1 EE - ZA las ocho de la t bi por l Hand",Todos los documentos del catalogo forman parte del corpus sanmarcialero local; las pistas automaticas deben contrastarse con la fuente original.
2e77f79cc62c,1953,1953-06-28,El Bidasoa,1953-06-28,Prensa o revista,/home/gaizka/Alarde/Revistas y periodicos/1953/1953-06-28 - El Bidasoa.pdf,Catalogado; pendiente de indice humano,Baja: OCR visual con texto insuficiente,0,0,0,,,,,Todos los documentos del catalogo forman parte del corpus sanmarcialero local; las pistas automaticas deben contrastarse con la fuente original.
ae92afacdf48,1953,1953-06-30,El Diario Vasco - Cronica de Irun,1953-06-30,Prensa o revista,/home/gaizka/Alarde/Revistas y periodicos/1953/1953-06-30 - El Diario Vasco - Cronica de Irun.pdf,Catalogado; requiere OCR mejorado o lectura manual,Baja: OCR visual con timeout; requiere lectura manual,0,0,0,,,,,Todos los documentos del catalogo forman parte del corpus sanmarcialero local; las pistas automaticas deben contrastarse con la fuente original.
0eb84244acf6,1953,1953-06-30,La Voz de España - Cronica de Irun,1953-06-30,Prensa o revista,/home/gaizka/Alarde/Revistas y periodicos/1953/1953-06-30 - La Voz de España - Cronica de Irun.pdf,Catalogado; requiere OCR mejorado o lectura manual,Baja: OCR visual con timeout; requiere lectura manual,0,0,0,,,,,Todos los documentos del catalogo forman parte del corpus sanmarcialero local; las pistas automaticas deben contrastarse con la fuente original.
7d580cd9969d,1953,1953-06-30,La voz de España,1953-06-30,Prensa o revista,/home/gaizka/Alarde/Revistas y periodicos/1953/1953-06-30 - La voz de España.pdf,Catalogado; pendiente de indice humano,Sin texto util; requiere lectura manual,0,0,0,,,,,Todos los documentos del catalogo forman parte del corpus sanmarcialero local; las pistas automaticas deben contrastarse con la fuente original.
a21989e3fdaa,1953,1953-06-30,Unidad - Cronica de Irun,1953-06-30,Prensa o revista,/home/gaizka/Alarde/Revistas y periodicos/1953/1953-06-30 - Unidad - Cronica de Irun.pdf,Catalogado; requiere OCR mejorado o lectura manual,Baja: OCR visual con timeout; requiere lectura manual,0,0,0,,,,,Todos los documentos del catalogo forman parte del corpus sanmarcialero local; las pistas automaticas deben contrastarse con la fuente original.
79ed5c6aefbc,1953,1953-07-01,El Diario Vasco,1953-07-01,Prensa o revista,/home/gaizka/Alarde/Revistas y periodicos/1953/1953-07-01 - El Diario Vasco.pdf,Catalogado; pendiente de indice humano,Baja: OCR visual con texto insuficiente,0,0,0,,,,,Todos los documentos del catalogo forman parte del corpus sanmarcialero local; las pistas automaticas deben contrastarse con la fuente original.
551ba49e47fe,1953,1953-07-01,El Diario Vasco - Cronica de Irun,1953-07-01,Prensa o revista,/home/gaizka/Alarde/Revistas y periodicos/1953/1953-07-01 - El Diario Vasco - Cronica de Irun.pdf,Catalogado; requiere OCR mejorado o lectura manual,Baja: OCR visual con timeout; requiere lectura manual,0,0,0,,,,,Todos los documentos del catalogo forman parte del corpus sanmarcialero local; las pistas automaticas deben contrastarse con la fuente original.
8e7e67e6eb21,1953,1953-07-01,La Voz de España - Cronica de Irun,1953-07-01,Prensa o revista,/home/gaizka/Alarde/Revistas y periodicos/1953/1953-07-01 - La Voz de España - Cronica de Irun.pdf,Catalogado; requiere OCR mejorado o lectura manual,Baja: OCR visual con timeout; requiere lectura manual,0,0,0,,,,,Todos los documentos del catalogo forman parte del corpus sanmarcialero local; las pistas automaticas deben contrastarse con la fuente original.
131ff88a6b62,1954,1954,El Bidasoa Mexicano - BM 1954,1954,Prensa o revista,/home/gaizka/Alarde/Revistas y periodicos/1954/1954 - El Bidasoa Mexicano - BM 1954.pdf,Catalogado; pendiente de indice humano,Sin texto util; requiere lectura manual,0,0,0,,,,,Todos los documentos del catalogo forman parte del corpus sanmarcialero local; las pistas automaticas deben contrastarse con la fuente original.
82960f21e5fd,1954,1954,Programa de fiestas,1954,Programa de fiestas,/home/gaizka/Alarde/Programas de fiestas/1954.pdf,Catalogado con pistas automaticas pendientes de verificacion,Media/baja: OCR visual con pasajes detectados,0,1,1,1,alarde,Referencia localizada por OCR visual; revisar contra imagen original,CIVDAD DE IRVN A FIESTAS DE SAN PEDRO Y SAN MARCIAL &_ 954,Todos los documentos del catalogo forman parte del corpus sanmarcialero local; las pistas automaticas deben contrastarse con la fuente original.
9c0c58e9e111,1954,1954-06-28,El Bidasoa,1954-06-28,Prensa o revista,/home/gaizka/Alarde/Revistas y periodicos/1954/1954-06-28 - El Bidasoa.pdf,Catalogado; pendiente de indice humano,Baja: OCR visual con texto insuficiente,0,0,0,,,,,Todos los documentos del catalogo forman parte del corpus sanmarcialero local; las pistas automaticas deben contrastarse con la fuente original.
5ee191cb248d,1954,1954-06-29,El Diario Vasco,1954-06-29,Prensa o revista,/home/gaizka/Alarde/Revistas y periodicos/1954/1954-06-29 - El Diario Vasco.pdf,Catalogado; pendiente de indice humano,Baja: OCR visual con texto insuficiente,0,0,0,,,,,Todos los documentos del catalogo forman parte del corpus sanmarcialero local; las pistas automaticas deben contrastarse con la fuente original.
9889dea92c4c,1954,1954-06-29,La Voz de España - Cronica de Irun,1954-06-29,Prensa o revista,/home/gaizka/Alarde/Revistas y periodicos/1954/1954-06-29 - La Voz de España - Cronica de Irun.pdf,Catalogado; requiere OCR mejorado o lectura manual,Baja: OCR visual con timeout; requiere lectura manual,0,0,0,,,,,Todos los documentos del catalogo forman parte del corpus sanmarcialero local; las pistas automaticas deben contrastarse con la fuente original.
ceafa53da1bf,1954,1954-06-30,El Diario Vasco - Cronica de Irun,1954-06-30,Prensa o revista,/home/gaizka/Alarde/Revistas y periodicos/1954/1954-06-30 - El Diario Vasco - Cronica de Irun.pdf,Catalogado; requiere OCR mejorado o lectura manual,Baja: OCR visual con timeout; requiere lectura manual,0,0,0,,,,,Todos los documentos del catalogo forman parte del corpus sanmarcialero local; las pistas automaticas deben contrastarse con la fuente original.
cf60d5010892,1954,1954-06-30,La Voz de España - Cronica de Irun,1954-06-30,Prensa o revista,/home/gaizka/Alarde/Revistas y periodicos/1954/1954-06-30 - La Voz de España - Cronica de Irun.pdf,Catalogado; requiere OCR mejorado o lectura manual,Baja: OCR visual con timeout; requiere lectura manual,0,0,0,,,,,Todos los documentos del catalogo forman parte del corpus sanmarcialero local; las pistas automaticas deben contrastarse con la fuente original.
83cc66819e54,1954,1954-06-30,Unidad - Cronica de Irun,1954-06-30,Prensa o revista,/home/gaizka/Alarde/Revistas y periodicos/1954/1954-06-30 - Unidad - Cronica de Irun.pdf,Catalogado; requiere OCR mejorado o lectura manual,Baja: OCR visual con timeout; requiere lectura manual,0,0,0,,,,,Todos los documentos del catalogo forman parte del corpus sanmarcialero local; las pistas automaticas deben contrastarse con la fuente original.
d939e01226cc,1954,1954-07-01,El Diario Vasco,1954-07-01,Prensa o revista,/home/gaizka/Alarde/Revistas y periodicos/1954/1954-07-01 - El Diario Vasco.pdf,Catalogado; pendiente de indice humano,Baja: OCR visual con texto insuficiente,0,0,0,,,,,Todos los documentos del catalogo forman parte del corpus sanmarcialero local; las pistas automaticas deben contrastarse con la fuente original.
149d2b24cc93,1954,1954-07-01,La Voz de España - Cronica de Irun,1954-07-01,Prensa o revista,/home/gaizka/Alarde/Revistas y periodicos/1954/1954-07-01 - La Voz de España - Cronica de Irun.pdf,Catalogado; requiere OCR mejorado o lectura manual,Baja: OCR visual con timeout; requiere lectura manual,0,0,0,,,,,Todos los documentos del catalogo forman parte del corpus sanmarcialero local; las pistas automaticas deben contrastarse con la fuente original.
8601f40e17f0,1954,1954-07-01,Unidad - Cronica de Irun,1954-07-01,Prensa o revista,/home/gaizka/Alarde/Revistas y periodicos/1954/1954-07-01 - Unidad - Cronica de Irun.pdf,Catalogado; requiere OCR mejorado o lectura manual,Baja: OCR visual con timeout; requiere lectura manual,0,0,0,,,,,Todos los documentos del catalogo forman parte del corpus sanmarcialero local; las pistas automaticas deben contrastarse con la fuente original.
9c9bb6a3b07f,1955,1955,El Bidasoa Mexicano - BM 1955,1955,Prensa o revista,/home/gaizka/Alarde/Revistas y periodicos/1955/1955 - El Bidasoa Mexicano - BM 1955.pdf,Indice real iniciado con entrada curada,Baja: OCR visual con texto insuficiente,1,0,0,,"Angelines Fernandez, bandera de Irun, cantineras y sargentos, diaspora",Integrado en Historia,"""Los Sanmarciales de 1954 en Mexico""",Todos los documentos del catalogo forman parte del corpus sanmarcialero local; las pistas automaticas deben contrastarse con la fuente original.
63ab76149106,1955,1955,Programa de fiestas,1955,Programa de fiestas,/home/gaizka/Alarde/Programas de fiestas/1955.pdf,Catalogado con pistas automaticas pendientes de verificacion,Media/baja: OCR visual con pasajes detectados,0,2,2,"1, 4","alarde, ritual",Referencia localizada por OCR visual; revisar contra imagen original,"e - “ A d e a Y SAH N ' Z?n CIVDAD DE IRVN T FIESTAS DE SAN PEDRO Y SAN MARCIAL e | 1955 | T EEE - S a P s = DIA 30 - > ' — O \ ( AO ET a ""— Q A y y A I-l…:r:k_cmñ.é…mndh …l ¡um¡-: del Aludd- en la ydl:xl de u't",Todos los documentos del catalogo forman parte del corpus sanmarcialero local; las pistas automaticas deben contrastarse con la fuente original.
8f4540256f1d,1955,1955-06-28,El Bidasoa,1955-06-28,Prensa o revista,/home/gaizka/Alarde/Revistas y periodicos/1955/1955-06-28 - El Bidasoa.pdf,Catalogado; pendiente de indice humano,Baja: OCR visual con texto insuficiente,0,0,0,,,,,Todos los documentos del catalogo forman parte del corpus sanmarcialero local; las pistas automaticas deben contrastarse con la fuente original.
834570f1ca5f,1955,1955-06-30,El Diario Vasco,1955-06-30,Prensa o revista,/home/gaizka/Alarde/Revistas y periodicos/1955/1955-06-30 - El Diario Vasco.pdf,Catalogado; pendiente de indice humano,Sin texto util; requiere lectura manual,0,0,0,,,,,Todos los documentos del catalogo forman parte del corpus sanmarcialero local; las pistas automaticas deben contrastarse con la fuente original.
ff7d7ee1b257,1955,1955-06-30,El Diario Vasco - Cronica de Irun,1955-06-30,Prensa o revista,/home/gaizka/Alarde/Revistas y periodicos/1955/1955-06-30 - El Diario Vasco - Cronica de Irun.pdf,Catalogado; requiere OCR mejorado o lectura manual,Baja: OCR visual con timeout; requiere lectura manual,0,0,0,,,,,Todos los documentos del catalogo forman parte del corpus sanmarcialero local; las pistas automaticas deben contrastarse con la fuente original.
9d6fdf5e57c8,1955,1955-06-30,La Voz de España - Cronica de Irun,1955-06-30,Prensa o revista,/home/gaizka/Alarde/Revistas y periodicos/1955/1955-06-30 - La Voz de España - Cronica de Irun.pdf,Catalogado; requiere OCR mejorado o lectura manual,Baja: OCR visual con timeout; requiere lectura manual,0,0,0,,,,,Todos los documentos del catalogo forman parte del corpus sanmarcialero local; las pistas automaticas deben contrastarse con la fuente original.
5b49394f4c65,1955,1955-06-30,Unidad - Cronica de Irun,1955-06-30,Prensa o revista,/home/gaizka/Alarde/Revistas y periodicos/1955/1955-06-30 - Unidad - Cronica de Irun.pdf,Catalogado; requiere OCR mejorado o lectura manual,Baja: OCR visual con timeout; requiere lectura manual,0,0,0,,,,,Todos los documentos del catalogo forman parte del corpus sanmarcialero local; las pistas automaticas deben contrastarse con la fuente original.
f389ffa39124,1955,1955-07-01,El Diario Vasco,1955-07-01,Prensa o revista,/home/gaizka/Alarde/Revistas y periodicos/1955/1955-07-01 - El Diario Vasco.pdf,Catalogado; pendiente de indice humano,Baja: OCR visual con texto insuficiente,0,0,0,,,,,Todos los documentos del catalogo forman parte del corpus sanmarcialero local; las pistas automaticas deben contrastarse con la fuente original.
26154dfddf07,1955,1955-07-01,El Diario Vasco - Cronica de Irun,1955-07-01,Prensa o revista,/home/gaizka/Alarde/Revistas y periodicos/1955/1955-07-01 - El Diario Vasco - Cronica de Irun.pdf,Catalogado; requiere OCR mejorado o lectura manual,Baja: OCR visual con timeout; requiere lectura manual,0,0,0,,,,,Todos los documentos del catalogo forman parte del corpus sanmarcialero local; las pistas automaticas deben contrastarse con la fuente original.
179771102828,1955,1955-07-01,La Voz de España - Cronica de Irun,1955-07-01,Prensa o revista,/home/gaizka/Alarde/Revistas y periodicos/1955/1955-07-01 - La Voz de España - Cronica de Irun.pdf,Catalogado; requiere OCR mejorado o lectura manual,Baja: OCR visual con timeout; requiere lectura manual,0,0,0,,,,,Todos los documentos del catalogo forman parte del corpus sanmarcialero local; las pistas automaticas deben contrastarse con la fuente original.
a51f36dfb326,1955,1955-07-01,Unidad - Cronica de Irun,1955-07-01,Prensa o revista,/home/gaizka/Alarde/Revistas y periodicos/1955/1955-07-01 - Unidad - Cronica de Irun.pdf,Catalogado; requiere OCR mejorado o lectura manual,Baja: OCR visual con timeout; requiere lectura manual,0,0,0,,,,,Todos los documentos del catalogo forman parte del corpus sanmarcialero local; las pistas automaticas deben contrastarse con la fuente original.
63eb38c95a3c,1956,1956,El Bidasoa Mexicano - BM 1956,1956,Prensa o revista,/home/gaizka/Alarde/Revistas y periodicos/1956/1956 - El Bidasoa Mexicano - BM 1956.pdf,Indice real iniciado con entrada curada,Baja: OCR visual con timeout; requiere lectura manual,1,0,0,,"cantineras, costumbre, uniforme",Integrado en Historia / Cantineras,Evolucion del traje de cantineras,Todos los documentos del catalogo forman parte del corpus sanmarcialero local; las pistas automaticas deben contrastarse con la fuente original.
d6ae86a66c57,1956,1956,Programa de fiestas,1956,Programa de fiestas,/home/gaizka/Alarde/Programas de fiestas/1956.pdf,Catalogado con pistas automaticas pendientes de verificacion,Media/baja: OCR visual con pasajes detectados,0,2,2,"2, 3","mandos, musica, recorrido",Referencia localizada por OCR visual; revisar contra imagen original,"M__X ra - 1 e ee n k a Z K K R NO 7 Gz A Se 7 - P— [ i I7 N N a U d \/ d- d ía 28 / Día N = = A las doce del mediodía.—R | A continuación, en la plaza de San Juan, concierto : D & K 1 2*1 por la Banda municipal, diridida por el meestro 5 BERAZ",Todos los documentos del catalogo forman parte del corpus sanmarcialero local; las pistas automaticas deben contrastarse con la fuente original.
e5aff93f9a08,1956,1956-06-28,El Bidasoa,1956-06-28,Prensa o revista,/home/gaizka/Alarde/Revistas y periodicos/1956/1956-06-28 - El Bidasoa.pdf,Indice real iniciado con entrada curada,Baja: OCR visual con texto insuficiente,1,0,0,,"cantineras, costumbre, uniforme",Integrado en Historia / Cantineras,Evolucion del traje de cantineras,Todos los documentos del catalogo forman parte del corpus sanmarcialero local; las pistas automaticas deben contrastarse con la fuente original.
3df84906107d,1956,1956-06-29,La Voz de España - Cronica de Irun,1956-06-29,Prensa o revista,/home/gaizka/Alarde/Revistas y periodicos/1956/1956-06-29 - La Voz de España - Cronica de Irun.pdf,Indice real iniciado con entrada curada,Baja: OCR visual con timeout; requiere lectura manual,1,0,0,,"cantineras, costumbre, uniforme",Integrado en Historia / Cantineras,Evolucion del traje de cantineras,Todos los documentos del catalogo forman parte del corpus sanmarcialero local; las pistas automaticas deben contrastarse con la fuente original.
e513a5b11f98,1956,1956-06-29,Unidad - Cronica de Irun,1956-06-29,Prensa o revista,/home/gaizka/Alarde/Revistas y periodicos/1956/1956-06-29 - Unidad - Cronica de Irun.pdf,Indice real iniciado con entrada curada,Baja: OCR visual con timeout; requiere lectura manual,1,0,0,,"cantineras, costumbre, uniforme",Integrado en Historia / Cantineras,Evolucion del traje de cantineras,Todos los documentos del catalogo forman parte del corpus sanmarcialero local; las pistas automaticas deben contrastarse con la fuente original.
d23eca9b1b0f,1956,1956-06-30,El Diario Vasco - Cronica de Irun,1956-06-30,Prensa o revista,/home/gaizka/Alarde/Revistas y periodicos/1956/1956-06-30 - El Diario Vasco - Cronica de Irun.pdf,Indice real iniciado con entrada curada,Baja: OCR visual con timeout; requiere lectura manual,1,0,0,,"cantineras, costumbre, uniforme",Integrado en Historia / Cantineras,Evolucion del traje de cantineras,Todos los documentos del catalogo forman parte del corpus sanmarcialero local; las pistas automaticas deben contrastarse con la fuente original.
7caf1e8af640,1956,1956-06-30,Unidad - Cronica de Irun,1956-06-30,Prensa o revista,/home/gaizka/Alarde/Revistas y periodicos/1956/1956-06-30 - Unidad - Cronica de Irun.pdf,Indice real iniciado con entrada curada,Baja: OCR visual con timeout; requiere lectura manual,1,0,0,,"cantineras, costumbre, uniforme",Integrado en Historia / Cantineras,Evolucion del traje de cantineras,Todos los documentos del catalogo forman parte del corpus sanmarcialero local; las pistas automaticas deben contrastarse con la fuente original.
9dc70489a042,1956,1956-07-01,El Diario Vasco - Cronica de Irun,1956-07-01,Prensa o revista,/home/gaizka/Alarde/Revistas y periodicos/1956/1956-07-01 - El Diario Vasco - Cronica de Irun.pdf,Indice real iniciado con entrada curada,Baja: OCR visual con timeout; requiere lectura manual,1,0,0,,"cantineras, costumbre, uniforme",Integrado en Historia / Cantineras,Evolucion del traje de cantineras,Todos los documentos del catalogo forman parte del corpus sanmarcialero local; las pistas automaticas deben contrastarse con la fuente original.
12e0a6d668c1,1956,1956-09-29,El Diario Vasco - Cronica de Irun,1956-09-29,Prensa o revista,/home/gaizka/Alarde/Revistas y periodicos/1956/1956-09-29 - El Diario Vasco - Cronica de Irun.pdf,Indice real iniciado con entrada curada,Baja: OCR visual con timeout; requiere lectura manual,1,0,0,,"cantineras, costumbre, uniforme",Integrado en Historia / Cantineras,Evolucion del traje de cantineras,Todos los documentos del catalogo forman parte del corpus sanmarcialero local; las pistas automaticas deben contrastarse con la fuente original.
ebfee88f7e7f,1957,1957,El Bidasoa Mexicano - BM 1957,1957,Prensa o revista,/home/gaizka/Alarde/Revistas y periodicos/1957/1957 - El Bidasoa Mexicano - BM 1957.pdf,Indice real iniciado con entrada curada,Baja: OCR visual con timeout; requiere lectura manual,1,0,0,,"componentes, memoria interna, tamborrada",Integrado en Tamborrada,Memoria de la Tamborrada y antiguos componentes,Todos los documentos del catalogo forman parte del corpus sanmarcialero local; las pistas automaticas deben contrastarse con la fuente original.
1518a97d41f4,1957,1957,Programa de fiestas,1957,Programa de fiestas,/home/gaizka/Alarde/Programas de fiestas/1957.pdf,Catalogado con pistas automaticas pendientes de verificacion,Media/baja: OCR visual con pasajes detectados,0,4,4,"1, 3, 4, 5","alarde, companias, mandos, musica, recorrido, ritual",Referencia localizada por OCR visual; revisar contra imagen original,"' k 200 “ ] ef q 1 iiT DE IEKT ILHE FIESTAS DE SAN PEDRO Y SAN MARCIAL — 1957 | GA N » 1 I DIA 27 a , | ACO e » E K | motores, con arreglo al siguiente creuito: Salida Plaza j - 3 Urdanibia, San Marci | r "" A las cuatro de la tarde.—Revista de las fuerzas del Alarde por el General y su Estado Mayor. | \ P —'v — de N '* —:“º» i A A las ocho.—Saldrá la procesión civico-eligiosa que se P e B- EE dirigirá al histórico Santu",Todos los documentos del catalogo forman parte del corpus sanmarcialero local; las pistas automaticas deben contrastarse con la fuente original.
0a6d5051b09f,1957,1957-06-28,El Bidasoa,1957-06-28,Prensa o revista,/home/gaizka/Alarde/Revistas y periodicos/1957/1957-06-28 - El Bidasoa.pdf,Indice real iniciado con entrada curada,Baja: OCR visual con texto insuficiente,1,0,0,,"componentes, memoria interna, tamborrada",Integrado en Tamborrada,Memoria de la Tamborrada y antiguos componentes,Todos los documentos del catalogo forman parte del corpus sanmarcialero local; las pistas automaticas deben contrastarse con la fuente original.
564f9ed584ce,1957,1957-06-29,El Diario Vasco - Cronica de Irun,1957-06-29,Prensa o revista,/home/gaizka/Alarde/Revistas y periodicos/1957/1957-06-29 - El Diario Vasco - Cronica de Irun.pdf,Indice real iniciado con entrada curada,Baja: OCR visual con timeout; requiere lectura manual,1,0,0,,"componentes, memoria interna, tamborrada",Integrado en Tamborrada,Memoria de la Tamborrada y antiguos componentes,Todos los documentos del catalogo forman parte del corpus sanmarcialero local; las pistas automaticas deben contrastarse con la fuente original.
034e73defb22,1957,1957-06-29,La Voz de España - Cronica de Irun,1957-06-29,Prensa o revista,/home/gaizka/Alarde/Revistas y periodicos/1957/1957-06-29 - La Voz de España - Cronica de Irun.pdf,Indice real iniciado con entrada curada,Baja: OCR visual con timeout; requiere lectura manual,1,0,0,,"componentes, memoria interna, tamborrada",Integrado en Tamborrada,Memoria de la Tamborrada y antiguos componentes,Todos los documentos del catalogo forman parte del corpus sanmarcialero local; las pistas automaticas deben contrastarse con la fuente original.
4fdc9d05f8d1,1957,1957-06-29,Unidad - Cronica de Irun,1957-06-29,Prensa o revista,/home/gaizka/Alarde/Revistas y periodicos/1957/1957-06-29 - Unidad - Cronica de Irun.pdf,Indice real iniciado con entrada curada,Baja: OCR visual con timeout; requiere lectura manual,1,0,0,,"componentes, memoria interna, tamborrada",Integrado en Tamborrada,Memoria de la Tamborrada y antiguos componentes,Todos los documentos del catalogo forman parte del corpus sanmarcialero local; las pistas automaticas deben contrastarse con la fuente original.
86b17a2e627b,1957,1957-06-30,El Diario Vasco - Cronica de Irun,1957-06-30,Prensa o revista,/home/gaizka/Alarde/Revistas y periodicos/1957/1957-06-30 - El Diario Vasco - Cronica de Irun.pdf,Indice real iniciado con entrada curada,Baja: OCR visual con timeout; requiere lectura manual,1,0,0,,"componentes, memoria interna, tamborrada",Integrado en Tamborrada,Memoria de la Tamborrada y antiguos componentes,Todos los documentos del catalogo forman parte del corpus sanmarcialero local; las pistas automaticas deben contrastarse con la fuente original.
d2f0cea0160e,1957,1957-06-30,La Voz de España - Cronica de Irun,1957-06-30,Prensa o revista,/home/gaizka/Alarde/Revistas y periodicos/1957/1957-06-30 - La Voz de España - Cronica de Irun.pdf,Indice real iniciado con entrada curada,Baja: OCR visual con timeout; requiere lectura manual,1,0,0,,"componentes, memoria interna, tamborrada",Integrado en Tamborrada,Memoria de la Tamborrada y antiguos componentes,Todos los documentos del catalogo forman parte del corpus sanmarcialero local; las pistas automaticas deben contrastarse con la fuente original.
01b10ee6b450,1957,1957-07-02,El Diario Vasco - Cronica de Irun,1957-07-02,Prensa o revista,/home/gaizka/Alarde/Revistas y periodicos/1957/1957-07-02 - El Diario Vasco - Cronica de Irun.pdf,Indice real iniciado con entrada curada,Baja: OCR visual con timeout; requiere lectura manual,1,0,0,,"componentes, memoria interna, tamborrada",Integrado en Tamborrada,Memoria de la Tamborrada y antiguos componentes,Todos los documentos del catalogo forman parte del corpus sanmarcialero local; las pistas automaticas deben contrastarse con la fuente original.
5959cf5a9efc,1957,1957-07-02,La Voz de España - Cronica de Irun,1957-07-02,Prensa o revista,/home/gaizka/Alarde/Revistas y periodicos/1957/1957-07-02 - La Voz de España - Cronica de Irun.pdf,Indice real iniciado con entrada curada,Baja: OCR visual con timeout; requiere lectura manual,1,0,0,,"componentes, memoria interna, tamborrada",Integrado en Tamborrada,Memoria de la Tamborrada y antiguos componentes,Todos los documentos del catalogo forman parte del corpus sanmarcialero local; las pistas automaticas deben contrastarse con la fuente original.
562aef0a8596,1957,1957-07-02,Unidad - Cronica de Irun,1957-07-02,Prensa o revista,/home/gaizka/Alarde/Revistas y periodicos/1957/1957-07-02 - Unidad - Cronica de Irun.pdf,Indice real iniciado con entrada curada,Baja: OCR visual con timeout; requiere lectura manual,1,0,0,,"componentes, memoria interna, tamborrada",Integrado en Tamborrada,Memoria de la Tamborrada y antiguos componentes,Todos los documentos del catalogo forman parte del corpus sanmarcialero local; las pistas automaticas deben contrastarse con la fuente original.
5b4627f6f909,1958,1958,El Bidasoa Mexicano - BM 1958,1958,Prensa o revista,/home/gaizka/Alarde/Revistas y periodicos/1958/1958 - El Bidasoa Mexicano - BM 1958.pdf,Indice real iniciado con entrada curada,Baja: OCR visual con texto insuficiente,2,0,0,,"Artilleria, General, disciplina, memoria militar, modernidad, organizacion, preparacion, simbolo",Integrado en Artilleria | Integrado en General,"Jose Manuel Gil-Rodrigo, ""La cartera del General"" | Jesus Davoz, ""El canon de San Marcial""",Todos los documentos del catalogo forman parte del corpus sanmarcialero local; las pistas automaticas deben contrastarse con la fuente original.
555f2e2320cb,1958,1958,Programa de fiestas,1958,Programa de fiestas,/home/gaizka/Alarde/Programas de fiestas/1958.pdf,Catalogado con pistas automaticas pendientes de verificacion,Media/baja: OCR visual con pasajes detectados,0,2,2,"2, 5","alarde, mandos, recorrido, ritual",Referencia localizada por OCR visual; revisar contra imagen original,"STa b - «a uuu\c\' DE LOS ACTOS Y FESTEJOS QUE, CON MOTIVO DE LAS FESTIVIDADES DE SAN PEDRO Y SAN MARCIAL, SE CELEBRARAN | E 0 - E- rr E ee DIA 30 Ne — AA las elefec—Concentración de las fuerzas del Alarde en la plaza S E- « í - « EEEZ del Com",Todos los documentos del catalogo forman parte del corpus sanmarcialero local; las pistas automaticas deben contrastarse con la fuente original.
88eafeb49fdb,1958,1958-06-28,El Bidasoa,1958-06-28,Prensa o revista,/home/gaizka/Alarde/Revistas y periodicos/1958/1958-06-28 - El Bidasoa.pdf,Indice real iniciado con entrada curada,Baja: OCR visual con texto insuficiente,2,0,0,,"Artilleria, General, disciplina, memoria militar, modernidad, organizacion, preparacion, simbolo",Integrado en Artilleria | Integrado en General,"Jose Manuel Gil-Rodrigo, ""La cartera del General"" | Jesus Davoz, ""El canon de San Marcial""",Todos los documentos del catalogo forman parte del corpus sanmarcialero local; las pistas automaticas deben contrastarse con la fuente original.
1fd6ae8c9554,1958,1958-06-29,El Diario Vasco - Cronica de Irun,1958-06-29,Prensa o revista,/home/gaizka/Alarde/Revistas y periodicos/1958/1958-06-29 - El Diario Vasco - Cronica de Irun.pdf,Indice real iniciado con entrada curada,Baja: OCR visual con timeout; requiere lectura manual,2,0,0,,"Artilleria, General, disciplina, memoria militar, modernidad, organizacion, preparacion, simbolo",Integrado en Artilleria | Integrado en General,"Jose Manuel Gil-Rodrigo, ""La cartera del General"" | Jesus Davoz, ""El canon de San Marcial""",Todos los documentos del catalogo forman parte del corpus sanmarcialero local; las pistas automaticas deben contrastarse con la fuente original.
e63abd4233a2,1958,1958-06-29,La Voz de España - Cronica de Irun,1958-06-29,Prensa o revista,/home/gaizka/Alarde/Revistas y periodicos/1958/1958-06-29 - La Voz de España - Cronica de Irun.pdf,Indice real iniciado con entrada curada,Baja: OCR visual con timeout; requiere lectura manual,2,0,0,,"Artilleria, General, disciplina, memoria militar, modernidad, organizacion, preparacion, simbolo",Integrado en Artilleria | Integrado en General,"Jose Manuel Gil-Rodrigo, ""La cartera del General"" | Jesus Davoz, ""El canon de San Marcial""",Todos los documentos del catalogo forman parte del corpus sanmarcialero local; las pistas automaticas deben contrastarse con la fuente original.
49a61ab8c871,1958,1958-06-30,Unidad - Cronica de Irun,1958-06-30,Prensa o revista,/home/gaizka/Alarde/Revistas y periodicos/1958/1958-06-30 - Unidad - Cronica de Irun.pdf,Indice real iniciado con entrada curada,Baja: OCR visual con timeout; requiere lectura manual,2,0,0,,"Artilleria, General, disciplina, memoria militar, modernidad, organizacion, preparacion, simbolo",Integrado en Artilleria | Integrado en General,"Jose Manuel Gil-Rodrigo, ""La cartera del General"" | Jesus Davoz, ""El canon de San Marcial""",Todos los documentos del catalogo forman parte del corpus sanmarcialero local; las pistas automaticas deben contrastarse con la fuente original.
69aaaa669e41,1958,1958-07-01,El Diario Vasco - Cronica de Irun,1958-07-01,Prensa o revista,/home/gaizka/Alarde/Revistas y periodicos/1958/1958-07-01 - El Diario Vasco - Cronica de Irun.pdf,Indice real iniciado con entrada curada,Baja: OCR visual con timeout; requiere lectura manual,2,0,0,,"Artilleria, General, disciplina, memoria militar, modernidad, organizacion, preparacion, simbolo",Integrado en Artilleria | Integrado en General,"Jose Manuel Gil-Rodrigo, ""La cartera del General"" | Jesus Davoz, ""El canon de San Marcial""",Todos los documentos del catalogo forman parte del corpus sanmarcialero local; las pistas automaticas deben contrastarse con la fuente original.
e26c2dcc02cb,1958,1958-07-01,La Voz de España - Cronica de Irun,1958-07-01,Prensa o revista,/home/gaizka/Alarde/Revistas y periodicos/1958/1958-07-01 - La Voz de España - Cronica de Irun.pdf,Indice real iniciado con entrada curada,Baja: OCR visual con timeout; requiere lectura manual,2,0,0,,"Artilleria, General, disciplina, memoria militar, modernidad, organizacion, preparacion, simbolo",Integrado en Artilleria | Integrado en General,"Jose Manuel Gil-Rodrigo, ""La cartera del General"" | Jesus Davoz, ""El canon de San Marcial""",Todos los documentos del catalogo forman parte del corpus sanmarcialero local; las pistas automaticas deben contrastarse con la fuente original.
26266e2c606f,1958,1958-07-01,Unidad - Cronica de Irun,1958-07-01,Prensa o revista,/home/gaizka/Alarde/Revistas y periodicos/1958/1958-07-01 - Unidad - Cronica de Irun.pdf,Indice real iniciado con entrada curada,Baja: OCR visual con timeout; requiere lectura manual,2,0,0,,"Artilleria, General, disciplina, memoria militar, modernidad, organizacion, preparacion, simbolo",Integrado en Artilleria | Integrado en General,"Jose Manuel Gil-Rodrigo, ""La cartera del General"" | Jesus Davoz, ""El canon de San Marcial""",Todos los documentos del catalogo forman parte del corpus sanmarcialero local; las pistas automaticas deben contrastarse con la fuente original.
5d30dd0397cf,1959,1959,El Bidasoa Mexicano - BM 1959,1959,Prensa o revista,/home/gaizka/Alarde/Revistas y periodicos/1959/1959 - El Bidasoa Mexicano - BM 1959.pdf,Indice real iniciado con entrada curada,Baja: OCR visual con texto insuficiente,1,0,0,,"interpretacion, memoria, sentido local",Integrado en Historia,"Lectura religiosa, historica y popular del Alarde",Todos los documentos del catalogo forman parte del corpus sanmarcialero local; las pistas automaticas deben contrastarse con la fuente original.
90c549064f40,1959,1959,Programa de fiestas,1959,Programa de fiestas,/home/gaizka/Alarde/Programas de fiestas/1959.pdf,Catalogado con pistas automaticas pendientes de verificacion,Media/baja: OCR visual con pasajes detectados,0,2,2,"2, 5","alarde, musica",Referencia localizada por OCR visual; revisar contra imagen original,"E * EE _ } L | ¿ b O *y , = ; l*_ N ú P 1 — » *A b » L y S el GK G E GAT AA \ S — MO S : | E 4 Q* PROGRAMA ee DE LOS ACT | - 7 S a | lo taho Te lo ed E EE- N d | L K j , - A la ece dl medica — l laa de Fpaña, concet pr e M EEE L O , bz do la t",Todos los documentos del catalogo forman parte del corpus sanmarcialero local; las pistas automaticas deben contrastarse con la fuente original.
6f1606946692,1959,1959-06-28,El Bidasoa,1959-06-28,Prensa o revista,/home/gaizka/Alarde/Revistas y periodicos/1959/1959-06-28 - El Bidasoa.pdf,Indice real iniciado con entrada curada,Baja: OCR visual con texto insuficiente,1,0,0,,"interpretacion, memoria, sentido local",Integrado en Historia,"Lectura religiosa, historica y popular del Alarde",Todos los documentos del catalogo forman parte del corpus sanmarcialero local; las pistas automaticas deben contrastarse con la fuente original.
de393c677414,1959,1959-06-29,Unidad,1959-06-29,Prensa o revista,/home/gaizka/Alarde/Revistas y periodicos/1959/1959-06-29 - Unidad.pdf,Indice real iniciado con entrada curada,Alta: texto extraido del PDF,1,5,0,,"Alarde, companias, interpretacion, mandos, memoria, musica, ritual, sentido local",Integrado en Historia | Referencia localizada por barrido textual,"Lectura religiosa, historica y popular del Alarde",Todos los documentos del catalogo forman parte del corpus sanmarcialero local; las pistas automaticas deben contrastarse con la fuente original.
1de39bb60a99,1959,1959-06-30,El Diario Vasco - Cronica de Irun,1959-06-30,Prensa o revista,/home/gaizka/Alarde/Revistas y periodicos/1959/1959-06-30 - El Diario Vasco - Cronica de Irun.pdf,Indice real iniciado con entrada curada,Baja: OCR visual con timeout; requiere lectura manual,1,0,0,,"interpretacion, memoria, sentido local",Integrado en Historia,"Lectura religiosa, historica y popular del Alarde",Todos los documentos del catalogo forman parte del corpus sanmarcialero local; las pistas automaticas deben contrastarse con la fuente original.
d6575529ed1e,1959,1959-06-30,La Voz de España - Cronica de Irun,1959-06-30,Prensa o revista,/home/gaizka/Alarde/Revistas y periodicos/1959/1959-06-30 - La Voz de España - Cronica de Irun.pdf,Indice real iniciado con entrada curada,Baja: OCR visual con timeout; requiere lectura manual,1,0,0,,"interpretacion, memoria, sentido local",Integrado en Historia,"Lectura religiosa, historica y popular del Alarde",Todos los documentos del catalogo forman parte del corpus sanmarcialero local; las pistas automaticas deben contrastarse con la fuente original.
f24036fc4c26,1959,1959-06-30,Unidad,1959-06-30,Prensa o revista,/home/gaizka/Alarde/Revistas y periodicos/1959/1959-06-30 - Unidad.pdf,Indice real iniciado con entrada curada,Alta: texto extraido del PDF,1,4,0,,"Alarde, companias, interpretacion, memoria, musica, sentido local, suspensiones/cambios",Integrado en Historia | Referencia localizada por barrido textual,"Lectura religiosa, historica y popular del Alarde",Todos los documentos del catalogo forman parte del corpus sanmarcialero local; las pistas automaticas deben contrastarse con la fuente original.
0030e31a7f72,1959,1959-07-01,El Diario Vasco - Cronica de Irun,1959-07-01,Prensa o revista,/home/gaizka/Alarde/Revistas y periodicos/1959/1959-07-01 - El Diario Vasco - Cronica de Irun.pdf,Indice real iniciado con entrada curada,Baja: OCR visual con timeout; requiere lectura manual,1,0,0,,"interpretacion, memoria, sentido local",Integrado en Historia,"Lectura religiosa, historica y popular del Alarde",Todos los documentos del catalogo forman parte del corpus sanmarcialero local; las pistas automaticas deben contrastarse con la fuente original.
e0b8ddb8a9cf,1959,1959-07-01,La Voz de España - Cronica de Irun,1959-07-01,Prensa o revista,/home/gaizka/Alarde/Revistas y periodicos/1959/1959-07-01 - La Voz de España - Cronica de Irun.pdf,Indice real iniciado con entrada curada,Baja: OCR visual con timeout; requiere lectura manual,1,0,0,,"interpretacion, memoria, sentido local",Integrado en Historia,"Lectura religiosa, historica y popular del Alarde",Todos los documentos del catalogo forman parte del corpus sanmarcialero local; las pistas automaticas deben contrastarse con la fuente original.
fedccfc4e6cc,1959,1959-07-01,Unidad - Cronica de Irun,1959-07-01,Prensa o revista,/home/gaizka/Alarde/Revistas y periodicos/1959/1959-07-01 - Unidad - Cronica de Irun.pdf,Indice real iniciado con entrada curada,Baja: OCR visual con timeout; requiere lectura manual,1,0,0,,"interpretacion, memoria, sentido local",Integrado en Historia,"Lectura religiosa, historica y popular del Alarde",Todos los documentos del catalogo forman parte del corpus sanmarcialero local; las pistas automaticas deben contrastarse con la fuente original.
82e08ee7fdbd,1960,1960,El Bidasoa Mexicano - BM 1960,1960,Prensa o revista,/home/gaizka/Alarde/Revistas y periodicos/1960/1960 - El Bidasoa Mexicano - BM 1960.pdf,Indice real iniciado con entrada curada,Baja: OCR visual con texto insuficiente,1,0,0,,"memoria sonora, musica, repertorio",Integrado en Musica,Rollos de pianola y musica del Alarde,Todos los documentos del catalogo forman parte del corpus sanmarcialero local; las pistas automaticas deben contrastarse con la fuente original.
baadc9a4a777,1960,1960,Programa de fiestas,1960,Programa de fiestas,/home/gaizka/Alarde/Programas de fiestas/1960.pdf,Catalogado con pistas automaticas pendientes de verificacion,Media/baja: OCR visual con pasajes detectados,0,5,5,"1, 2, 3, 4, 5","alarde, companias, musica, recorrido",Referencia localizada por OCR visual; revisar contra imagen original,"— ' O Ciudad de Irún mIESTAS DE SAN PEDRO Y SAN MARCIAL e DIU 1960 A | A í € ia EE IE ESE l S » 2 silc Mantt | | i PROCGRAMA 'H DE LOS ACTOS Y FESTEJOS QUE CON ; O MOTIVO DE LAS FESTIVIDADES | ARO ANE EE A las once.—Apertura de las exposiciones de fotografía y pintura en las salas be X37 A del colegio de San Mar | Y h A las diez y media.—En el patio del colegio de San Marcial, concierto a cargo d e — Y de la Orquesta del Conservator | | A las doce.—Las Bandas, precedidas de las de pífanos y tambores y a los acordes A De del o r del popular himno de San",Todos los documentos del catalogo forman parte del corpus sanmarcialero local; las pistas automaticas deben contrastarse con la fuente original.
9c2a4a30524b,1960,1960-06-28,El Bidasoa,1960-06-28,Prensa o revista,/home/gaizka/Alarde/Revistas y periodicos/1960/1960-06-28 - El Bidasoa.pdf,Indice real iniciado con entrada curada,Media/baja: OCR visual sin pasajes detectados,1,0,0,,"memoria sonora, musica, repertorio",Integrado en Musica,Rollos de pianola y musica del Alarde,Todos los documentos del catalogo forman parte del corpus sanmarcialero local; las pistas automaticas deben contrastarse con la fuente original.
22f9b8d55faf,1960,1960-06-29,El Diario Vasco - Cronica de Irun,1960-06-29,Prensa o revista,/home/gaizka/Alarde/Revistas y periodicos/1960/1960-06-29 - El Diario Vasco - Cronica de Irun.pdf,Indice real iniciado con entrada curada,Baja: OCR visual con timeout; requiere lectura manual,1,0,0,,"memoria sonora, musica, repertorio",Integrado en Musica,Rollos de pianola y musica del Alarde,Todos los documentos del catalogo forman parte del corpus sanmarcialero local; las pistas automaticas deben contrastarse con la fuente original.
a37c4345f231,1960,1960-06-29,La Voz de España - Cronica de Irun,1960-06-29,Prensa o revista,/home/gaizka/Alarde/Revistas y periodicos/1960/1960-06-29 - La Voz de España - Cronica de Irun.pdf,Indice real iniciado con entrada curada,Baja: OCR visual con timeout; requiere lectura manual,1,0,0,,"memoria sonora, musica, repertorio",Integrado en Musica,Rollos de pianola y musica del Alarde,Todos los documentos del catalogo forman parte del corpus sanmarcialero local; las pistas automaticas deben contrastarse con la fuente original.
f9b722327d4e,1960,1960-06-30,El Diario Vasco - Cronica de Irun,1960-06-30,Prensa o revista,/home/gaizka/Alarde/Revistas y periodicos/1960/1960-06-30 - El Diario Vasco - Cronica de Irun.pdf,Indice real iniciado con entrada curada,Baja: OCR visual con timeout; requiere lectura manual,1,0,0,,"memoria sonora, musica, repertorio",Integrado en Musica,Rollos de pianola y musica del Alarde,Todos los documentos del catalogo forman parte del corpus sanmarcialero local; las pistas automaticas deben contrastarse con la fuente original.
2c078b0eba47,1960,1960-06-30,La Voz de España - Cronica de Irun,1960-06-30,Prensa o revista,/home/gaizka/Alarde/Revistas y periodicos/1960/1960-06-30 - La Voz de España - Cronica de Irun.pdf,Indice real iniciado con entrada curada,Baja: OCR visual con timeout; requiere lectura manual,1,0,0,,"memoria sonora, musica, repertorio",Integrado en Musica,Rollos de pianola y musica del Alarde,Todos los documentos del catalogo forman parte del corpus sanmarcialero local; las pistas automaticas deben contrastarse con la fuente original.
d0a27545ad0f,1960,1960-06-30,Unidad - Cronica de Irun,1960-06-30,Prensa o revista,/home/gaizka/Alarde/Revistas y periodicos/1960/1960-06-30 - Unidad - Cronica de Irun.pdf,Indice real iniciado con entrada curada,Baja: OCR visual con timeout; requiere lectura manual,1,0,0,,"memoria sonora, musica, repertorio",Integrado en Musica,Rollos de pianola y musica del Alarde,Todos los documentos del catalogo forman parte del corpus sanmarcialero local; las pistas automaticas deben contrastarse con la fuente original.
e8a5744f61d8,1960,1960-07-01,El Diario Vasco - Cronica de Irun,1960-07-01,Prensa o revista,/home/gaizka/Alarde/Revistas y periodicos/1960/1960-07-01 - El Diario Vasco - Cronica de Irun.pdf,Indice real iniciado con entrada curada,Baja: OCR visual con timeout; requiere lectura manual,1,0,0,,"memoria sonora, musica, repertorio",Integrado en Musica,Rollos de pianola y musica del Alarde,Todos los documentos del catalogo forman parte del corpus sanmarcialero local; las pistas automaticas deben contrastarse con la fuente original.
4015ba23c824,1960,1960-07-01,La Voz de España - Cronica de Irun,1960-07-01,Prensa o revista,/home/gaizka/Alarde/Revistas y periodicos/1960/1960-07-01 - La Voz de España - Cronica de Irun.pdf,Indice real iniciado con entrada curada,Baja: OCR visual con timeout; requiere lectura manual,1,0,0,,"memoria sonora, musica, repertorio",Integrado en Musica,Rollos de pianola y musica del Alarde,Todos los documentos del catalogo forman parte del corpus sanmarcialero local; las pistas automaticas deben contrastarse con la fuente original.
19854a92bc05,1960,1960-07-01,Unidad - Cronica de Irun,1960-07-01,Prensa o revista,/home/gaizka/Alarde/Revistas y periodicos/1960/1960-07-01 - Unidad - Cronica de Irun.pdf,Indice real iniciado con entrada curada,Baja: OCR visual con timeout; requiere lectura manual,1,0,0,,"memoria sonora, musica, repertorio",Integrado en Musica,Rollos de pianola y musica del Alarde,Todos los documentos del catalogo forman parte del corpus sanmarcialero local; las pistas automaticas deben contrastarse con la fuente original.
3200473dc8ab,1961,1961,El Bidasoa Mexicano - BM 1961,1961,Prensa o revista,/home/gaizka/Alarde/Revistas y periodicos/1961/1961 - El Bidasoa Mexicano - BM 1961.pdf,Indice real iniciado con entrada curada,Baja: OCR visual con texto insuficiente,1,0,0,,"San Marcial, calendario emocional, diaspora",Integrado en Historia,"Jose Sanchez-Vilches sobre el 30 de junio como ""dia cero""",Todos los documentos del catalogo forman parte del corpus sanmarcialero local; las pistas automaticas deben contrastarse con la fuente original.
ee831e4a55e8,1961,1961,Programa de fiestas,1961,Programa de fiestas,/home/gaizka/Alarde/Programas de fiestas/1961.pdf,Catalogado con pistas automaticas pendientes de verificacion,Media/baja: OCR visual con pasajes detectados,0,3,3,"2, 4, 6","alarde, companias, mandos, musica, recorrido",Referencia localizada por OCR visual; revisar contra imagen original,"PROGRAMA DE LOS ACTOS Y FESTEJOS Que con motivo de las fes- tividades de SAN PEDRO y SAN MARCIAL, se ce- lebrarán en est | A las 4 de la tarde.—Revista de los fuerzas del Alarde A las 11 y media.—Toro de fuego. | Pasaje localizado por OCR visual",Todos los documentos del catalogo forman parte del corpus sanmarcialero local; las pistas automaticas deben contrastarse con la fuente original.
c3cfd35d8f27,1961,1961-06-28,El Bidasoa,1961-06-28,Prensa o revista,/home/gaizka/Alarde/Revistas y periodicos/1961/1961-06-28 - El Bidasoa.pdf,Catalogado con pistas automaticas pendientes de verificacion,Alta: texto extraido del PDF,0,8,0,,"Alarde, companias, ritual",Referencia localizada por barrido textual,"Admirar el Alarde que desfila por las calles como un ejército disci­ | EL ALARDE alcanza su max¡mo esplendor en la cumbre sanmarcialera; espectáculo | Otra vez San Marcial. Nuevo motivo para escribir unas líneas que que­ | PASEO DE COLON, 80 Y 82 TELEFONO NUM. 6-17-50 | Por ALBERTO GONZALEZ CARREDANO",Todos los documentos del catalogo forman parte del corpus sanmarcialero local; las pistas automaticas deben contrastarse con la fuente original.
d32f8fa514ab,1961,1961-06-29,El Diario Vasco - Cronica de Irun,1961-06-29,Prensa o revista,/home/gaizka/Alarde/Revistas y periodicos/1961/1961-06-29 - El Diario Vasco - Cronica de Irun.pdf,Catalogado; requiere OCR mejorado o lectura manual,Baja: OCR visual con timeout; requiere lectura manual,0,0,0,,,,,Todos los documentos del catalogo forman parte del corpus sanmarcialero local; las pistas automaticas deben contrastarse con la fuente original.
a5abac0d6c6a,1961,1961-06-29,La Voz de España - Cronica de Irun,1961-06-29,Prensa o revista,/home/gaizka/Alarde/Revistas y periodicos/1961/1961-06-29 - La Voz de España - Cronica de Irun.pdf,Catalogado; requiere OCR mejorado o lectura manual,Baja: OCR visual con timeout; requiere lectura manual,0,0,0,,,,,Todos los documentos del catalogo forman parte del corpus sanmarcialero local; las pistas automaticas deben contrastarse con la fuente original.
a38c2ff9378c,1961,1961-06-30,El Diario Vasco - Cronica de Irun,1961-06-30,Prensa o revista,/home/gaizka/Alarde/Revistas y periodicos/1961/1961-06-30 - El Diario Vasco - Cronica de Irun.pdf,Catalogado; requiere OCR mejorado o lectura manual,Baja: OCR visual con timeout; requiere lectura manual,0,0,0,,,,,Todos los documentos del catalogo forman parte del corpus sanmarcialero local; las pistas automaticas deben contrastarse con la fuente original.
8a63d3cbc968,1961,1961-06-30,La Voz de España - Cronica de Irun,1961-06-30,Prensa o revista,/home/gaizka/Alarde/Revistas y periodicos/1961/1961-06-30 - La Voz de España - Cronica de Irun.pdf,Catalogado; requiere OCR mejorado o lectura manual,Baja: OCR visual con timeout; requiere lectura manual,0,0,0,,,,,Todos los documentos del catalogo forman parte del corpus sanmarcialero local; las pistas automaticas deben contrastarse con la fuente original.
a9a82c10433f,1961,1961-07-01,El Diario Vasco - Cronica de Irun,1961-07-01,Prensa o revista,/home/gaizka/Alarde/Revistas y periodicos/1961/1961-07-01 - El Diario Vasco - Cronica de Irun.pdf,Catalogado; requiere OCR mejorado o lectura manual,Baja: OCR visual con timeout; requiere lectura manual,0,0,0,,,,,Todos los documentos del catalogo forman parte del corpus sanmarcialero local; las pistas automaticas deben contrastarse con la fuente original.
1334f025c09c,1961,1961-07-01,La Voz de España - Cronica de Irun,1961-07-01,Prensa o revista,/home/gaizka/Alarde/Revistas y periodicos/1961/1961-07-01 - La Voz de España - Cronica de Irun.pdf,Catalogado; requiere OCR mejorado o lectura manual,Baja: OCR visual con timeout; requiere lectura manual,0,0,0,,,,,Todos los documentos del catalogo forman parte del corpus sanmarcialero local; las pistas automaticas deben contrastarse con la fuente original.
748c992389e8,1962,1962,Programa de fiestas,1962,Programa de fiestas,/home/gaizka/Alarde/Programas de fiestas/1962.pdf,Catalogado con pistas automaticas pendientes de verificacion,Media/baja: OCR visual con pasajes detectados,0,4,4,"3, 4, 5, 6","cantineras, companias, mandos, musica, recorrido, ritual, tamborrada",Referencia localizada por OCR visual; revisar contra imagen original,"Ayunta- A las 11.—Desfile de una gran carroza portedora de las can- BR EE de sominidad: tineras que formarán en el Alard | «q;a;\ E ?% e GG EOE IC NA ER A las ue Bandas, precedidas de las de pifanos y tem- E—<O — € N bores y a los acordes del | de erdeñañzó, se organizará el re Ge E f G greso de San Marcial. | San Marcial.",Todos los documentos del catalogo forman parte del corpus sanmarcialero local; las pistas automaticas deben contrastarse con la fuente original.
ef6da989498d,1963,1963,Programa de fiestas,1963,Programa de fiestas,/home/gaizka/Alarde/Programas de fiestas/1963.pdf,Catalogado con pistas automaticas pendientes de verificacion,Media/baja: OCR visual con pasajes detectados,0,3,3,"3, 4, 5","caballeria, companias, musica, recorrido, ritual",Referencia localizada por OCR visual; revisar contra imagen original,"O d A f- - :\% - 2 AN - — d S rial, acompañada S — e *s GeT E 8 | n 41 á 1 por la Tamborra- — p - '-t'»""f E , ñ mc E da | Bastida des del popular himno € k de San Marcial, reco- 1 a» A la misma hora.—En la Plaza de España, bailables por la Ba | s Ln P S t L G A las 12.— En la misma plaza, actua- m ; EA 1'9 k a k cion de los bersolaris Uztapide, 1E EB A las 5.—Pre",Todos los documentos del catalogo forman parte del corpus sanmarcialero local; las pistas automaticas deben contrastarse con la fuente original.
2ecde2944ef8,1963,1963-06-28,El Bidasoa,1963-06-28,Prensa o revista,/home/gaizka/Alarde/Revistas y periodicos/1963/1963-06-28 - El Bidasoa.pdf,Indice real iniciado con entrada curada,Baja: OCR visual con texto insuficiente,1,0,0,,"autenticidad, cambios, tradicion",Integrado en Historia,Debate sobre autenticidad del Alarde,Todos los documentos del catalogo forman parte del corpus sanmarcialero local; las pistas automaticas deben contrastarse con la fuente original.
735f282f52e0,1964,1964,Programa de fiestas,1964,Programa de fiestas,/home/gaizka/Alarde/Programas de fiestas/1964.pdf,Catalogado con pistas automaticas pendientes de verificacion,Media/baja: OCR visual con pasajes detectados,0,4,4,"3, 4, 5, 6","cantineras, companias, mandos, musica, recorrido, tamborrada",Referencia localizada por OCR visual; revisar contra imagen original,"FO S GN »)'á*_, k ,g*%í} N A las 11,—Desfile de una carroza portadora de las cantineras que formarán "" - - Da P en el Al | a C A < \ AO N A las 4.—Revista de las fuerzas del Alarde por el General y su Estado u“ A 6 N (y O AN Mayor. | A las 5.—Previo llamada de ordenanza, se organizará el regreso de San Marcial. | Pasaje localizado por OCR visual",Todos los documentos del catalogo forman parte del corpus sanmarcialero local; las pistas automaticas deben contrastarse con la fuente original.
873a7fe3aa44,1964,1964-06-28,El Bidasoa,1964-06-28,Prensa o revista,/home/gaizka/Alarde/Revistas y periodicos/1964/1964-06-28 - El Bidasoa.pdf,Catalogado; pendiente de indice humano,Baja: OCR visual con texto insuficiente,0,0,0,,,,,Todos los documentos del catalogo forman parte del corpus sanmarcialero local; las pistas automaticas deben contrastarse con la fuente original.
abf580172be1,1965,1965,Programa de fiestas,1965,Programa de fiestas,/home/gaizka/Alarde/Programas de fiestas/1965.pdf,Catalogado con pistas automaticas pendientes de verificacion,Media/baja: OCR visual con pasajes detectados,0,2,2,"4, 5","cantineras, companias, mandos, musica, recorrido, tamborrada",Referencia localizada por OCR visual; revisar contra imagen original,"A las 11.—Desfile de una corroza portadora de las cantineras que formarán en el Alarde de San Marcial, que partiendo de | E ,qf—a _E % A las 12 1/2.—Los Bandas precedidas de las de pífanos y tambo- F E O Tes y a los acordes del popular himno",Todos los documentos del catalogo forman parte del corpus sanmarcialero local; las pistas automaticas deben contrastarse con la fuente original.
94700dd8a5e4,1965,1965-06-28,El Bidasoa,1965-06-28,Prensa o revista,/home/gaizka/Alarde/Revistas y periodicos/1965/1965-06-28 - El Bidasoa.pdf,Catalogado; pendiente de indice humano,Baja: OCR visual con texto insuficiente,0,0,0,,,,,Todos los documentos del catalogo forman parte del corpus sanmarcialero local; las pistas automaticas deben contrastarse con la fuente original.
a8ab4b278a23,1966,1966,Programa de fiestas,1966,Programa de fiestas,/home/gaizka/Alarde/Programas de fiestas/1966.pdf,Catalogado con pistas automaticas pendientes de verificacion,Media/baja: OCR visual con pasajes detectados,0,4,4,"2, 3, 4, 8","alarde, cantineras, companias, mandos, musica, recorrido, ritual, tamborrada",Referencia localizada por OCR visual; revisar contra imagen original,"= - ¿ | San Marcial. | A LAS 107 DE LA NOCHE: En la Plaza de San Juan, bailables — EE aaa b- d _- d por la Banda Municipal y la Orquestina ""Los | Pasco de Colón, Calle de los Fueros, Mayor, San Marcial, _A E E Plaza de Urdanibia, Larrechipi, Jesús y Plaza de San Jua | ñ A LAS 12: En la Plaza de Urdani A LAS 11 DE LA MAÑANA: Finales del Torneo de Balonmano , to Comar- | ""Trofeo San Marci",Todos los documentos del catalogo forman parte del corpus sanmarcialero local; las pistas automaticas deben contrastarse con la fuente original.
374bc50b0333,1966,1966,Programa de fiestas,1966_Buenos_Aires_1,Programa de fiestas,/home/gaizka/Alarde/Programas de fiestas/1966_Buenos_Aires_1.pdf,Catalogado con pistas automaticas pendientes de verificacion,Media/baja: OCR visual con pasajes detectados,0,3,3,"2, 3, 4","companias, recorrido, ritual",Referencia localizada por OCR visual; revisar contra imagen original,"y familia a los actos, que conmemorando el día | de San Marcial, celebrarán los días GEE 30 de Junio. | JUEVES 30 de JUNIO.- 19 horas.—HOMENAJE A IRUN Y AL DIA DE SAN MARCIAL. | ¡Alarde S º \ A EG de San Marcial!",Todos los documentos del catalogo forman parte del corpus sanmarcialero local; las pistas automaticas deben contrastarse con la fuente original.
35e20907f2ae,1966,1966,Programa de fiestas,1966_Buenos_Aires_2,Programa de fiestas,/home/gaizka/Alarde/Programas de fiestas/1966_Buenos_Aires_2.pdf,Catalogado con pistas automaticas pendientes de verificacion,Media/baja: OCR visual con pasajes detectados,0,5,5,"1, 2, 3, 4, 5","alarde, companias, recorrido, ritual",Referencia localizada por OCR visual; revisar contra imagen original,"S 4% ;%71; di “ Jº%%'/?; ' , e GOEK A ',á%T*f ea PROGRAMA pe 1as = lm FESTAS I SAN MARCIAL : | v de Ae 1 o = - ¡Viva el día de San Marcial! | GIORGI concesionario del * a b Buffet Laurak-Bat a las Fiestas de San Marcial i Í ; en Buenos Aires d ES Invitamos a Ud. | Homenojelal Día de San Marcial Sábado 2 de Julio: 18 horas: - Izamiento? | Hace muchos años, exactamente 42, un irunés se propuso + — m F que la fiesta de San Marcial fuera celebrada también en B",Todos los documentos del catalogo forman parte del corpus sanmarcialero local; las pistas automaticas deben contrastarse con la fuente original.
3fc5b065297b,1966,1966-06-28,El Bidasoa,1966-06-28,Prensa o revista,/home/gaizka/Alarde/Revistas y periodicos/1966/1966-06-28 - El Bidasoa.pdf,Indice real iniciado con entrada curada,Baja: OCR visual con texto insuficiente,1,0,0,,"cantineras, ordenanza, sistema de eleccion",Integrado en Cantineras,Discusion sobre votaciones de cantineras frente a nombramiento por ordenanza,Todos los documentos del catalogo forman parte del corpus sanmarcialero local; las pistas automaticas deben contrastarse con la fuente original.
54912668f5d0,1967,1967,Programa de fiestas,1967A,Programa de fiestas,/home/gaizka/Alarde/Programas de fiestas/1967A.pdf,Catalogado con pistas automaticas pendientes de verificacion,Media/baja: OCR visual con pasajes detectados,0,2,2,"2, 3","alarde, cantineras, musica, ritual, tamborrada",Referencia localizada por OCR visual; revisar contra imagen original,— SAN MARCIAL. | | p = A LA MISMA HORA: Desfile de una carroza portadora de las cantineras L%M¿ÍU U %%“ 1967 que formarán en el Alarde de,Todos los documentos del catalogo forman parte del corpus sanmarcialero local; las pistas automaticas deben contrastarse con la fuente original.
5c3a45708b21,1967,1967,Programa de fiestas,1967B,Programa de fiestas,/home/gaizka/Alarde/Programas de fiestas/1967B.pdf,Catalogado con pistas automaticas pendientes de verificacion,Media/baja: OCR visual con pasajes detectados,0,1,1,2,"mandos, musica, recorrido, ritual",Referencia localizada por OCR visual; revisar contra imagen original,"e E— ACN mí Poseo de Colón, Calle de los Fueros, Mayor, San Marcial, Plaza de — S — d Urdanibia, Larrechipi, Jesús y Pla",Todos los documentos del catalogo forman parte del corpus sanmarcialero local; las pistas automaticas deben contrastarse con la fuente original.
1d0d287b1252,1967,1967-06-01,El Bidasoa,1967-06-01,Prensa o revista,/home/gaizka/Alarde/Revistas y periodicos/1967/1967-06-01 - El Bidasoa.pdf,Indice real iniciado con entrada curada,Alta: texto extraido del PDF,1,7,0,,"Alarde, cantineras, companias, crecimiento, mandos, musica, ordenanza, organizacion, ritual, tenientes",Integrado en Historia | Referencia localizada por barrido textual,Debate sobre gigantismo del Batallon y modificacion del art. 27,Todos los documentos del catalogo forman parte del corpus sanmarcialero local; las pistas automaticas deben contrastarse con la fuente original.
958c2373540e,1967,1967-06-04,El Bidasoa,1967-06-04,Prensa o revista,/home/gaizka/Alarde/Revistas y periodicos/1967/1967-06-04 - El Bidasoa.pdf,Indice real iniciado con entrada curada,Alta: texto extraido del PDF,1,6,0,,"Alarde, cantineras, companias, crecimiento, mandos, ordenanza, organizacion, ritual, tenientes",Integrado en Historia | Referencia localizada por barrido textual,Debate sobre gigantismo del Batallon y modificacion del art. 27,Todos los documentos del catalogo forman parte del corpus sanmarcialero local; las pistas automaticas deben contrastarse con la fuente original.
957230a26cfe,1967,1967-06-11,El Bidasoa,1967-06-11,Prensa o revista,/home/gaizka/Alarde/Revistas y periodicos/1967/1967-06-11 - El Bidasoa.pdf,Indice real iniciado con entrada curada,Alta: texto extraido del PDF,1,5,0,,"Alarde, cantineras, companias, crecimiento, musica, ordenanza, organizacion, ritual, tenientes",Integrado en Historia | Referencia localizada por barrido textual,Debate sobre gigantismo del Batallon y modificacion del art. 27,Todos los documentos del catalogo forman parte del corpus sanmarcialero local; las pistas automaticas deben contrastarse con la fuente original.
25dad0a52cec,1967,1967-06-18,El Bidasoa,1967-06-18,Prensa o revista,/home/gaizka/Alarde/Revistas y periodicos/1967/1967-06-18 - El Bidasoa.pdf,Indice real iniciado con entrada curada,Alta: texto extraido del PDF,1,4,0,,"Alarde, cantineras, companias, crecimiento, mandos, musica, ordenanza, organizacion, ritual, tenientes",Integrado en Historia | Referencia localizada por barrido textual,Debate sobre gigantismo del Batallon y modificacion del art. 27,Todos los documentos del catalogo forman parte del corpus sanmarcialero local; las pistas automaticas deben contrastarse con la fuente original.
c92d56813de3,1967,1967-06-25,El Bidasoa,1967-06-25,Prensa o revista,/home/gaizka/Alarde/Revistas y periodicos/1967/1967-06-25 - El Bidasoa.pdf,Indice real iniciado con entrada curada,Alta: texto extraido del PDF,1,7,0,,"Alarde, cantineras, companias, crecimiento, mandos, musica, ordenanza, organizacion, ritual, tenientes",Integrado en Historia | Referencia localizada por barrido textual,Debate sobre gigantismo del Batallon y modificacion del art. 27,Todos los documentos del catalogo forman parte del corpus sanmarcialero local; las pistas automaticas deben contrastarse con la fuente original.
28d9f506dcd6,1967,1967-06-28,El Bidasoa,1967-06-28,Prensa o revista,/home/gaizka/Alarde/Revistas y periodicos/1967/1967-06-28 - El Bidasoa.pdf,Indice real iniciado con entrada curada,Baja: OCR visual con texto insuficiente,1,0,0,,"crecimiento, ordenanza, organizacion, tenientes",Integrado en Historia,Debate sobre gigantismo del Batallon y modificacion del art. 27,Todos los documentos del catalogo forman parte del corpus sanmarcialero local; las pistas automaticas deben contrastarse con la fuente original.
6dc9a27862f7,1967,1967-07-09,El Bidasoa,1967-07-09,Prensa o revista,/home/gaizka/Alarde/Revistas y periodicos/1967/1967-07-09 - El Bidasoa.pdf,Indice real iniciado con entrada curada,Alta: texto extraido del PDF,1,6,0,,"Alarde, companias, crecimiento, mandos, musica, ordenanza, organizacion, ritual, tenientes",Integrado en Historia | Referencia localizada por barrido textual,Debate sobre gigantismo del Batallon y modificacion del art. 27,Todos los documentos del catalogo forman parte del corpus sanmarcialero local; las pistas automaticas deben contrastarse con la fuente original.
176fa84b089c,1967,1967-07-16,El Bidasoa,1967-07-16,Prensa o revista,/home/gaizka/Alarde/Revistas y periodicos/1967/1967-07-16 - El Bidasoa.pdf,Indice real iniciado con entrada curada,Alta: texto extraido del PDF,1,4,0,,"Alarde, cantineras, companias, crecimiento, mandos, musica, ordenanza, organizacion, ritual, tenientes",Integrado en Historia | Referencia localizada por barrido textual,Debate sobre gigantismo del Batallon y modificacion del art. 27,Todos los documentos del catalogo forman parte del corpus sanmarcialero local; las pistas automaticas deben contrastarse con la fuente original.
3d2d5d02d06d,1968,1968,Programa de fiestas,1968A,Programa de fiestas,/home/gaizka/Alarde/Programas de fiestas/1968A.pdf,Catalogado con pistas automaticas pendientes de verificacion,Media/baja: OCR visual con pasajes detectados,0,3,3,"1, 2, 4","alarde, cantineras, companias, mandos, musica, recorrido, tamborrada",Referencia localizada por OCR visual; revisar contra imagen original,""" O G 7N * - O S S SUCURSALES EN IRUN: PASEO DE COLON, 20 o ' W2 ( y d — MN N n ANAN ) al Y AVENIDA GENERALISIMO, 8 NNN | Un año más ha pasado, casi sin darnos cuenta, y nos y - M B b NEEBZ BEZ encontramos de nuevo en la antepuerta de nuestra | d A LA MISMA HORA: Desfile de una carroza portadora de u ñ *tgti…il*!¡h;k_r¿%g; JÍÁ*ÍL» las cantineras que formarán en e",Todos los documentos del catalogo forman parte del corpus sanmarcialero local; las pistas automaticas deben contrastarse con la fuente original.
2fe7a0a79bcc,1968,1968,Programa de fiestas,1968B,Programa de fiestas,/home/gaizka/Alarde/Programas de fiestas/1968B.pdf,Catalogado con pistas automaticas pendientes de verificacion,Media/baja: OCR visual con pasajes detectados,0,2,2,"2, 3","companias, mandos, musica, recorrido",Referencia localizada por OCR visual; revisar contra imagen original,"\ A LAS 4: Revista de las fuerzas del Alarde por el General y su Estado Mayor. | Y m E S u - 1 = a S - i \i' n *(Ú!Il * NEe — í ; — A LAS 5 DE LA TARDE: Previa llamada de ordenanza, se or- l H W?— "" /í",Todos los documentos del catalogo forman parte del corpus sanmarcialero local; las pistas automaticas deben contrastarse con la fuente original.
2b9a735ce0c9,1969,1969,Programa de fiestas,1969A,Programa de fiestas,/home/gaizka/Alarde/Programas de fiestas/1969A.pdf,Catalogado con pistas automaticas pendientes de verificacion,Media/baja: OCR visual con pasajes detectados,0,4,4,"1, 2, 3, 4","alarde, cantineras, companias, mandos, musica, recorrido, ritual",Referencia localizada por OCR visual; revisar contra imagen original,"telf.: 612446 | ' e — l CAJA DE AHORROS PROVINCIAL | m ?ÚÚ y DE GUIPUZCOA Y — b 'Zj KZ E m«smx%msmw%%w%%mz%wé l TTTT e E | Nuevamente, sin darnos cuenta, otro año ha pasado y nos encontramos A J ya ante el pórtico de nuestras tradicionales Fie | — A LAS 10,00 DE LA MAÑANA: En el cine Amaya, como prólogo de nuestras E < | = y fiestas, distribución de premios a los | NE la - D “ O EEE EE A LA MISMA HORA: En la Plaza de San Juan, gran competición de Judo en = \_1\,4_, — BE E la que se d",Todos los documentos del catalogo forman parte del corpus sanmarcialero local; las pistas automaticas deben contrastarse con la fuente original.
38ee4a6667fb,1969,1969,Programa de fiestas,1969B,Programa de fiestas,/home/gaizka/Alarde/Programas de fiestas/1969B.pdf,Catalogado con pistas automaticas pendientes de verificacion,Media/baja: OCR visual con pasajes detectados,0,2,2,"2, 4","alarde, musica, recorrido",Referencia localizada por OCR visual; revisar contra imagen original,"D E E D $1 E EEZ JEZ A LAS 12,30: Las Bandas de Música y las Fanfares de las Sociedades, precedi- - /iá EO — das de las | % de la exposición de fotografías del Alarde de San s z O b €7 u r s Marcial, s en d e S % h El Excmo.",Todos los documentos del catalogo forman parte del corpus sanmarcialero local; las pistas automaticas deben contrastarse con la fuente original.
813613423eef,1969,1969,Programa de fiestas,1969_Buenos_Aires,Programa de fiestas,/home/gaizka/Alarde/Programas de fiestas/1969_Buenos_Aires.pdf,Catalogado con pistas automaticas pendientes de verificacion,Media/baja: OCR visual con pasajes detectados,0,3,3,"2, 3, 4","alarde, artilleria, cantineras, companias, ritual, tamborrada",Referencia localizada por OCR visual; revisar contra imagen original,"COMO SE DESARROLLARON EN IRUN EL PASADO AÑO GE LAS FIESTAS DE SAN MARCIAL _% p%l/% pación CVuncia Con calor sofocante, s | Amplios y elegantes sclones A las 13 hs.: Banquete de San Marcial en los salones del Lau- E PIDA PRESUPUESTO ; rak-Bat; | | - Recuerdos que viven | EEO N — - a M en Buenos Arres u E - _ T Z BRINDIS A LAS FIESTAS | Sk H z d : N q f G si h DE S",Todos los documentos del catalogo forman parte del corpus sanmarcialero local; las pistas automaticas deben contrastarse con la fuente original.
e550c5f96920,1970,1970,Programa de fiestas,1970A,Programa de fiestas,/home/gaizka/Alarde/Programas de fiestas/1970A.pdf,Catalogado con pistas automaticas pendientes de verificacion,Media/baja: OCR visual con pasajes detectados,0,4,4,"1, 2, 3, 4","alarde, cantineras, companias, mandos, musica, recorrido, ritual",Referencia localizada por OCR visual; revisar contra imagen original,":611962 a - 1\9 f «< f CAJA DE AHORROS PROVINCIAL Y | E * Tu ' ¡ DE GUIPUZCOA Y F O _ el EI DE SAN PEDRO Y SAN MARCIAL — | | de los actos y festejos que con , motivo de las festividades de ' San Pedro y San Marcial se _ celebrarán en esta Ciud | bre cultural y artística, va - e AA | a ver ahora su nombre ondeando, como bandera de un Premio - j K G | Literario de g | de Música de Pasajes, dirigida por el Maestro Beteta 19.45 tarde: — En el Hospital Municipal, en honor de los acogidos e",Todos los documentos del catalogo forman parte del corpus sanmarcialero local; las pistas automaticas deben contrastarse con la fuente original.
4d433c6ab551,1970,1970,Programa de fiestas,1970B,Programa de fiestas,/home/gaizka/Alarde/Programas de fiestas/1970B.pdf,Catalogado con pistas automaticas pendientes de verificacion,Media/baja: OCR visual con pasajes detectados,0,2,2,"2, 3","companias, mandos, musica, recorrido, ritual",Referencia localizada por OCR visual; revisar contra imagen original,"- G r "" » — M E 12,00 mañana: En el Stadium Gal, partido de Rugby entre los equipos del Real Gijón LEz GK ETZ uo IEA y e | n "" E D - — Y y E'%( T .--,'.'J EZ e DIA 30 JUNIO (Martes) L | / o GO GK É U ddz E ( G 1 7034 | 6.00 mañana: La Banda Mu",Todos los documentos del catalogo forman parte del corpus sanmarcialero local; las pistas automaticas deben contrastarse con la fuente original.
6c9bb0ec3b30,1971,1971,Programa de fiestas,1971A,Programa de fiestas,/home/gaizka/Alarde/Programas de fiestas/1971A.pdf,Catalogado con pistas automaticas pendientes de verificacion,Media/baja: OCR visual con pasajes detectados,0,4,4,"1, 2, 4, 5","alarde, companias, musica, recorrido, ritual",Referencia localizada por OCR visual; revisar contra imagen original,"SAN MARCIAL sa *7q — MO 26-27-28-29-30 DE JUNIO —7 - ... | programa de los actos y festejos que con motivo de las festividades de SAN PEDRO Y SAN MARCIAL se cele- brarán en esta c | ka EKE hul Fe VU - E RA v p ZA n CU y 7 A Á — =e S a, He K e ' 7 X U — M a a T K | \\\ A / Z - \\\ O y U E DOE ) - S ) » | 7,00 horas tarde.— A los acordes de la Marcha de San Marcial, interpretada por la Banda Municipal de Música y la de Txis",Todos los documentos del catalogo forman parte del corpus sanmarcialero local; las pistas automaticas deben contrastarse con la fuente original.
dafaf0c41f04,1971,1971,Programa de fiestas,1971B,Programa de fiestas,/home/gaizka/Alarde/Programas de fiestas/1971B.pdf,Catalogado con pistas automaticas pendientes de verificacion,Media/baja: OCR visual con pasajes detectados,0,4,4,"1, 2, 3, 7","companias, conflicto contemporaneo, mandos, musica, recorrido",Referencia localizada por OCR visual; revisar contra imagen original,"20,00 horas noche.— En el Teatro Principal se pondrá en escena la Obra “El soldado de San Marcial”, cuya interpretación | 16,00 horas tarde.— El General, acompañado de su Estado Mayor, revistará las fuerzas que han de tomar par- te en el Alar | Pasaje localizado por OCR visual | Pasaje localizado por OCR visual",Todos los documentos del catalogo forman parte del corpus sanmarcialero local; las pistas automaticas deben contrastarse con la fuente original.
af97d8fa967c,1971,1971,Programa de fiestas,1971Buenos_Aires,Programa de fiestas,/home/gaizka/Alarde/Programas de fiestas/1971Buenos_Aires.pdf,Catalogado con pistas automaticas pendientes de verificacion,Media/baja: OCR visual con pasajes detectados,0,5,5,"1, 2, 3, 4, 5","alarde, hacheros, ritual",Referencia localizada por OCR visual; revisar contra imagen original,"XZ H Ae EZ /_9/ d \%?*S\ 5 gT D » ANRAN UVIVA EL DIA DE SAN MARCIALIT Programa de los actos con que la Agrupación Irunes | jgé% ALA \GT?J';:Z\OZ RAMON R.ZUBILLAGA — CASTO CANTERO Ge di Secretario Presidente e ERE a_ — — [ | “ ” | ATECIER | A L | PROGRAMA Asimismo se interpretarán todas las piezas de música a que correspondan al día de San Marcial Miércoles 30 de j | 67 -1227 a h d G - I | Buenos Aires | e g IE - = ' — d Desfile de San Marcial: Los Archeros DONACION DE LA FAMILIA | | | | de 1 75us A:Z.años de existencia saluda a todos los iruneses, y les recuerda que se va a celebrar el día de San Marcial",Todos los documentos del catalogo forman parte del corpus sanmarcialero local; las pistas automaticas deben contrastarse con la fuente original.
afe1f89320a9,1971,1971-06-25,La voz de España,1971-06-25,Prensa o revista,/home/gaizka/Alarde/Revistas y periodicos/1971/1971-06-25 - La voz de España.pdf,Catalogado; pendiente de indice humano,Baja: OCR visual con texto insuficiente,0,0,0,,,,,Todos los documentos del catalogo forman parte del corpus sanmarcialero local; las pistas automaticas deben contrastarse con la fuente original.
16d15477ac06,1972,1972,Programa de fiestas,1972A,Programa de fiestas,/home/gaizka/Alarde/Programas de fiestas/1972A.pdf,Catalogado con pistas automaticas pendientes de verificacion,Media/baja: OCR visual con pasajes detectados,0,3,3,"1, 2, 4","alarde, companias, mandos, recorrido, ritual",Referencia localizada por OCR visual; revisar contra imagen original,"Pasaje localizado por OCR visual | 7N PROGRAMA OFICIAL DE ACTOS Y | Z Z k N K ee MN IEI QUE CON_MOTIVO DE LAS "".E u FIESTAS DE SAN PEDRO Y SAN MARCIAL Ouer | III Gran Premio San Marcial de Halterofilia, organ zado » organizado por la S.D.",Todos los documentos del catalogo forman parte del corpus sanmarcialero local; las pistas automaticas deben contrastarse con la fuente original.
760e18321f07,1972,1972,Programa de fiestas,1972B,Programa de fiestas,/home/gaizka/Alarde/Programas de fiestas/1972B.pdf,Catalogado con pistas automaticas pendientes de verificacion,Media/baja: OCR visual con pasajes detectados,0,3,3,"1, 4, 5","alarde, mandos, musica, recorrido, ritual, tamborrada",Referencia localizada por OCR visual; revisar contra imagen original,"K 0,30.— Correcalles por el itinerario habitual, a cargo de la Banda Militar, las Fanfares - “Los Trankilos” y “Los Pero | AYUNTAMIENTO DE LA CIUDAD DE IRUN, DE LAS FIESTAS DE SAN PEDRO Y SAN MARCIAL 1.972. | Día 26 Junio 8 tarde.-SALA CAPITULAR San Marcial: Una constante geobélica"" por el Teniente Coronel ILMO.",Todos los documentos del catalogo forman parte del corpus sanmarcialero local; las pistas automaticas deben contrastarse con la fuente original.
3089fc3f83dc,1972,1972,Programa de fiestas,1972Buenos_Aires_A,Programa de fiestas,/home/gaizka/Alarde/Programas de fiestas/1972Buenos_Aires_A.pdf,Catalogado con pistas automaticas pendientes de verificacion,Media/baja: OCR visual con pasajes detectados,0,3,3,"1, 2, 4","alarde, mandos, ritual",Referencia localizada por OCR visual; revisar contra imagen original,"N v , 0E 1 FIESTAS | TEN ME N H ' ISAN MARCIAL g HOEL 1924 - Buenos Aires - 1972 % N E PROGRAMA D | \ SAN MARCIAL DE IRUN Año 1904 \ EEE EE | | O id la felicidad í% =55 es algo que se brinda. | K 24 AÑOS NUESTRA BANDERA EN BUENOS AIRES iruneses de * 1 RA Momento en que recibió la bandera de Irún el $r.",Todos los documentos del catalogo forman parte del corpus sanmarcialero local; las pistas automaticas deben contrastarse con la fuente original.
a74563275041,1972,1972,Programa de fiestas,1972Buenos_Aires_B,Programa de fiestas,/home/gaizka/Alarde/Programas de fiestas/1972Buenos_Aires_B.pdf,Catalogado con pistas automaticas pendientes de verificacion,Media/baja: OCR visual con pasajes detectados,0,3,3,"1, 2, 3","alarde, companias",Referencia localizada por OCR visual; revisar contra imagen original,"I TZ OOZ BZ A IA Alborada del d\av de San Marcial”, la polcg del bcfruo de Santiago, enviada por su autor desde lrún, Sr | \ IRUN, ENTONCES La empresa NOEL y COMPAÑIA Ltda. | Y aprovechando esta oportunidad, saludo Saludo de cordialmente a todos mis queridos paisanos y ami- Z EZ gos que partici",Todos los documentos del catalogo forman parte del corpus sanmarcialero local; las pistas automaticas deben contrastarse con la fuente original.
d900f0287320,1973,1973,Programa de fiestas,1973A,Programa de fiestas,/home/gaizka/Alarde/Programas de fiestas/1973A.pdf,Catalogado con pistas automaticas pendientes de verificacion,Media/baja: OCR visual con pasajes detectados,0,3,3,"1, 2, 4","companias, conflicto contemporaneo, mandos, musica, recorrido, tamborrada",Referencia localizada por OCR visual; revisar contra imagen original,"Pasaje localizado por OCR visual | F MUTIVU DE SUS dos en las apretadas filas del Alarde y acudiendo gozosos ra E al Monte de San Marcial por el camino que | Acompañará al desfile, la Tamborrada del Alarde, Banda de Música y Fanfar o día 24 de Junio I[domingo!",Todos los documentos del catalogo forman parte del corpus sanmarcialero local; las pistas automaticas deben contrastarse con la fuente original.
95d77ae107f5,1973,1973,Programa de fiestas,1973B,Programa de fiestas,/home/gaizka/Alarde/Programas de fiestas/1973B.pdf,Catalogado con pistas automaticas pendientes de verificacion,Media/baja: OCR visual con pasajes detectados,0,2,2,"2, 4","companias, mandos, musica, recorrido, ritual, tamborrada",Referencia localizada por OCR visual; revisar contra imagen original,"3,00.— Correcalles por el itinerario de costumbre a cargo de la Banda de Música de Ren- 0,30.— Correcalles por el itiner | 17,00.— En la campa de Toki-Gotxo, (comienzo de la subida a San Marcial) | Moto Cross «\' Z — EA 1 a SAN MARCIAL, catego",Todos los documentos del catalogo forman parte del corpus sanmarcialero local; las pistas automaticas deben contrastarse con la fuente original.
4ac2a6a85ee5,1974,1974,Programa de fiestas,1974A,Programa de fiestas,/home/gaizka/Alarde/Programas de fiestas/1974A.pdf,Catalogado con pistas automaticas pendientes de verificacion,Media/baja: OCR visual con pasajes detectados,0,3,3,"1, 2, 4","alarde, cantineras, conflicto contemporaneo, recorrido, ritual",Referencia localizada por OCR visual; revisar contra imagen original,"SAN MARCIAL 1974 re '¿, CAJA DE AHORROS PROVINCIAL| | e “r DE GUIPUZCOA ME — IRUN Ea U | aT S EEK DE IRUN CON Parece que fue ayer cuando redactaba mi primer saludo como E re ,,% ER Gd- Alcalde de la Ciudad con | DIA 28 DE JUN IO (viernes) 23,00.— Partiendo del Barrio San Miguel, desfilará a través del Paseo de Colón una vistosa ca",Todos los documentos del catalogo forman parte del corpus sanmarcialero local; las pistas automaticas deben contrastarse con la fuente original.
939247a24cf2,1974,1974,Programa de fiestas,1974B,Programa de fiestas,/home/gaizka/Alarde/Programas de fiestas/1974B.pdf,Catalogado con pistas automaticas pendientes de verificacion,Media/baja: OCR visual con pasajes detectados,0,3,3,"2, 3, 4","companias, mandos, musica, recorrido",Referencia localizada por OCR visual; revisar contra imagen original,"PRO E ACA N E G A b B- S ZZZ EA b dE » A 15,30.— En el campo de tiro del monte “San Marcial”, tirada de pichón de caráct | %g*%&f&w%?%%%%%i?g , > = 497€ k E O E EE TA N ON EA a EEET e D e Z e Z Ge W GA f EN a A E e | AG S a PE 2 E “- — di Te 4 | Ayuntamiento de Irún, 17,00.— Finales del | Gran Premio San Marcial de Toka.",Todos los documentos del catalogo forman parte del corpus sanmarcialero local; las pistas automaticas deben contrastarse con la fuente original.
c9d736b2aa1e,1974,1974,Programa de fiestas,1974Buenos_Aires_A,Programa de fiestas,/home/gaizka/Alarde/Programas de fiestas/1974Buenos_Aires_A.pdf,Catalogado con pistas automaticas pendientes de verificacion,Media/baja: OCR visual con pasajes detectados,0,4,4,"2, 3, 4, 5","companias, mandos, ritual",Referencia localizada por OCR visual; revisar contra imagen original,"GAT E e — — | ?% SAN MARCIAL DE IRUN Año 1904 | | EE E sáaas 7 LS\/ a u O F'% — | Z upación r E EA de %mnm L,%'tm \lá E | Durante muchos años colaboramos desde aquí en la cele- bración del día sanmarcialero argentino, y mientras estuvi- mos a | — 18 hs.: Exposición de fotogra- | MENU PARA EL BANQUETE fías de las fiestas de San Marcial en Buenos Aires, . | Lo fiesta que con más brillantez se celebra en E E Y llega el momento de los recuerdos, de ese magnífico Irún es la del",Todos los documentos del catalogo forman parte del corpus sanmarcialero local; las pistas automaticas deben contrastarse con la fuente original.
6c2b0e03c24e,1974,1974,Programa de fiestas,1974Buenos_Aires_B,Programa de fiestas,/home/gaizka/Alarde/Programas de fiestas/1974Buenos_Aires_B.pdf,Catalogado con pistas automaticas pendientes de verificacion,Media/baja: OCR visual con pasajes detectados,0,4,4,"1, 2, 3, 4","alarde, companias, mandos, recorrido, ritual",Referencia localizada por OCR visual; revisar contra imagen original,"SATISFACCION NOTA IMPORTANTE Hay personas en este mundo que saben reconocer el bien * de algunas personas que con su bue | d ,» ; , (ER KA CA7 5e NE A E a EN IRUN s R AP AEO Generalmente el día de San Pedro en todas las casas suele Foto de una | 25 AÑOS DE NUESTRA BANDERA EN BUENOS AIRE para venir desde el Bidasoa al ma | La Agrupación Irunesa de Buenos Aires que cumple este año q 50 de lw.SíJS 46 años de existencia saluda a todos los irune",Todos los documentos del catalogo forman parte del corpus sanmarcialero local; las pistas automaticas deben contrastarse con la fuente original.
12edc41c1084,1975,1975,Programa de fiestas,1975A,Programa de fiestas,/home/gaizka/Alarde/Programas de fiestas/1975A.pdf,Catalogado con pistas automaticas pendientes de verificacion,Media/baja: OCR visual con pasajes detectados,0,4,4,"2, 3, 6, 7","alarde, cantineras, companias, musica, recorrido, ritual, tamborrada",Referencia localizada por OCR visual; revisar contra imagen original,"e _8 é X al ) a - S O K Tengo el honox un año más de ofreceros el programa de nuestras tradi- ctonates fiestas de San Ma | AYUNTAMIENTO DE IRUN É CON MOTIVO DE SUS FIESTAS TRADICIONALES DE SAN PEDRO Y SAN MARCIAL DURANTE LOS DIAS 23, 24, 25, . | _ Serán izadas en el balcón de la Casa Consistorial, las Banderas Nacional y de la Ciudad, a los acordes de la «Marcha d | Partiendo del barrio de San Miguel, desfilará a través del Paseo de Colón, acompañada de la Tamborrada, Banda de r Músic",Todos los documentos del catalogo forman parte del corpus sanmarcialero local; las pistas automaticas deben contrastarse con la fuente original.
d47bd720a809,1975,1975,Programa de fiestas,1975B,Programa de fiestas,/home/gaizka/Alarde/Programas de fiestas/1975B.pdf,Catalogado con pistas automaticas pendientes de verificacion,Media/baja: OCR visual con pasajes detectados,0,6,6,"1, 2, 3, 4, 5, 6","alarde, companias, mandos, musica, recorrido, ritual, tamborrada",Referencia localizada por OCR visual; revisar contra imagen original,"En el Frontón Municipal Uranzu, VI Gran Premio San Marcial de halterotilia, disputándose, asimismo, el Cam- / £ w peonat | En la Plaza de San Juan, la Banda de Música del Alarde, Xu GEE [* EE q interpretará la «Diana de Villarrobledo». | P B m S 17,00 N Previa llamada de Ordenanza, se organizará el regreso del Alarde desde el monte de San Marcial. | Pasaje localizado por OCR visual | Pasaje localizado por OCR visual",Todos los documentos del catalogo forman parte del corpus sanmarcialero local; las pistas automaticas deben contrastarse con la fuente original.
ceaf8b6f9a61,1975,1975-06-29,La Voz de España,1975-06-29,Prensa o revista,/home/gaizka/Alarde/Revistas y periodicos/1975/1975-06-29 - La Voz de España.pdf,Catalogado; pendiente de indice humano,Baja: OCR visual con texto insuficiente,0,0,0,,,,,Todos los documentos del catalogo forman parte del corpus sanmarcialero local; las pistas automaticas deben contrastarse con la fuente original.
5d26659d5626,1975,1975-07-01,La Voz de España,1975-07-01,Prensa o revista,/home/gaizka/Alarde/Revistas y periodicos/1975/1975-07-01 - La Voz de España.pdf,Indice real iniciado con entrada curada,Baja: OCR visual con texto insuficiente,1,0,0,,"General Patxo, cifras, medios, regreso",Integrado en Historia,"Juan Antonio Lecuona, cronica del Alarde de 1975",Todos los documentos del catalogo forman parte del corpus sanmarcialero local; las pistas automaticas deben contrastarse con la fuente original.
cf3a33665501,1975,1975-07-01,Unidad,1975-07-01,Prensa o revista,/home/gaizka/Alarde/Revistas y periodicos/1975/1975-07-01 - Unidad.pdf,Catalogado; pendiente de indice humano,Baja: OCR visual con texto insuficiente,0,0,0,,,,,Todos los documentos del catalogo forman parte del corpus sanmarcialero local; las pistas automaticas deben contrastarse con la fuente original.
6b211d521813,1976,1976,Programa de fiestas,1976A,Programa de fiestas,/home/gaizka/Alarde/Programas de fiestas/1976A.pdf,Catalogado con pistas automaticas pendientes de verificacion,Media/baja: OCR visual con pasajes detectados,0,3,3,"2, 4, 5","cantineras, companias, conflicto contemporaneo, recorrido, ritual",Referencia localizada por OCR visual; revisar contra imagen original,"“— DE IRUN CON MOTIVO DE SUS FIESTAS I S K 4 TRADICIONALES DE SAN PEDRO Y SAN MARCIAL, | DURANTE LOS DIAS: 23, 24, 25, 2 | De £ l GE D E 7 oficiales de los participantes en la da Automovilista a San Marcial” e bz € di- bz O =a prueba deportiva | A fín de que los vehículos participan- | 12,30-etan San Marzial mendiko zazpigarren | DIA 27 DE JUNIO (DOMINGO) tes en l",Todos los documentos del catalogo forman parte del corpus sanmarcialero local; las pistas automaticas deben contrastarse con la fuente original.
dc50172ef822,1976,1976,Programa de fiestas,1976B,Programa de fiestas,/home/gaizka/Alarde/Programas de fiestas/1976B.pdf,Catalogado con pistas automaticas pendientes de verificacion,Media/baja: OCR visual con pasajes detectados,0,4,4,"1, 2, 3, 4","companias, mandos, musica, recorrido, ritual",Referencia localizada por OCR visual; revisar contra imagen original,"Recibimiento oficial de la “Banda | 19.30-etan Burgos-eko “Banda Militar del | Militar del Regimiento San Marcial Regimi | Revista de las fuerzas del Alarde por taldeak begiztatuko dituzte. | de Música del Alarde”, interpretará eres-taldeak, _Villarrobledo-ren amenizado por las Orquestas: “Wel- “Orquesta Welcom | En la calle de Sante Elene, se inicia- | 18-etan — Santa Elena karriken asiko da | sa que se encaminará al histórico rra",Todos los documentos del catalogo forman parte del corpus sanmarcialero local; las pistas automaticas deben contrastarse con la fuente original.
1f5da88fe5f2,1976,1976-06-30,Unidad,1976-06-30,Prensa o revista,/home/gaizka/Alarde/Revistas y periodicos/1976/1976-06-30 - Unidad.pdf,Catalogado; pendiente de indice humano,Baja: OCR visual con texto insuficiente,0,0,0,,,,,Todos los documentos del catalogo forman parte del corpus sanmarcialero local; las pistas automaticas deben contrastarse con la fuente original.
d53396ac128c,1976,1976-07-01,La voz de España,1976-07-01,Prensa o revista,/home/gaizka/Alarde/Revistas y periodicos/1976/1976-07-01 - La voz de España.pdf,Indice real iniciado con entrada curada,Baja: OCR visual con texto insuficiente,1,0,0,,"Patxo, cronica detallada, diana, tension policial, unidades",Integrado en Historia y pagina 1976,"Juan Antonio Lecuona, ""Alarde de San Marcial 1976""",Todos los documentos del catalogo forman parte del corpus sanmarcialero local; las pistas automaticas deben contrastarse con la fuente original.
137014eb34b4,1976,1976-07-01,Unidad,1976-07-01,Prensa o revista,/home/gaizka/Alarde/Revistas y periodicos/1976/1976-07-01 - Unidad.pdf,Catalogado; pendiente de indice humano,Baja: OCR visual con texto insuficiente,0,0,0,,,,,Todos los documentos del catalogo forman parte del corpus sanmarcialero local; las pistas automaticas deben contrastarse con la fuente original.
ace946035de2,1976,1976-07-02,Unidad,1976-07-02,Prensa o revista,/home/gaizka/Alarde/Revistas y periodicos/1976/1976-07-02 - Unidad.pdf,Catalogado; pendiente de indice humano,Baja: OCR visual con texto insuficiente,0,0,0,,,,,Todos los documentos del catalogo forman parte del corpus sanmarcialero local; las pistas automaticas deben contrastarse con la fuente original.
2cf5db4a8b02,1976,1976-07-03,La voz de España,1976-07-03,Prensa o revista,/home/gaizka/Alarde/Revistas y periodicos/1976/1976-07-03 - La voz de España.pdf,Catalogado; pendiente de indice humano,Baja: OCR visual con texto insuficiente,0,0,0,,,,,Todos los documentos del catalogo forman parte del corpus sanmarcialero local; las pistas automaticas deben contrastarse con la fuente original.
1a5f86a2e10d,1976,1976-07-04,La voz de España,1976-07-04,Prensa o revista,/home/gaizka/Alarde/Revistas y periodicos/1976/1976-07-04 - La voz de España.pdf,Catalogado; pendiente de indice humano,Baja: OCR visual con texto insuficiente,0,0,0,,,,,Todos los documentos del catalogo forman parte del corpus sanmarcialero local; las pistas automaticas deben contrastarse con la fuente original.
6740b6d70f6f,1976,1976-07-07,Unidad,1976-07-07,Prensa o revista,/home/gaizka/Alarde/Revistas y periodicos/1976/1976-07-07 - Unidad.pdf,Catalogado; pendiente de indice humano,Baja: OCR visual con texto insuficiente,0,0,0,,,,,Todos los documentos del catalogo forman parte del corpus sanmarcialero local; las pistas automaticas deben contrastarse con la fuente original.
9a56f70822f2,1976,1976-07-16,Unidad,1976-07-16,Prensa o revista,/home/gaizka/Alarde/Revistas y periodicos/1976/1976-07-16 - Unidad.pdf,Indice real iniciado con entrada curada,Baja: OCR visual con texto insuficiente,1,0,0,,"crisis 1976, detalle por unidades, protesta, vuelta",Integrado en pagina 1976,"""Hablan los mandos""",Todos los documentos del catalogo forman parte del corpus sanmarcialero local; las pistas automaticas deben contrastarse con la fuente original.
7dd23b45b8b8,1976,1976-07-21,La voz de España,1976-07-21,Prensa o revista,/home/gaizka/Alarde/Revistas y periodicos/1976/1976-07-21 - La voz de España.pdf,Indice real iniciado con entrada curada,Baja: OCR visual con texto insuficiente,1,0,0,,"Ayuntamiento, crisis 1976, informe de Patxo",Integrado en pagina 1976,"""Informe del General del Alarde de San Marcial""",Todos los documentos del catalogo forman parte del corpus sanmarcialero local; las pistas automaticas deben contrastarse con la fuente original.
ba760e79bbbb,1977,1977,Programa de fiestas,1977A,Programa de fiestas,/home/gaizka/Alarde/Programas de fiestas/1977A.pdf,Catalogado con pistas automaticas pendientes de verificacion,Media/baja: OCR visual con pasajes detectados,0,3,3,"1, 2, 5","alarde, companias, mandos, recorrido, ritual",Referencia localizada por OCR visual; revisar contra imagen original,"Pasaje localizado por OCR visual | AYUNTAMIENTO DE IRUN CON MOTIVO DE SUS FIESTAS TRADICIONALES Iruneses: DE SAN PEDRO Y SAN MARCIAL DURANTE LOS DIAS | Est | En la Plaza de Urdanibla dará co- mie San Marcial» dalakoen, bigarren b e | mienzo la segunda ze b shz io E Gran Premio",Todos los documentos del catalogo forman parte del corpus sanmarcialero local; las pistas automaticas deben contrastarse con la fuente original.
4c1b8af5c61a,1977,1977,Programa de fiestas,1977B,Programa de fiestas,/home/gaizka/Alarde/Programas de fiestas/1977B.pdf,Catalogado con pistas automaticas pendientes de verificacion,Media/baja: OCR visual con pasajes detectados,0,4,4,"1, 2, 3, 4","cantineras, companias, musica, recorrido, ritual",Referencia localizada por OCR visual; revisar contra imagen original,"Pasaje localizado por OCR visual | N -CO _ Z eez e traves del Paseo de Co- K alardean kantinra izango dranak, / GEE + 0/ .A K una vistosa carroza que di GT | Onurazko bidean zear, biribiletak 1 NA DZ MAÉ ENO Tomeo San Marcial de GiT ee Kartkez.kemika, dd de b | y e E Ve7 PA ZA | Sala e l prosesón leo rl EOETZ —| Ms A bz r monie de San Marcial en cumpli garriruntz joango dan, epaiz eta erri- E dZ =",Todos los documentos del catalogo forman parte del corpus sanmarcialero local; las pistas automaticas deben contrastarse con la fuente original.
0e3804b95242,1978,1978,Programa de fiestas,1978A,Programa de fiestas,/home/gaizka/Alarde/Programas de fiestas/1978A.pdf,Catalogado con pistas automaticas pendientes de verificacion,Media/baja: OCR visual con pasajes detectados,0,6,6,"1, 2, 3, 4, 5, 6","alarde, cantineras, companias, conflicto contemporaneo, musica, recorrido, ritual",Referencia localizada por OCR visual; revisar contra imagen original,"l y San Marcial …º Irún - 1978 | Nuestro soldado de la portada, cuando se enteró que este año no | se iba a publicar el tradicional programa de fiestas, | izadas las banderas que presidirán nuestras 20,00 horas - En la Plaza de San Juan actuación del grupo fiestas tradiciona | 18,00 horas - Cross Internacional organizado por el 12,00 horas - En la Sala Capitular ce la Casa Consistorial, GA Teles | 12,30 horas - En el bolatoki de la Sociedad de los “Buenos Amigos"", sito en la Avenida de Navarra, se celebrarán las tir",Todos los documentos del catalogo forman parte del corpus sanmarcialero local; las pistas automaticas deben contrastarse con la fuente original.
c1fbd698179f,1978,1978,Programa de fiestas,1978B,Programa de fiestas,/home/gaizka/Alarde/Programas de fiestas/1978B.pdf,Catalogado con pistas automaticas pendientes de verificacion,Media/baja: OCR visual con pasajes detectados,0,4,4,"1, 2, 3, 4","companias, mandos, musica, recorrido, ritual",Referencia localizada por OCR visual; revisar contra imagen original,"S GO ” Z ' 4 12,00 horas - En la Plaza de Urdanibia tendrán lugar las Z S VC ANE n eliminatorias del V Gran Premio San M | — 6,00 horas - En la Plaza de San Juan, la Banda de Música 1 del Alarde interpretará la diana de 211 Villarrobledo. | %; ¿ ¡¡ E, GE Yá;%?%«- "" 17,00 horas - Previa llamada de Ordenanza se "" % p T e- "" organizará el regreso del Alarde desd | Pasaje localizado por OCR visual",Todos los documentos del catalogo forman parte del corpus sanmarcialero local; las pistas automaticas deben contrastarse con la fuente original.
9d296d3c75dc,1978,1978,Programa de fiestas,1978C,Programa de fiestas,/home/gaizka/Alarde/Programas de fiestas/1978C.pdf,Catalogado con pistas automaticas pendientes de verificacion,Media/baja: OCR visual con pasajes detectados,0,8,8,"4, 5, 6, 7, 8, 9, 11, 13","alarde, companias, mandos, musica, recorrido, ritual",Referencia localizada por OCR visual; revisar contra imagen original,"Pasaje localizado por OCR visual | — Vieja preocupación EL £ALARDE = — ; Todo eez de caráctar at z digno de ee E y yT - rr de “URANZU” en su segunda época, | e GNE ) — Y “ G DIA 23 DE JUNIO (VIERNES) a o 19,00 horas: En el balcón de la Casa Consistorial E S, PEO serán izadas la | — ————] / — —£ = -- — — A DIA 25 DE JUNIO (DOMINGO) 8,30 horas: Diana por la Banda Municipal de txistu- ata 9,00 horas: | José Antonio Ca- a BEO AN Ge N e O 16,00 horas: Revista de las fuerzas del Alarde por el i e General y su Estado Mayor.",Todos los documentos del catalogo forman parte del corpus sanmarcialero local; las pistas automaticas deben contrastarse con la fuente original.
2941049916f3,1978,1978,Programa de fiestas,1978D,Programa de fiestas,/home/gaizka/Alarde/Programas de fiestas/1978D.pdf,Catalogado con pistas automaticas pendientes de verificacion,Media/baja: OCR visual con pasajes detectados,0,8,8,"2, 3, 6, 7, 8, 12, 13, 14","alarde, cantineras, companias, mandos, musica, recorrido",Referencia localizada por OCR visual; revisar contra imagen original,"Por lo demás San Marcial ha sido el Alarde como pieza base: cuando se lle- biz gaba a este día el público irunés estaba | =É — oe E 5 — — =—r a= 2— Sanjuaneros E A Sanmarcialeras e . | dz r O - a EZA Pl- u Giz s blos para San Marcial, más EE e ! | — e Andregaiaren lagunak, onen onduan bil- Arozesnea, mamia, gazta, galletak Luis Uranzuren_Bidasoako komdaira tik )r Tl | Mi- — Es la maravila de las uat EIKE o P KEUZT - Ehelena, quienes en tomo a 1900, publ- - anteror a la nuesra,completaba",Todos los documentos del catalogo forman parte del corpus sanmarcialero local; las pistas automaticas deben contrastarse con la fuente original.
2e173fad7665,1978,1978-04-16,Uranzu,1978-04-16,Prensa o revista,/home/gaizka/Alarde/Revistas y periodicos/1978/1978-04-16 - Uranzu.pdf,Catalogado con pistas automaticas pendientes de verificacion,Alta: texto extraido del PDF,0,7,0,,"Alarde, companias, mandos",Referencia localizada por barrido textual,"José 1-uis Ocio, en el sentido de ofrecer a Fuen- para las obras de mejora del vertedero m un ici­ r | RESUMEN DE LOS PLENOS PATXO RODRIGUEZ | dio, aprobándose su resolución con fecha del 5 gan de Asociación de Padres de A lum nos, con el elec | había quedado sobre la mesa en la sesión plena­ deberá ratificar la corporación Alarde, ya que m uy probable­ | las sociedades populares tras de si, para que propongan y orga­ fantiles, amén del Alarde n atu ralm",Todos los documentos del catalogo forman parte del corpus sanmarcialero local; las pistas automaticas deben contrastarse con la fuente original.
60e4f342e8c9,1978,1978-05-16,Uranzu,1978-05-16,Prensa o revista,/home/gaizka/Alarde/Revistas y periodicos/1978/1978-05-16 - Uranzu.pdf,Catalogado con pistas automaticas pendientes de verificacion,Alta: texto extraido del PDF,0,4,0,,"Alarde, companias, mandos, ritual",Referencia localizada por barrido textual,"Por una mayoría de 8 votos a 6 fue denegada cionam iento del vertedero m unicipal. La Gestora - A ut | Sesión del 19 de abril General del Alarde | montes de Ibaieta y San Marcial. En el lugar que actualmente ocupa la | tiene ninguna gracia, pero como objetivo bélico todavía es el Alarde se podrá poner "" tib io "" de quem ar polvora.",Todos los documentos del catalogo forman parte del corpus sanmarcialero local; las pistas automaticas deben contrastarse con la fuente original.
f5ddedc7c2b3,1978,1978-06-01,Uranzu,1978-06-01,Prensa o revista,/home/gaizka/Alarde/Revistas y periodicos/1978/1978-06-01 - Uranzu.pdf,Catalogado con pistas automaticas pendientes de verificacion,Alta: texto extraido del PDF,0,5,0,,"companias, mandos, musica, ritual",Referencia localizada por barrido textual,"General del Alarde de 1 978. | lado a Irún obedeció a mi privadas (construcciones y contratas, compañía del agua); también se | m enos que e l R ataplan y e l Jolo. tantas que nos van oprím iendoy a h o ­ | taba en la gestora Félix Trojaola, quien con este motivo dirigió un comunicado a sus compañeros y al | tulo de capitán, con atribuciones limitadas, fue denomi­ Juzgado -totalmente independiente del Ayunt",Todos los documentos del catalogo forman parte del corpus sanmarcialero local; las pistas automaticas deben contrastarse con la fuente original.
02c8316cf24e,1978,1978-06-30,Uranzu,1978-06-30,Prensa o revista,/home/gaizka/Alarde/Revistas y periodicos/1978/1978-06-30 - Uranzu.pdf,Catalogado con pistas automaticas pendientes de verificacion,Alta: texto extraido del PDF,0,8,0,,"Alarde, cantineras, companias, mandos, musica, ritual",Referencia localizada por barrido textual,"C.A. Telesport, denominado II Subida a San Marcial, ini­ | DIA 27 DE JUNIO fMARTF.S^ | DIA 29 DE JUNIO (JUEVES) | Y SAN MARCIAL, QUE TENDRAN | horas: Diana por la Banda Municipal de txistu-",Todos los documentos del catalogo forman parte del corpus sanmarcialero local; las pistas automaticas deben contrastarse con la fuente original.
35288c06b3c0,1979,1979,Programa de fiestas,1979A,Programa de fiestas,/home/gaizka/Alarde/Programas de fiestas/1979A.pdf,Catalogado con pistas automaticas pendientes de verificacion,Media/baja: OCR visual con pasajes detectados,0,6,6,"1, 2, 3, 4, 5, 6","alarde, companias, musica, recorrido",Referencia localizada por OCR visual; revisar contra imagen original,"AYUNTAMIENTO E g a - Y DE LA CIUDAD DE IRUN S Lwa¿%;:!(»%' e A PARA CONMEMORAR SUS FIESTAS TRADICIONALES E ""e e E DE SAN | _ Alkatea, T i * José Arambura Andrés Xabier Chapartegui GE EEE Ge IRUNESES y lo sois para mi todos los que durante esto | - , biZ uEO rrr Día 23 de Junio (Sábado) \ 11,00 horas — En el Monte San Marcial, concurso de perros de muestra cazando, | E A 9,00 horas — En el Frontón Municipal Uranzu, eliminatorias del XI| Tomeo Internacional Setan “Uranzu”, erriko pelota | 18-etan “Uranzu”, erriko pelota-tokian, “Unión Deportiva Uranzu” dalako elkarteak an- 0-etan “Uranzu”, erriko pelota-tok",Todos los documentos del catalogo forman parte del corpus sanmarcialero local; las pistas automaticas deben contrastarse con la fuente original.
808a1908a348,1979,1979,Programa de fiestas,1979B,Programa de fiestas,/home/gaizka/Alarde/Programas de fiestas/1979B.pdf,Catalogado con pistas automaticas pendientes de verificacion,Media/baja: OCR visual con pasajes detectados,0,4,4,"2, 4, 5, 6","cantineras, companias, musica, recorrido, ritual",Referencia localizada por OCR visual; revisar contra imagen original,"3 “ 20,00 horas — En la Plaza de San Juén, concierto de bailables por la Orquesta Trinidad i S » 24,00 horas — En el bal | _ O bi N 9,00 horas — Diana tradicional por la Banda de Música “ Ciudad de Irún” | S - S “ Al 9,00 horas — Diana en los | d 00 Las fuerzas del alarde se concentrarán en la Plaza de Urdanibia. | T-etan Bidasoa ibajan, Azken-porturen aurrean, “Izurde” elkarteak antolatuta, maietza 11,00 horas — En el río Bidasoa, r",Todos los documentos del catalogo forman parte del corpus sanmarcialero local; las pistas automaticas deben contrastarse con la fuente original.
2ed0394742fa,1979,1979-06-28,Deia,1979-06-28,Prensa o revista,/home/gaizka/Alarde/Revistas y periodicos/1979/1979-06-28 - Deia.pdf,Catalogado; requiere OCR mejorado o lectura manual,Baja: OCR visual con timeout; requiere lectura manual,0,0,0,,,,,Todos los documentos del catalogo forman parte del corpus sanmarcialero local; las pistas automaticas deben contrastarse con la fuente original.
cc760895c8b4,1979,1979-06-28,El Diario Vasco - Cronica de Irun,1979-06-28,Prensa o revista,/home/gaizka/Alarde/Revistas y periodicos/1979/1979-06-28 - El Diario Vasco - Cronica de Irun.pdf,Catalogado; requiere OCR mejorado o lectura manual,Baja: OCR visual con timeout; requiere lectura manual,0,0,0,,,,,Todos los documentos del catalogo forman parte del corpus sanmarcialero local; las pistas automaticas deben contrastarse con la fuente original.
34af9312ac1b,1979,1979-06-29,El Diario Vasco - Cronica de Irun,1979-06-29,Prensa o revista,/home/gaizka/Alarde/Revistas y periodicos/1979/1979-06-29 - El Diario Vasco - Cronica de Irun.pdf,Catalogado; pendiente de indice humano,Baja: OCR visual con texto insuficiente,0,0,0,,,,,Todos los documentos del catalogo forman parte del corpus sanmarcialero local; las pistas automaticas deben contrastarse con la fuente original.
63a138107322,1979,1979-06-30,Deia - Cronica de Irun,1979-06-30,Prensa o revista,/home/gaizka/Alarde/Revistas y periodicos/1979/1979-06-30 - Deia - Cronica de Irun.pdf,Catalogado; requiere OCR mejorado o lectura manual,Baja: OCR visual con timeout; requiere lectura manual,0,0,0,,,,,Todos los documentos del catalogo forman parte del corpus sanmarcialero local; las pistas automaticas deben contrastarse con la fuente original.
59ab206bd7f3,1979,1979-06-30,El Diario Vasco - Cronica de Irun,1979-06-30,Prensa o revista,/home/gaizka/Alarde/Revistas y periodicos/1979/1979-06-30 - El Diario Vasco - Cronica de Irun.pdf,Catalogado; requiere OCR mejorado o lectura manual,Baja: OCR visual con timeout; requiere lectura manual,0,0,0,,,,,Todos los documentos del catalogo forman parte del corpus sanmarcialero local; las pistas automaticas deben contrastarse con la fuente original.
5f5b76dac0ad,1979,1979-07-01,Deia - Cronica de Irun,1979-07-01,Prensa o revista,/home/gaizka/Alarde/Revistas y periodicos/1979/1979-07-01 - Deia - Cronica de Irun.pdf,Catalogado; requiere OCR mejorado o lectura manual,Baja: OCR visual con timeout; requiere lectura manual,0,0,0,,,,,Todos los documentos del catalogo forman parte del corpus sanmarcialero local; las pistas automaticas deben contrastarse con la fuente original.
6eebce61b60e,1979,1979-07-01,Egin - Cronica de Irun,1979-07-01,Prensa o revista,/home/gaizka/Alarde/Revistas y periodicos/1979/1979-07-01 - Egin - Cronica de Irun.pdf,Catalogado; requiere OCR mejorado o lectura manual,Baja: OCR visual con timeout; requiere lectura manual,0,0,0,,,,,Todos los documentos del catalogo forman parte del corpus sanmarcialero local; las pistas automaticas deben contrastarse con la fuente original.
a6c46fb4f420,1979,1979-07-01,El Diario Vasco - Cronica de Irun,1979-07-01,Prensa o revista,/home/gaizka/Alarde/Revistas y periodicos/1979/1979-07-01 - El Diario Vasco - Cronica de Irun.pdf,Catalogado; requiere OCR mejorado o lectura manual,Baja: OCR visual con timeout; requiere lectura manual,0,0,0,,,,,Todos los documentos del catalogo forman parte del corpus sanmarcialero local; las pistas automaticas deben contrastarse con la fuente original.
6b711a42baa6,1979,1979-09-29,El Diario Vasco - Cronica de Irun,1979-09-29,Prensa o revista,/home/gaizka/Alarde/Revistas y periodicos/1979/1979-09-29 - El Diario Vasco - Cronica de Irun.pdf,Catalogado; requiere OCR mejorado o lectura manual,Baja: OCR visual con timeout; requiere lectura manual,0,0,0,,,,,Todos los documentos del catalogo forman parte del corpus sanmarcialero local; las pistas automaticas deben contrastarse con la fuente original.
f1e41a2af49d,1980,1980,Programa de fiestas,1980A,Programa de fiestas,/home/gaizka/Alarde/Programas de fiestas/1980A.pdf,Catalogado con pistas automaticas pendientes de verificacion,Media/baja: OCR visual con pasajes detectados,0,4,4,"1, 2, 3, 5","alarde, companias, conflicto contemporaneo, musica, recorrido, ritual, tamborrada",Referencia localizada por OCR visual; revisar contra imagen original,"K - TRADICIONALES DE SAN PEDRO Y Qg' l R G JK¡ SAN MARCIAL DURANTE LOS DIAS “ 22 DE JUNIO AL 1 DE JULIO DE 1980 d S iZ ) | EEE "" iE SALUDO ( S AGURRA = b bZ Y S ym 1980ko Sanmartziala - Irungo herria, bizi ditugun egoera zailen gain San Marcia | e A 18,00 horas En la campa del monte San Marcial, e Gran Premio San _Qe b H Marcial de Segalarjs», organizado por la So | 17,00 horas Tamborrada infantil que recorrerá las calles de Irún, orga- nizado por Kemen y Oargui Elatzeta.",Todos los documentos del catalogo forman parte del corpus sanmarcialero local; las pistas automaticas deben contrastarse con la fuente original.
431c7dd6058e,1980,1980,Programa de fiestas,1980B,Programa de fiestas,/home/gaizka/Alarde/Programas de fiestas/1980B.pdf,Catalogado con pistas automaticas pendientes de verificacion,Media/baja: OCR visual con pasajes detectados,0,4,4,"3, 4, 5, 6","alarde, companias, mandos, musica, recorrido, ritual",Referencia localizada por OCR visual; revisar contra imagen original,"de Fotogtrafía, IRUN;POPULAR, 1900-1980, organizado por JI-etan — Marzial Donearen Ikastetxean, «Club San Marcial»-ek an | Cy p ENN 10,00 horas Entrega de banderines y munición a los capitanes de las 3 AO compañías que intervendrán en el Alard | 6-etan San Juan enparantzan alardeko «Irun-go lria» kultur erestal- u N deak, Villarrobledo-ren goiz-erestia joko d & ? | J0-etan — efrun-g0 Euskal Kirolak» elkarteak antolatuta alderrietako GO horas En la Plaza de San Juan, la Agrupación Cul",Todos los documentos del catalogo forman parte del corpus sanmarcialero local; las pistas automaticas deben contrastarse con la fuente original.
1f86992cd55d,1980,1980-06-01,Bidasoan - PH IRUN 0002,1980-06-01,Prensa o revista,/home/gaizka/Alarde/Revistas y periodicos/1980/1980-06-01 - Bidasoan - PH IRUN 0002.pdf,Indice real iniciado con entrada curada,Alta: texto extraido del PDF,1,7,0,,"Alarde, cantineras, companias, disciplina, mandos, musica, ordenanza, ritual, unidades, uniformes","Integrado en Historia, Composicion y Musica | Referencia localizada por barrido textual",Reproduccion de la Ordenanza del Alarde,Todos los documentos del catalogo forman parte del corpus sanmarcialero local; las pistas automaticas deben contrastarse con la fuente original.
1d3d28aabdcc,1980,1980-06-28,Deia,1980-06-28,Prensa o revista,/home/gaizka/Alarde/Revistas y periodicos/1980/1980-06-28 - Deia.pdf,Catalogado; requiere OCR mejorado o lectura manual,Baja: OCR visual con timeout; requiere lectura manual,0,0,0,,,,,Todos los documentos del catalogo forman parte del corpus sanmarcialero local; las pistas automaticas deben contrastarse con la fuente original.
49791e704701,1980,1980-06-29,Deia - Cronica de Irun,1980-06-29,Prensa o revista,/home/gaizka/Alarde/Revistas y periodicos/1980/1980-06-29 - Deia - Cronica de Irun.pdf,Catalogado; requiere OCR mejorado o lectura manual,Baja: OCR visual con timeout; requiere lectura manual,0,0,0,,,,,Todos los documentos del catalogo forman parte del corpus sanmarcialero local; las pistas automaticas deben contrastarse con la fuente original.
55e1e448285a,1980,1980-06-29,Egin - Cronica de Irun,1980-06-29,Prensa o revista,/home/gaizka/Alarde/Revistas y periodicos/1980/1980-06-29 - Egin - Cronica de Irun.pdf,Catalogado; requiere OCR mejorado o lectura manual,Baja: OCR visual con timeout; requiere lectura manual,0,0,0,,,,,Todos los documentos del catalogo forman parte del corpus sanmarcialero local; las pistas automaticas deben contrastarse con la fuente original.
87ae8d0933d4,1980,1980-07-01,Deia - Cronica de Irun,1980-07-01,Prensa o revista,/home/gaizka/Alarde/Revistas y periodicos/1980/1980-07-01 - Deia - Cronica de Irun.pdf,Catalogado; requiere OCR mejorado o lectura manual,Baja: OCR visual con timeout; requiere lectura manual,0,0,0,,,,,Todos los documentos del catalogo forman parte del corpus sanmarcialero local; las pistas automaticas deben contrastarse con la fuente original.
840c09662c26,1980,1980-09-01,Bidasoan - PH IRUN 0002,1980-09-01,Prensa o revista,/home/gaizka/Alarde/Revistas y periodicos/1980/1980-09-01 - Bidasoan - PH IRUN 0002.pdf,Catalogado con pistas automaticas pendientes de verificacion,Alta: texto extraido del PDF,0,6,0,,"cantineras, companias, mandos, musica, ritual",Referencia localizada por barrido textual,"Ama Shantalen Jaiak ...............................................38-39 | Fiestas por todo lo alto y el Alarde centralizando el punto de Urteak zehar datorren oiturari ¡arraituaz. Alardea izanen | Mamar t'erdietan: Butrón Päsealekuan dan­ fare KLINK. Durante la función religiosa, una compañía | Mamar t'erdietan; Meza Nagusia Parrokian de fiestas barrio de Mendelu y acompañados por una | Vuestro ALCALDE, Zuen ALKATEAK,",Todos los documentos del catalogo forman parte del corpus sanmarcialero local; las pistas automaticas deben contrastarse con la fuente original.
3dd5db48311e,1980,1980-12-01,Bidasoan - PH IRUN 0002,1980-12-01,Prensa o revista,/home/gaizka/Alarde/Revistas y periodicos/1980/1980-12-01 - Bidasoan - PH IRUN 0002.pdf,Catalogado con pistas automaticas pendientes de verificacion,Alta: texto extraido del PDF,0,7,0,,"Alarde, companias, ritual",Referencia localizada por barrido textual,"Meakar (Olaberria) | Ordenanza municipal sobre | Quién no recuerda su paso ante doña Antonio, la Casa Urkia (Hoy, San Marcial): Café puro y copa 0 ,9 5 | Retrocediendo en la historia irundarra, remontándo­ San Marcial», «Los mendigos», con el incomparable | nuestro pueblo, sino que ni siquiera es carga y descarga de géneros de comer­ ocasiones. El término",Todos los documentos del catalogo forman parte del corpus sanmarcialero local; las pistas automaticas deben contrastarse con la fuente original.
9eb959995b6e,1981,1981,Programa de fiestas,1981A,Programa de fiestas,/home/gaizka/Alarde/Programas de fiestas/1981A.pdf,Catalogado con pistas automaticas pendientes de verificacion,Media/baja: OCR visual con pasajes detectados,0,8,8,"1, 2, 3, 4, 5, 6, 7, 8","alarde, caballeria, companias, musica, recorrido, ritual, tamborrada",Referencia localizada por OCR visual; revisar contra imagen original,"\ AYUNTAMIENTO DE LA CIUDAD DE IRUN PARA CONMEMORAR SUS FIESTAS | TRADICIONALES DE SAN PEDRO Y | SAN MARCIAL DURANTE LOS | Sanmarciales de Irún en Junio de 1981. | Agurra Saludo Z Hace 459 años que el pueblo de lrún, tras la victoria de la Peña de Orain direla 459 urte, trun-go herri | En el Frontón Municipal Uranzu, eliminatorias del “XIV Tor- — _, s O neo Internacional San Marcial de Judo”, organizado | Eliza-nagusian “Irun-go Hiria” eres-taldea D G _- eta “Ametsa” abesbatzakin entzun-aldia =O E Z GEE DIA 21 DE JUNIO (DOM",Todos los documentos del catalogo forman parte del corpus sanmarcialero local; las pistas automaticas deben contrastarse con la fuente original.
2532ae08a48b,1981,1981,Programa de fiestas,1981B,Programa de fiestas,/home/gaizka/Alarde/Programas de fiestas/1981B.pdf,Catalogado con pistas automaticas pendientes de verificacion,Media/baja: OCR visual con pasajes detectados,0,3,3,"3, 5, 8","companias, mandos, musica, recorrido, ritual",Referencia localizada por OCR visual; revisar contra imagen original,Entrega de banderines y munición a los capitanes de las compañías que intervendrán en el Alarde de San Marcial. | Iaas :)uerzas del Alarde se concentrarán en la Plaza de Ur- rantza aldera abiatuko dira. | Pasaje localizado por OCR visual,Todos los documentos del catalogo forman parte del corpus sanmarcialero local; las pistas automaticas deben contrastarse con la fuente original.
6a80a2b596e9,1981,1981-06-28,Deia,1981-06-28,Prensa o revista,/home/gaizka/Alarde/Revistas y periodicos/1981/1981-06-28 - Deia.pdf,Catalogado; requiere OCR mejorado o lectura manual,Baja: OCR visual con timeout; requiere lectura manual,0,0,0,,,,,Todos los documentos del catalogo forman parte del corpus sanmarcialero local; las pistas automaticas deben contrastarse con la fuente original.
8d38dd78c81c,1981,1981-06-28,El Diario Vasco - Cronica de Irun,1981-06-28,Prensa o revista,/home/gaizka/Alarde/Revistas y periodicos/1981/1981-06-28 - El Diario Vasco - Cronica de Irun.pdf,Catalogado; requiere OCR mejorado o lectura manual,Baja: OCR visual con timeout; requiere lectura manual,0,0,0,,,,,Todos los documentos del catalogo forman parte del corpus sanmarcialero local; las pistas automaticas deben contrastarse con la fuente original.
8d0e2de8f91e,1981,1981-06-30,Deia - Cronica de Irun,1981-06-30,Prensa o revista,/home/gaizka/Alarde/Revistas y periodicos/1981/1981-06-30 - Deia - Cronica de Irun.pdf,Catalogado; requiere OCR mejorado o lectura manual,Baja: OCR visual con timeout; requiere lectura manual,0,0,0,,,,,Todos los documentos del catalogo forman parte del corpus sanmarcialero local; las pistas automaticas deben contrastarse con la fuente original.
d72130dc1dd4,1981,1981-06-30,El Diario Vasco - Cronica de Irun,1981-06-30,Prensa o revista,/home/gaizka/Alarde/Revistas y periodicos/1981/1981-06-30 - El Diario Vasco - Cronica de Irun.pdf,Catalogado; requiere OCR mejorado o lectura manual,Baja: OCR visual con timeout; requiere lectura manual,0,0,0,,,,,Todos los documentos del catalogo forman parte del corpus sanmarcialero local; las pistas automaticas deben contrastarse con la fuente original.
8c9604fad2c9,1981,1981-07-01,Deia - Cronica de Irun,1981-07-01,Prensa o revista,/home/gaizka/Alarde/Revistas y periodicos/1981/1981-07-01 - Deia - Cronica de Irun.pdf,Catalogado; requiere OCR mejorado o lectura manual,Baja: OCR visual con timeout; requiere lectura manual,0,0,0,,,,,Todos los documentos del catalogo forman parte del corpus sanmarcialero local; las pistas automaticas deben contrastarse con la fuente original.
9cba6186e7d3,1981,1981-07-01,Egin - Cronica de Irun,1981-07-01,Prensa o revista,/home/gaizka/Alarde/Revistas y periodicos/1981/1981-07-01 - Egin - Cronica de Irun.pdf,Catalogado; requiere OCR mejorado o lectura manual,Baja: OCR visual con timeout; requiere lectura manual,0,0,0,,,,,Todos los documentos del catalogo forman parte del corpus sanmarcialero local; las pistas automaticas deben contrastarse con la fuente original.
1d1ed44a53a4,1981,1981-07-01,El Diario Vasco - Cronica de Irun,1981-07-01,Prensa o revista,/home/gaizka/Alarde/Revistas y periodicos/1981/1981-07-01 - El Diario Vasco - Cronica de Irun.pdf,Catalogado; requiere OCR mejorado o lectura manual,Baja: OCR visual con timeout; requiere lectura manual,0,0,0,,,,,Todos los documentos del catalogo forman parte del corpus sanmarcialero local; las pistas automaticas deben contrastarse con la fuente original.
223b35422363,1982,1982,Programa de fiestas,1982A,Programa de fiestas,/home/gaizka/Alarde/Programas de fiestas/1982A.pdf,Catalogado con pistas automaticas pendientes de verificacion,Media/baja: OCR visual con pasajes detectados,0,5,5,"1, 2, 3, 4, 5","alarde, companias, recorrido",Referencia localizada por OCR visual; revisar contra imagen original,"AYUNTAMIENTO DE LA CIUDAD DE IRUN A u De PARA CONMEMORAR SUS FIESTAS TRADICIONALES e Ds “ DE SAN PEDRO Y SAN MARCIAL ] ) | T San Martzial Jaiak N Irun, 1982ko Ekaina I., Fiestas de San Marcial de Irún Junio de 1982 e )'í( | | SALUDO a todos los iruneses y a cuantos lorasteros nos visitan con motivo de nuestras fiestas de San Marcial, para des | — «Uranzu» herriko pelota-okian eta Irun-go «Judo Club Maki 9,00 horas. | Navarra, tendrá lugar la tirada | bolatokian, «Vil-garren Marzial Done Bolaketa Saria» delako ñ clasificatoria del «VII",Todos los documentos del catalogo forman parte del corpus sanmarcialero local; las pistas automaticas deben contrastarse con la fuente original.
61918fd81ab9,1982,1982,Programa de fiestas,1982B,Programa de fiestas,/home/gaizka/Alarde/Programas de fiestas/1982B.pdf,Catalogado con pistas automaticas pendientes de verificacion,Media/baja: OCR visual con pasajes detectados,0,4,4,"1, 2, 4, 6","companias, mandos, recorrido, ritual",Referencia localizada por OCR visual; revisar contra imagen original,"— Enel bola-toki de la Sociedad «Los Buenos Amigos», tendrá 9.00-etatik Z lugar las finales del «VII Gran Premio San Mar | En la campa del Monte San Marcial, se celebrará el «IV Gran laietan, «Segalarien IV-garren Marzial Done Saria» Premio Sa | d bK —_'I', GK E 7 BEO - K y N 7 l S Y » É A AK G S Z O O ; ee })' l dA É Compañía del Bidasoa. | En el Frontón Uranzu, exhibición de yoga, a cargo del Centro de Yoga y Cultura Integral «Acuario» de Irún.",Todos los documentos del catalogo forman parte del corpus sanmarcialero local; las pistas automaticas deben contrastarse con la fuente original.
5ecfe8cde751,1982,1982,Programa de fiestas,1982C,Programa de fiestas,/home/gaizka/Alarde/Programas de fiestas/1982C.pdf,Catalogado con pistas automaticas pendientes de verificacion,Media/baja: OCR visual con pasajes detectados,0,2,2,"2, 5","companias, mandos, musica, recorrido",Referencia localizada por OCR visual; revisar contra imagen original,"En la Plaza San Juan, la Agrupación Cultural Banda de Música «Ciudad de Irún» interpretará la Diana de Villarrobledo. | Pasaje localizado por OCR visual",Todos los documentos del catalogo forman parte del corpus sanmarcialero local; las pistas automaticas deben contrastarse con la fuente original.
d31961a75298,1983,1983,Programa de fiestas,1983A,Programa de fiestas,/home/gaizka/Alarde/Programas de fiestas/1983A.pdf,Catalogado con pistas automaticas pendientes de verificacion,Media/baja: OCR visual con pasajes detectados,0,6,6,"1, 2, 3, 4, 5, 6","alarde, caballeria, companias, recorrido",Referencia localizada por OCR visual; revisar contra imagen original,"AYUNTAMIENTO DE LA CIUDAD DE IRUN - A - PARA CONMEMORAR SUS FIESTAS TRADICIONALES DE SAN PEDRO Y SAN MARCIAL DURANTE LOS | N Irun, 1983ko Ekaina J Fiestas de San Pedro y San Marcial. | Jrundar guzientzat ikur bat bezala diren Sanmarzialak es dira jai huts San Marcial, referencia clave para los irundarras | “Uranzu” herriko pelota-tokian eta Irungo “Judo Club Maki- 9,00 horas. | | | = aa r rZA 'M* Juncal Garayalde Larrouquére Mari Sol Biurrarena Garmendia E d Z -__ = g » CABALLERIA BIDASOA ; S Sz",Todos los documentos del catalogo forman parte del corpus sanmarcialero local; las pistas automaticas deben contrastarse con la fuente original.
eac01b1833c8,1983,1983,Programa de fiestas,1983B,Programa de fiestas,/home/gaizka/Alarde/Programas de fiestas/1983B.pdf,Catalogado con pistas automaticas pendientes de verificacion,Media/baja: OCR visual con pasajes detectados,0,2,2,"2, 6","caballeria, cantineras, companias, musica, recorrido",Referencia localizada por OCR visual; revisar contra imagen original,"San Marcial de Halterofilia”, organizado por el C.D. | San Juan enparantzan “Pirotecnia Caballer” delakoak antolatu y hará la presentación oficial de las Cantineras del Alarde",Todos los documentos del catalogo forman parte del corpus sanmarcialero local; las pistas automaticas deben contrastarse con la fuente original.
682df713c52f,1983,1983,Programa de fiestas,1983C,Programa de fiestas,/home/gaizka/Alarde/Programas de fiestas/1983C.pdf,Catalogado con pistas automaticas pendientes de verificacion,Media/baja: OCR visual con pasajes detectados,0,3,3,"2, 4, 5","alarde, caballeria, companias, mandos, recorrido",Referencia localizada por OCR visual; revisar contra imagen original,"tón Municipal Uranzu, exhibición de Yoga, a cargo del aldiak Centro de Yoga y Cultura Integral “Acuario” de Irún. | En la calle Santa Elena, se iniciará el Alarde 20,00-etatik. | r apoya los Sanmarciales.",Todos los documentos del catalogo forman parte del corpus sanmarcialero local; las pistas automaticas deben contrastarse con la fuente original.
c45469dc00d3,1983,1983-06-01,Bidasoan - PH IRUN 0002,1983-06-01,Prensa o revista,/home/gaizka/Alarde/Revistas y periodicos/1983/1983-06-01 - Bidasoan - PH IRUN 0002.pdf,Catalogado con pistas automaticas pendientes de verificacion,Alta: texto extraido del PDF,0,6,0,,"Alarde, cantineras, companias, mandos, musica, ritual",Referencia localizada por barrido textual,"'G ran Premio San Marcial de Bolos” por el M aestro D. Jo s é A n ton io C A N O U R A E T X E B E S T E | CANTINERAS DEL ALARDE 1982 | LAR UNBATA, E KA IN A K 25 dítuztela, San Mígeleko enparantzan hasi eta udaletxerairK) 23,30-etan. S | Sanmarziaien sustraien sendotasuna aitortuz età San Marcial, referencia clave para los irundarras, | cional San Marcial de Ju do "" A la misma hora, tendrá lugar la pondientes al ""III Paseo Fotográfico por Irú n "".",Todos los documentos del catalogo forman parte del corpus sanmarcialero local; las pistas automaticas deben contrastarse con la fuente original.
56ec3b21a78e,1983,1983-09-01,Bidasoan - PH IRUN 0002,1983-09-01,Prensa o revista,/home/gaizka/Alarde/Revistas y periodicos/1983/1983-09-01 - Bidasoan - PH IRUN 0002.pdf,Catalogado con pistas automaticas pendientes de verificacion,Alta: texto extraido del PDF,0,7,0,,"cantineras, companias, mandos, musica, ritual",Referencia localizada por barrido textual,", rrio de Mendelu y acompañados por una tam- Infan til en Gipuzkoa Plaza. | BEDERATZI, OSTIRALA -taldeak joko du. Tartean ZEZEN SUZKOA. | Dedicación de una calle a Ma­ Mandos del Alarde .................. 39 Nom enclátor de calles en Hon­ | Durante la función religiosa, una compañía de gos a rtificia le s que culm inará con el tradi­ | del Alarde regresarán a la Ciudad, ve rificán­",Todos los documentos del catalogo forman parte del corpus sanmarcialero local; las pistas automaticas deben contrastarse con la fuente original.
e6e62c6b1d8c,1983,1983-12-01,Bidasoan - PH IRUN 0002,1983-12-01,Prensa o revista,/home/gaizka/Alarde/Revistas y periodicos/1983/1983-12-01 - Bidasoan - PH IRUN 0002.pdf,Catalogado con pistas automaticas pendientes de verificacion,Alta: texto extraido del PDF,0,5,0,,"Alarde, companias, ritual",Referencia localizada por barrido textual,"EXTINCION DE ERMITAS | LA IRUN’GO EUSKAL JIRA VA A MAS | balazo, en la falda del monte San Marcial. que el muchacho era decidido y valiente y dispuesto siempre a complacer a | te Vieja, Meaka, Ibardi y Er- entidades bancarias, deben | una trilogía sobre Irún de ese escritor cronista que es Emilio colina de Hondarhbia, acompañando a m",Todos los documentos del catalogo forman parte del corpus sanmarcialero local; las pistas automaticas deben contrastarse con la fuente original.
2e5349e62db8,1984,1984,Programa de fiestas,1984A,Programa de fiestas,/home/gaizka/Alarde/Programas de fiestas/1984A.pdf,Catalogado con pistas automaticas pendientes de verificacion,Media/baja: OCR visual con pasajes detectados,0,5,5,"1, 2, 3, 4, 6","alarde, companias, recorrido",Referencia localizada por OCR visual; revisar contra imagen original,"AYUNTAMIENTO DE LA CIUDAD DE IRUN f ; a - 4 PA PARA CONMEMORAR SUS FIESTAS TRADICIONALES » Z E A fº& (YY d DE SAN PEDRO | '*º“(A…ENº% - z d S GUKS Kepa eta Marzial Doneen Jaiak Irun, 1984ko Ekaina Fiestas de San Pedro y San Marcial Irún, Juni | Constituye para mí un íntimo motivo de satisfacción, aprove- chando la oportunidad que me brinda la celebración de nuest | hoñas EE EEEZ Juan, Sokemuturra y Vaquillas EAK a Dec Gl m 15,00 horas En el Frontón Municipal Uranzu, y organizado por | :““º,'f'!“?k: n ÍV"" ºz""[ºlge':':“d'z'""“º""d'kº BS araudun eta De9,00a — EnelFrontón Municipal Uranzu, tendrá lugar el ""XV",Todos los documentos del catalogo forman parte del corpus sanmarcialero local; las pistas automaticas deben contrastarse con la fuente original.
2093e8f8832e,1984,1984,Programa de fiestas,1984B,Programa de fiestas,/home/gaizka/Alarde/Programas de fiestas/1984B.pdf,Catalogado con pistas automaticas pendientes de verificacion,Media/baja: OCR visual con pasajes detectados,0,2,2,"3, 5","companias, mandos, recorrido, ritual",Referencia localizada por OCR visual; revisar contra imagen original,"Torneo de Euskadi de Fútbol Sala San Marcial”, keta” delakoaren kanporaketak. | intervendrán en el Alarde de San Marcial — 11,00etan Junkaleko Ama Birjifaren Eliza nagusian, meza nagusi ospetsua, De 1",Todos los documentos del catalogo forman parte del corpus sanmarcialero local; las pistas automaticas deben contrastarse con la fuente original.
6a28252e1dad,1984,1984,Programa de fiestas,1984C,Programa de fiestas,/home/gaizka/Alarde/Programas de fiestas/1984C.pdf,Catalogado con pistas automaticas pendientes de verificacion,Media/baja: OCR visual con pasajes detectados,0,3,3,"1, 3, 5","alarde, mandos, musica, recorrido, ritual",Referencia localizada por OCR visual; revisar contra imagen original,"o GR eresteldeak, Villarele: 6,00 horas En la Plaza San Juan, la Agrupación Cultural Banda de Música | e GEE Íº'z'º'ºº""º | 11,30-etan Urdanibia enparantzan eta “Kateko Kirolzaleak” antolatuta 11,30 horas Enla Plaza Urdanibia, finales del ""XI G | ; gría del pueblo de Trún en su celebración de las u - di a p l fiestas de San Marcial y desea a todos muy feli- d A C A",Todos los documentos del catalogo forman parte del corpus sanmarcialero local; las pistas automaticas deben contrastarse con la fuente original.
42a53a24bb14,1984,1984-03-01,Bidasoan - PH IRUN 0002,1984-03-01,Prensa o revista,/home/gaizka/Alarde/Revistas y periodicos/1984/1984-03-01 - Bidasoan - PH IRUN 0002.pdf,Catalogado con pistas automaticas pendientes de verificacion,Alta: texto extraido del PDF,0,5,0,,"Alarde, ritual",Referencia localizada por barrido textual,"30 de Junio. Irún se vuelca en su Alarde, sus m ú si­ | dro y San Marcial, y, el turismo. Otoño, Septiembre | ermita de San Antón, tenía lu­ | gar el 30 de ju nio a la ermita cho, con sus huevos corres­ | tua» - «Zarautzeneko-portua» - «Zubiaundiko-portua» - «Zubitxi Hendaya, Irún, San Marcial, la siluet",Todos los documentos del catalogo forman parte del corpus sanmarcialero local; las pistas automaticas deben contrastarse con la fuente original.
0ba6b8100c79,1984,1984-06-01,Bidasoan - PH IRUN 0002,1984-06-01,Prensa o revista,/home/gaizka/Alarde/Revistas y periodicos/1984/1984-06-01 - Bidasoan - PH IRUN 0002.pdf,Catalogado con pistas automaticas pendientes de verificacion,Alta: texto extraido del PDF,0,8,0,,"Alarde, cantineras, companias, mandos, musica, ritual",Referencia localizada por barrido textual,"16,(X) horas Revista de las fuerzas del A larde por el General y su Estado Mayor. | DEL ALARDE 1984 | LA ORDENANZA DEL | OIA 23 DE JU N IO (SABADO ) | SERVICIO DEL ALARDE DE",Todos los documentos del catalogo forman parte del corpus sanmarcialero local; las pistas automaticas deben contrastarse con la fuente original.
19eb8df0ce71,1984,1984-09-01,Bidasoan - PH IRUN 0002,1984-09-01,Prensa o revista,/home/gaizka/Alarde/Revistas y periodicos/1984/1984-09-01 - Bidasoan - PH IRUN 0002.pdf,Catalogado con pistas automaticas pendientes de verificacion,Alta: texto extraido del PDF,0,3,0,,"Alarde, cantineras, mandos",Referencia localizada por barrido textual,"EI veterano y po p u la r iru né s M an olo B arandiarán, Hachero de l A la rd e de San | MANDOS DEL ALARDE | SAN MARCIAL 84",Todos los documentos del catalogo forman parte del corpus sanmarcialero local; las pistas automaticas deben contrastarse con la fuente original.
34fd9d5032ea,1984,1984-12-01,Bidasoan - PH IRUN 0002,1984-12-01,Prensa o revista,/home/gaizka/Alarde/Revistas y periodicos/1984/1984-12-01 - Bidasoan - PH IRUN 0002.pdf,Catalogado con pistas automaticas pendientes de verificacion,Alta: texto extraido del PDF,0,5,0,,"companias, mandos",Referencia localizada por barrido textual,"(PERRERIAS EN IRUN) | EL VIAJE DE BODA | San Marcial y el Instituto ""Pío Baroja” . Finalizado el gestionar centros como la Residencia y el Provincial. | feccionándose y formándose grandes empresas, el paraje del Barrio de Meaka, complejo minero explotad | les rodea. En Irún quedan los resíos de las que fueron, situada en el Barrio de Meaka, cerca de la T",Todos los documentos del catalogo forman parte del corpus sanmarcialero local; las pistas automaticas deben contrastarse con la fuente original.
2f2d1ea1a7de,1985,1985,Programa de fiestas,1985A,Programa de fiestas,/home/gaizka/Alarde/Programas de fiestas/1985A.pdf,Catalogado con pistas automaticas pendientes de verificacion,Media/baja: OCR visual con pasajes detectados,0,5,5,"1, 2, 3, 4, 6","alarde, musica, recorrido",Referencia localizada por OCR visual; revisar contra imagen original,"- IRUNGO SANMARTZIALAK” di DSBI - EXAINA f¿ ZZ SANMARCIALES” 0£ nN EO 10 1985 S GE | Ó…ENC_: 2 VA K z | ) Kepa eta Marzial Doneen Jaiak | Irun, 1985 ko Ekaina — Fiestas de San Pedro y San Marcial Irún, Jun | y Berriz ee gure San Marzialetako jaiak direla 1a, zuengana azaltzeko Nuevamente me corresponde el honor de dirigiros un | Exainaren 15etik 218 arte, udaleko areto nagusian, 1925etik 1984 bi- eeez tarteko San Marzial jaietako iragarkien erakus | cN , 11,00 horas En la Plaza Urdanbia, segunda tanda clasificatoria para el «XII 11,00-etan Urdanibia enparantzan, «XIl",Todos los documentos del catalogo forman parte del corpus sanmarcialero local; las pistas automaticas deben contrastarse con la fuente original.
74a54ca252f8,1985,1985,Programa de fiestas,1985B,Programa de fiestas,/home/gaizka/Alarde/Programas de fiestas/1985B.pdf,Catalogado con pistas automaticas pendientes de verificacion,Media/baja: OCR visual con pasajes detectados,0,4,4,"2, 3, 4, 6","alarde, companias, musica, recorrido",Referencia localizada por OCR visual; revisar contra imagen original,"Pasaje localizado por OCR visual | Si -7 EEE S T ra Y l— \ — )* - | + E %í AURREZI\'IKL,]*(:\\\UV\I7IP»\L;\k, 1985.ko L¡c… DE AFORROS MUNICIPAL se une a S | 18,30 horas En la Pista de Atletismo de Plaiaundi, tendrá lugar el «l GRAN PRE- 20,00-etan Udaleko areto nagusian, «IRUN | 17,00-etan - Uranzu pelota-tokian eta «IRUNGO RACING CLUB» delakoak an 17,00 horas En el Frontón Uranzu, eliminatorias d",Todos los documentos del catalogo forman parte del corpus sanmarcialero local; las pistas automaticas deben contrastarse con la fuente original.
8e1307b8adf0,1985,1985,Programa de fiestas,1985C,Programa de fiestas,/home/gaizka/Alarde/Programas de fiestas/1985C.pdf,Catalogado con pistas automaticas pendientes de verificacion,Media/baja: OCR visual con pasajes detectados,0,3,3,"2, 4, 5","companias, mandos, musica, recorrido, ritual",Referencia localizada por OCR visual; revisar contra imagen original,"| 10,00-etan gb?égmgaakga ula\G\AkRREN SAr:er\ronFLZ:dALkEUSKAL GELA- 10,00 horas En el Frontón Uranzu, finales del I| T | 6,00 horas En la Plaza San Juan, la Agrupación Cuitural BANDA DE MUSICA 6,00-etan _ San Juan enparantzan, «IRUNGO HIRIA» | a E EA 12,30 horas - Enla Plaza Urdanibia, ALARDE DE TXISTULARIS, organizado por 12,00-etan HARRIJASOTZAILEAK la SOCIEDA",Todos los documentos del catalogo forman parte del corpus sanmarcialero local; las pistas automaticas deben contrastarse con la fuente original.
7b69af01e855,1985,1985-03-01,Bidasoan - PH IRUN 0002,1985-03-01,Prensa o revista,/home/gaizka/Alarde/Revistas y periodicos/1985/1985-03-01 - Bidasoan - PH IRUN 0002.pdf,Catalogado con pistas automaticas pendientes de verificacion,Alta: texto extraido del PDF,0,5,0,,"Alarde, companias, ritual",Referencia localizada por barrido textual,"11. Ascasíbar - Oiarbide (Bar San Marcial). Dos in fo rm a c ió n , po rq u e el m us, adem ás de ser p o p ula r, | ACTA DE CONSTITUCION DEL LU.K.T. ORDENANZAS DE IRUN DE 1560 | DONANTES DE SANGRE DE IRON | Una zona tan ""cashotera” hasta no hace mucho tiem­ daños de la ermita de San cierra la misma al tráf | metálica de la Compañía provincial de Teléfonos, a un che” defensor de Rafael y José Gómez y enemigo",Todos los documentos del catalogo forman parte del corpus sanmarcialero local; las pistas automaticas deben contrastarse con la fuente original.
f355b7caec6d,1985,1985-06-01,Bidasoan - PH IRUN 0002,1985-06-01,Prensa o revista,/home/gaizka/Alarde/Revistas y periodicos/1985/1985-06-01 - Bidasoan - PH IRUN 0002.pdf,Catalogado con pistas automaticas pendientes de verificacion,Alta: texto extraido del PDF,0,8,0,,"cantineras, companias, mandos, musica, ritual, suspensiones/cambios",Referencia localizada por barrido textual,"""X GARREN SAN MARZIAL BOLAKETA SARIA"" delako le­ | 16.00-etan: ""X GARREN SAN MARZIAL BOLAKETA SARIA"" 24.00-etan: SanJuanenparantzan ""PIROTECNIACABALLER | 18.30 horas: En el Frontón Uranzu, finales del XXXIII TORNEO PREMIO SAN MARCIAL DE BOLOS"", | ALARDE | DIANA DE VILLARROBLEDO,",Todos los documentos del catalogo forman parte del corpus sanmarcialero local; las pistas automaticas deben contrastarse con la fuente original.
611d6d419f56,1985,1985-09-01,Bidasoan - PH IRUN 0002,1985-09-01,Prensa o revista,/home/gaizka/Alarde/Revistas y periodicos/1985/1985-09-01 - Bidasoan - PH IRUN 0002.pdf,Catalogado con pistas automaticas pendientes de verificacion,Alta: texto extraido del PDF,0,7,0,,"Alarde, cantineras, companias, mandos, musica, ritual",Referencia localizada por barrido textual,"11.30 horas: Los gigantes y cabezudos par­ 9.00 horas: Diana por los dulzaineros. ciudad. | 20.00 horas: SOLEMNE TE DEUM Y SAL­ | DE SEPTIEMBRE DE 1985 (RESUMEN) | Hondarribia, es hablar del alarde y todo su entorno; ya que por algo es él, | Magistral de la Cofradía del Salmón del Bidasoa. Como Gran -Naturalmente. Porque aparte del Alarde y todos los fes­",Todos los documentos del catalogo forman parte del corpus sanmarcialero local; las pistas automaticas deben contrastarse con la fuente original.
1501bb07e2cd,1985,1985-12-01,Bidasoan - PH IRUN 0002,1985-12-01,Prensa o revista,/home/gaizka/Alarde/Revistas y periodicos/1985/1985-12-01 - Bidasoan - PH IRUN 0002.pdf,Catalogado con pistas automaticas pendientes de verificacion,Alta: texto extraido del PDF,0,6,0,,"companias, mandos, ritual, suspensiones/cambios",Referencia localizada por barrido textual,"Agosto de 1655 ante su merced el señor capitán Miguel de | LA LONJA DE HONDARRIBIA | LOS PAISES EUROPEOS, ORIENTE M E D IO Y AFRICA | Lapitz....................................... 11 ¿Meaca, Meaka o Meacar? A. lectivo Comercio Exterio | ante su merced nuestro señor capitán D. Miguel López de",Todos los documentos del catalogo forman parte del corpus sanmarcialero local; las pistas automaticas deben contrastarse con la fuente original.
ac68fb9ba57f,1986,1986,Programa de fiestas,1986A,Programa de fiestas,/home/gaizka/Alarde/Programas de fiestas/1986A.pdf,Catalogado con pistas automaticas pendientes de verificacion,Media/baja: OCR visual con pasajes detectados,0,7,7,"1, 2, 3, 4, 5, 6, 7","alarde, companias",Referencia localizada por OCR visual; revisar contra imagen original,"— ÁB - IRUNGO “SANMARTZIALAK” — | Y - 1986.0 — EKAINEAN , | v E [ \L ea —— — SAN MARCIALES” DE IRUN JUNIO DE 1986 — =_ | presentes en estas Fiestas, nahi dugu, irundar guztiei San — | deseando a todos los iruneses — Martzial zoriontsu | unos | F San Martzial - 86 N w&“ W Gez AGURRA SALUDO Gure San Martzialetako jaiak direla eta, be- Nuevamente tengo el honor de | San Marcial - 86 Jaiotzez edo adopzioz irundar zaren hori: egi- Cuando éste Programa llegue a tu hogar iru- tarau hau zu | San Martzial - 86 | 7 .",Todos los documentos del catalogo forman parte del corpus sanmarcialero local; las pistas automaticas deben contrastarse con la fuente original.
f1b410617041,1986,1986,Programa de fiestas,1986B,Programa de fiestas,/home/gaizka/Alarde/Programas de fiestas/1986B.pdf,Catalogado con pistas automaticas pendientes de verificacion,Media/baja: OCR visual con pasajes detectados,0,6,6,"1, 2, 3, 4, 5, 6","alarde, artilleria, cantineras, companias, conflicto contemporaneo, mandos, tamborrada",Referencia localizada por OCR visual; revisar contra imagen original,"San Marcial - 86 — 4 U . | San Martzial - 86 AYUNTAMIENTO DE IRUN «VI CONCURSO FOTOGRAFICO FIESTAS DE SAN PEDRO Y * N SAN MARCIAL», organizado por | O San Marcial - 86 a | pjO r AEAO E SIN a A y NEN a E S ; ye = … !F_.vl O - E E . | San Martzial - 86 COMENTARIOS DESPUES DE UNA REUNION DE MANDOS 1a p E He g k 4 L l — Para mí, el mejor momento del día d | He San Marcial - 86 Un banco para todos.",Todos los documentos del catalogo forman parte del corpus sanmarcialero local; las pistas automaticas deben contrastarse con la fuente original.
5feb6297e284,1986,1986,Programa de fiestas,1986C,Programa de fiestas,/home/gaizka/Alarde/Programas de fiestas/1986C.pdf,Catalogado con pistas automaticas pendientes de verificacion,Media/baja: OCR visual con pasajes detectados,0,6,6,"1, 2, 3, 4, 5, 6","alarde, companias, mandos, recorrido",Referencia localizada por OCR visual; revisar contra imagen original,"— —]——l .—;—Ú;];—_—]]]]]]———]][]—]iíe—l]—Ñ| — San Marcial - 86 EKAINAK 22 (IGANDEA) | 8,00etatik 20,00etara — Uranzu Pil | _ — r | San Martzial - 86 \ DIA 22 DE JUNIO (DOMINGO) De 8,00 a 20,00 horas En el Frontón Uranzu, tendrá lugar el «XVIII | í—?—lsan Marcial - 86 AGENCIA INMOBILIARIA ADMINISTRACION DE FINCAS ABOGADO rrrz a, arizmendi, 8 / IRUN Teléfs. | San Martzial - 86 | | ] G d TZ EA ! | San Marcial - 86 | Matadero general frigorífico ERNESTO MONTERO ALONSO Felices Fiestas de San Marcial 1986 IRUN ' )LEL'(",Todos los documentos del catalogo forman parte del corpus sanmarcialero local; las pistas automaticas deben contrastarse con la fuente original.
de0c97f6b2f0,1986,1986,Programa de fiestas,1986D,Programa de fiestas,/home/gaizka/Alarde/Programas de fiestas/1986D.pdf,Catalogado con pistas automaticas pendientes de verificacion,Media/baja: OCR visual con pasajes detectados,0,6,6,"1, 2, 3, 4, 5, 6","alarde, companias, recorrido",Referencia localizada por OCR visual; revisar contra imagen original,"E B San Marcial - 86 EKAINAK 23 (ASTELEHENA) 18,30etan Urdanibia Plazan, SOKAMUTURRA ETA BIGANTXAK. | San Martzial - 86 DIA 23 DE JUNIO (LUNES) 18,30 horas En la Plaza Urdanibia, SOXAMUTURRA Y VAQUILLAS. | — ——San Marcial - 86— f""'..?_ ) º¿ºf e ú¿,…¡?? | —]—]];T—];—t———— E San Martzial - 86 «En la campa del monte San Marcial» SNU GRAN PREMIO SAN MARCIAL DE SEGALARIS ¡ «San | k | EKAINAK 27 (OSTIRALA) | 8,00etatik 1 23,00etara — Uranzu Pilotalekuan, «IRUNGO HIRIA» SASKIBALOI LEHEN HAMA- BOST OR",Todos los documentos del catalogo forman parte del corpus sanmarcialero local; las pistas automaticas deben contrastarse con la fuente original.
ff97e72b4766,1986,1986,Programa de fiestas,1986E,Programa de fiestas,/home/gaizka/Alarde/Programas de fiestas/1986E.pdf,Catalogado con pistas automaticas pendientes de verificacion,Media/baja: OCR visual con pasajes detectados,0,4,4,"3, 4, 5, 6","alarde, artilleria, caballeria, cantineras, musica",Referencia localizada por OCR visual; revisar contra imagen original,"IT _g San Marcial - 86 b — D — U \ DEA S H-E i C; GOGINA CENTRAL | Polígono 27 — Teléfono 46-45-11 Martutene SAN SEBASTI | San Martzial - 86 — y F — r s re d p Z Participó en el Alarde de 1904, en la Banda de Música MARICHU POCINO, la cantiner | San Marcial - 86 D 8 é E IRUN IMAGEN Y MODA M BURBUJAS, República Argentina prolongación de la 1 I EIDER, Mayor 9 - A. | San Martzial - 86 y - G UN —£ | // h U N N .",Todos los documentos del catalogo forman parte del corpus sanmarcialero local; las pistas automaticas deben contrastarse con la fuente original.
ed1863fce6ea,1986,1986,Programa de fiestas,1986F,Programa de fiestas,/home/gaizka/Alarde/Programas de fiestas/1986F.pdf,Catalogado con pistas automaticas pendientes de verificacion,Media/baja: OCR visual con pasajes detectados,0,6,6,"1, 2, 3, 4, 5, 6","alarde, companias, musica",Referencia localizada por OCR visual; revisar contra imagen original,"' San Marcial - 86 EKAINAK 28 (LARUNBATA) 10,00etan Uranzu Pilotalekuan, SAN MARTZIAL III. | San Martzial - 86 N DIA 28 DE JUNIO (SABADO) 10,00 horas En el Frontón Uranzu, ELIMINATORIAS del «III TORNEO EUSKAL- DUN | San Marcial - 86 * El 30 de junio se duplican los componentes de la Banda. | —]]].—;—_——];—];—];—;—];;—]—]];—;—;—;;[;z;—orU]]———;];]][;]—;—— r,—_san Martzial - 86 N DE K í - ; en "" h k e bb | KU uE | San Marcial - 86 — HERMES szcunos — m de — , a a A N TE - E Z A ee J — T eA DEA",Todos los documentos del catalogo forman parte del corpus sanmarcialero local; las pistas automaticas deben contrastarse con la fuente original.
4bc187c79c66,1986,1986,Programa de fiestas,1986G,Programa de fiestas,/home/gaizka/Alarde/Programas de fiestas/1986G.pdf,Catalogado con pistas automaticas pendientes de verificacion,Media/baja: OCR visual con pasajes detectados,0,6,6,"1, 2, 3, 4, 5, 6","companias, mandos, musica, recorrido, ritual",Referencia localizada por OCR visual; revisar contra imagen original,"San Marcial - 86 EKAINAK 29 (IGANDEA) 8,00etan Diana tradizionala «IRUNGO HIRIA» MUSIKA BANDA KULTUR TAL- DEArekin, Hiri | San Martzial - 86 DIA 29 DE JUNIO (DOMINGO) 8,00 horas — Diana tradicional a cargo de la AGRUPACION CULTURAL BANDA DE MU | — San Martzial - 86 DIA 29 DE JUNIO (DOMINGO) 8,00 horas — Diana tradicional a cargo de la AGRUPACION CULTURAL BANDA DE | ——San Marcial - 86 D e 2 = Ae e E| T u — O - 1- Fa Go . | San Martzial - 86 5 S S SO ee laf E | ¿ D DIA 30 DE JUNIO (LUNES) 4,00 horas — Alborada.",Todos los documentos del catalogo forman parte del corpus sanmarcialero local; las pistas automaticas deben contrastarse con la fuente original.
6900527019a1,1986,1986,Programa de fiestas,1986H,Programa de fiestas,/home/gaizka/Alarde/Programas de fiestas/1986H.pdf,Catalogado con pistas automaticas pendientes de verificacion,Media/baja: OCR visual con pasajes detectados,0,5,5,"1, 2, 4, 5, 6","alarde, companias, recorrido",Referencia localizada por OCR visual; revisar contra imagen original,"San Martzial - 86 AA d C 7 ANE AE y D ,;_ e U- Z í A AE Ge GZ E PE G b N ; '.;í K u NE G e B = u 17,00 horas - Previa ll | San Marcial - 86 K -\ | HIJOS DE ROGELIO FERNANDEZ | Ec;mc¡o Paotxa Te 61 30 62 IRUN i FOTOCOMPOSICION c/egia,12. | San Marcial - 86 USTEAK ERDI USTEL GERTATU Felipe Igiñiz Estonba Jaunak eginiko lana, 1936. | — San Martzial - 86 4 » Z A K — z eeez G a Z S . | San Marcial - 86 IER ANTZERKI BEAK Ge 6""JORNADAS DE TEATRO u | POPULAR DEL BIDASOA ºg'*' S TALDEAK EGUNAK T» A ELS JOGLA",Todos los documentos del catalogo forman parte del corpus sanmarcialero local; las pistas automaticas deben contrastarse con la fuente original.
58d034230ee6,1986,1986,Programa de fiestas,1986I,Programa de fiestas,/home/gaizka/Alarde/Programas de fiestas/1986I.pdf,Catalogado con pistas automaticas pendientes de verificacion,Media/baja: OCR visual con pasajes detectados,0,5,5,"1, 2, 3, 4, 5","alarde, companias, musica, recorrido",Referencia localizada por OCR visual; revisar contra imagen original,"San Martzial - 86 UZTAILAK 1 (ASTEARTEA) 9,00etan DIANA, «URANZU» DULTZAINARI ETA TRIKITILARIekin. | San Martzial - 86 UZTAILAK 1 (ASTEARTEA) 9,00etan DIANA, «URANZU» DULTZAINARI ETA TRIKITILARIekin. | San Marcial - 86 DIA 1 DE JULIO (MARTES) 9,00 horas DIANA interpretada por los DULZAINEROS y TRIKITIXAS «URANZU». | —…—?Á—%W%—/ Ge — M erakustoki-lehiakota San Marcialos 86.[Izen- Ela AURREZKI-KUTXA u- ematenk TTTT ETT NIZIPALAK ÍU! | AYUNTAMIENTO DE LA CIUDAD DE IRUN PARA CONMEMORAR SUS FIESTAS TRADICIONALES DE SAN PEDRO Y SAN MARCIAL DURANTE LOS DIAS",Todos los documentos del catalogo forman parte del corpus sanmarcialero local; las pistas automaticas deben contrastarse con la fuente original.
eec4d6028fac,1986,1986-03-01,Bidasoan - PH IRUN 0002,1986-03-01,Prensa o revista,/home/gaizka/Alarde/Revistas y periodicos/1986/1986-03-01 - Bidasoan - PH IRUN 0002.pdf,Catalogado con pistas automaticas pendientes de verificacion,Alta: texto extraido del PDF,0,4,0,,"companias, mandos, musica",Referencia localizada por barrido textual,"En unión Radio Irún: Miguel 2 Seguridad en el Alarde de nio de la Sem a.................. 40 Xabier | brado General Patxo, le había de sustituir valioso. De Tambor Mayor a Federico Eche- | osé Antonio Apalategui, reelegido General del Alarde (1986) | pleta del Alarde) es cada vez más difícil el",Todos los documentos del catalogo forman parte del corpus sanmarcialero local; las pistas automaticas deben contrastarse con la fuente original.
8525629415a4,1986,1986-06-01,Bidasoan - PH IRUN 0002,1986-06-01,Prensa o revista,/home/gaizka/Alarde/Revistas y periodicos/1986/1986-06-01 - Bidasoan - PH IRUN 0002.pdf,Catalogado con pistas automaticas pendientes de verificacion,Alta: texto extraido del PDF,0,8,0,,"cantineras, companias, mandos, musica, ritual",Referencia localizada por barrido textual,"9 0 0 ta n Uranzu PUotalekuan. SAN MARTZIAL XVII, HALTERO­ Mertxe REKARTEk zuzendua. | Aunque patries o te calles ¡i San M arcial!! ü Villurrohledo !! I.os soldados ;i las nueve Kl «jolo* | Explicación portada: co p e ro de Cristo en el arte y ta m b o r M ayo r en el Alarde Pastores Euska | FIESTAS DE SAN PEDRO Y SAN MARCIAL 1.986 | GIPUZKOAKO AURREZKI KUTXA PROBINIZIALA",Todos los documentos del catalogo forman parte del corpus sanmarcialero local; las pistas automaticas deben contrastarse con la fuente original.
90c204355238,1986,1986-09-01,Bidasoan - PH IRUN 0002,1986-09-01,Prensa o revista,/home/gaizka/Alarde/Revistas y periodicos/1986/1986-09-01 - Bidasoan - PH IRUN 0002.pdf,Catalogado con pistas automaticas pendientes de verificacion,Alta: texto extraido del PDF,0,6,0,,"cantineras, companias, mandos, musica, ritual",Referencia localizada por barrido textual,"A las seis.- Diana por la Tamborrada y la Banda de | DE SEPTIEMBRE DE 1985 | DEL ALARDE DE HONDARRIBIA | Ya vuelven las Cantineras 1 sadevante......................... 24 Pintores del Bidasoa: J.L. de 1 ki | rí Taldeak Diana joko dute. TU Txapeiketa Zumardian, Herriko Txistu Eskolak an­",Todos los documentos del catalogo forman parte del corpus sanmarcialero local; las pistas automaticas deben contrastarse con la fuente original.
2dc66da38c98,1986,1986-12-01,Bidasoan - PH IRUN 0002,1986-12-01,Prensa o revista,/home/gaizka/Alarde/Revistas y periodicos/1986/1986-12-01 - Bidasoan - PH IRUN 0002.pdf,Catalogado con pistas automaticas pendientes de verificacion,Alta: texto extraido del PDF,0,4,0,,"Alarde, companias, mandos, ritual",Referencia localizada por barrido textual,"Durquety. FUNERALES POR LA MUERTE DE FELIPE III DE 1931 EN IRUN, de Frédéric A bai^. EL COLERA-MORBO | Hermanas Chalo. ¡Que pulcritud, pero que rigurosidad! El café a la Calle San Marcial, por lo que me | nean, San Martzial jaietan egingo da. Bere garaian jakinaraziko | plo sainduac, basilicac, Hermitac, Eliza atheac cimitorioac: davilza- custen duen bezala...»",Todos los documentos del catalogo forman parte del corpus sanmarcialero local; las pistas automaticas deben contrastarse con la fuente original.
956fffa683d5,1987,1987,Programa de fiestas,1987A,Programa de fiestas,/home/gaizka/Alarde/Programas de fiestas/1987A.pdf,Catalogado con pistas automaticas pendientes de verificacion,Media/baja: OCR visual con pasajes detectados,0,3,3,"2, 5, 6","alarde, recorrido",Referencia localizada por OCR visual; revisar contra imagen original,"— iFELIZSAN MARCIALI—— — SACAJA DE AHN SO Ga GA DE EUZ - Imndarguztien Kutxa f E delako. | por tanto, a seguir siempre en esta línea y todos juntos gritar + _* ¡¡GORA SAN MARTZIAL!! | udSO OTKRTRTETOTRTRTTRTET EO *+Sanmarciales-874: * b + * G EJ E GA S AGENCIA a S INMOBiLIARIA B ha el Joaquin Gaemón, 1",Todos los documentos del catalogo forman parte del corpus sanmarcialero local; las pistas automaticas deben contrastarse con la fuente original.
3d185b5cc0c9,1987,1987,Programa de fiestas,1987B,Programa de fiestas,/home/gaizka/Alarde/Programas de fiestas/1987B.pdf,Catalogado con pistas automaticas pendientes de verificacion,Media/baja: OCR visual con pasajes detectados,0,6,6,"1, 2, 3, 4, 5, 6","alarde, artilleria, cantineras, companias, mandos",Referencia localizada por OCR visual; revisar contra imagen original,"PESTRORORERERERORONORERO NEREe Sanmartzialak-87 a:52 D E E * de OO * 1987.eko SAN PEDRO ETA SAN MARTZIAL JAIETARAKO a v' | ———————————_— ZZ ———- IT rrr %%*%*%c%}*%%*á%t%t%%*%%té%*%á%%tá%t%%*á%*á%tá%*é% 4Sanmarciales-87 síg— ha * Z < % * EEET "" | ___ “ 1_É SB rr bb EO b STT dp udd Sanmartzialak-87 ** O * PROGRAMA DE LAS FIESTAS DE SAN PEDRO Y * G SAN MARCIAL 1987 | | …* EL ALARDE HACE 25 AÑOS * E - Por Ricardo Rodríguez Martínez % * Miembro de la JUNTA MUNICIPAL DEL ALARDE S * Al prese | K p Se reúne la Junta del Alarde, y se pone en movimiento la Sección Fotográfica (Castillo), % GA Ingenieros (Izaguirre)",Todos los documentos del catalogo forman parte del corpus sanmarcialero local; las pistas automaticas deben contrastarse con la fuente original.
ade20b0489b0,1987,1987,Programa de fiestas,1987C,Programa de fiestas,/home/gaizka/Alarde/Programas de fiestas/1987C.pdf,Catalogado con pistas automaticas pendientes de verificacion,Media/baja: OCR visual con pasajes detectados,0,4,4,"2, 3, 4, 6","alarde, companias, mandos, recorrido",Referencia localizada por OCR visual; revisar contra imagen original,""" R EE a R e RORERORORORES as y Sanmarciales - 87 45 a Z GA 5 E Ea E O EKAINAK 22 (ASTELEHENA) E “ 12,00etan Txingudi Te | b E ERP TT RE T D Sanmartz¡alak-87s* * S Z b ú * : E GO DIA 22 DE JUNIO (LUNES) * 12,00 horas Enlasinstalaciones del Clu | ERE CR NEN RR E E K E E —*Sanmarciales-sn* : % * * * fz ABAL ! | = H RE E ECR ERO PR CE A *Sanmarciales-87.¿ D B Matadero general frigorífico : E E , E ; ERNESTO MONTERO ALONSO + S * *",Todos los documentos del catalogo forman parte del corpus sanmarcialero local; las pistas automaticas deben contrastarse con la fuente original.
9cca5a7da046,1987,1987,Programa de fiestas,1987D,Programa de fiestas,/home/gaizka/Alarde/Programas de fiestas/1987D.pdf,Catalogado con pistas automaticas pendientes de verificacion,Media/baja: OCR visual con pasajes detectados,0,5,5,"1, 2, 3, 4, 6","alarde, caballeria, companias, recorrido",Referencia localizada por OCR visual; revisar contra imagen original,"LEE —— — a b E K e K a A T ET Sanmartzialak-87=:* S * Z O O K O 3 “Estampa Alarde de Caballería” * 1S í Z O s * — =a O G | ' LE S E E E EE T ETT T aSanmarciales-SM* O D $ D $ S * EKAINAK 25 (OSTEGUNA) E % 10,30etan Urdanibia Plazan, HAUR-JAIAL | EN ESTAS j O FIESTAS DE SAN PEDRO Y SAN MARCIAL. | , E S E e e ETT Sanmarciales - 874 ú _ $ E a e _ Z S EA _ * 1 AZ rr K — ra K / E AS S S y O * A _ a - E O * K : i E $ * | EEE E REEO ORER O ERERERESOSS $ Sanmarciales -87 4 S EKAINAK 27 (LARUNBATA) - 8,00etatik * % 23,00etara — URANZU Pilotal",Todos los documentos del catalogo forman parte del corpus sanmarcialero local; las pistas automaticas deben contrastarse con la fuente original.
b25f88d868ee,1987,1987,Programa de fiestas,1987E,Programa de fiestas,/home/gaizka/Alarde/Programas de fiestas/1987E.pdf,Catalogado con pistas automaticas pendientes de verificacion,Media/baja: OCR visual con pasajes detectados,0,5,5,"1, 3, 4, 5, 6","alarde, companias, conflicto contemporaneo, recorrido",Referencia localizada por OCR visual; revisar contra imagen original,"S 17,45 horas Enla Pista de Atletismo de Plaiaundi, tendrá lugar el “IIT GRAN PREMIO % * SAN MARCIAL DE ATLETISMO”, orga | EZ Ta A , Juncal Etxeberría Lekuona BIDASOA Juncal Larraza Salaberría Elena Aramburu Aguirre Yolanda Lekuona E rzibengoa | GEE E EEE E E BEK S EO *Sanmarciales-87=aá S — — _ E Í W | 7772277 E ¿ — a : — . | RERCRORORERERERORERORORE RENO RC Sanmartzialak-87 *¿ € SA : % r ,._ + = — — — E l EZ r Erz b GO i Á 'L¿…T ZE G SO E GK d | GTT E E E E EA aSanmarciales-Sh* G G a =| | - 2N ñ * E ua — ral | ""Y MQL*_ a EZ * S - ll E— aE Z !",Todos los documentos del catalogo forman parte del corpus sanmarcialero local; las pistas automaticas deben contrastarse con la fuente original.
e4a8bac0c7d3,1987,1987,Programa de fiestas,1987F,Programa de fiestas,/home/gaizka/Alarde/Programas de fiestas/1987F.pdf,Catalogado con pistas automaticas pendientes de verificacion,Media/baja: OCR visual con pasajes detectados,0,4,4,"2, 3, 4, 6","alarde, companias, mandos, musica, recorrido, ritual",Referencia localizada por OCR visual; revisar contra imagen original,"* É 16,00ctan — Udal Kiroldegian, SAN MARTZIAL ARETO-FUTBOL D, EUSKAL a TXAPELKETA""ren kanporaketak, TRUN RACING CLUBak | + 9,00 horas En el Campo de Fútbol de Larreaundi-Olaberría, FINALES del “Il TRO- * FEO SAN MARCIAL DE FUTBOL. | G AKE E RO TO NO iNateneaóas s Sanmarciales-87 Z Las fuerzas del Alarde, preparándose para la 1* descarga de EA * ordena | *******s'*a*a**a*a:%$Sanmarciales-87$* S % + ESTAMOS CON .",Todos los documentos del catalogo forman parte del corpus sanmarcialero local; las pistas automaticas deben contrastarse con la fuente original.
c93c08c243af,1987,1987,Programa de fiestas,1987G,Programa de fiestas,/home/gaizka/Alarde/Programas de fiestas/1987G.pdf,Catalogado con pistas automaticas pendientes de verificacion,Media/baja: OCR visual con pasajes detectados,0,6,6,"1, 2, 3, 4, 5, 6","alarde, caballeria, companias, mandos, musica, recorrido, ritual",Referencia localizada por OCR visual; revisar contra imagen original,"- E MA — E ?""% | SO 2 O l KEO j Z y e Ea : O | O ' - E - O Revista de las fuerzas del Alarde. | e 10,00etan Udaletxeko Areto Nagusian, SAN MARTZIAL ALARDEKO Konpainie- + * tako Kapitainei BANDERINAK ETA MUNIZIOAK EMA | * e 10,00 horas - En el Bola-Toki de la Sociedad de “LOS BUENOS AMIGOS”, finales del O * I CAMPEONATO DE PETANCA “CIUDAD | S G E C e S E af A O *'*Sanmarciales-87** Z + i EE E - E NE E ha N5 0 E “ A ““ 7 E K ú EE G * "" Yf Ta dd O E Gdz Z »a - | * * 6,00 horas En la Plaza San Juan, la BANDA DEL ALARDE interpretará la DIANA DE VILLARROBLEDO.",Todos los documentos del catalogo forman parte del corpus sanmarcialero local; las pistas automaticas deben contrastarse con la fuente original.
7a70029bfad5,1987,1987,Programa de fiestas,1987H,Programa de fiestas,/home/gaizka/Alarde/Programas de fiestas/1987H.pdf,Catalogado con pistas automaticas pendientes de verificacion,Media/baja: OCR visual con pasajes detectados,0,3,3,"1, 4, 6","caballeria, companias, hacheros, recorrido, ritual",Referencia localizada por OCR visual; revisar contra imagen original,"* ; * * G ¿ * d 17,00 horas Previa llamada de Ordenanza, se organizará el regreso de las fuerzas del $ + Alarde desde el | EEZT Gd dd dd drgugr y Sanmarciales - 87 "" * La Escuadra de hacheros, a su paso por la calle San Marcial. | V*— EE R EUK G e T t¿*Sanmarciales-Sh' E : y ¿ e Ge .",Todos los documentos del catalogo forman parte del corpus sanmarcialero local; las pistas automaticas deben contrastarse con la fuente original.
2699c82a46fc,1987,1987,Programa de fiestas,1987I,Programa de fiestas,/home/gaizka/Alarde/Programas de fiestas/1987I.pdf,Catalogado con pistas automaticas pendientes de verificacion,Media/baja: OCR visual con pasajes detectados,0,4,4,"1, 2, 3, 4","alarde, companias, musica, recorrido",Referencia localizada por OCR visual; revisar contra imagen original,"SAN MARTZIAL TOKA SARINAGUSIA""ren * * FINALAK. | Pasaje localizado por OCR visual | Un año más, Trún celebra los San Marciales. | AYUNTAMIENTO DE LA CIUDAD DE IRUN E PARA CONMEMORAR SUS FIESTAS TRADICIONALES S DE SAN PEDRO Y SAN MARCIAL S DURANTE LOS",Todos los documentos del catalogo forman parte del corpus sanmarcialero local; las pistas automaticas deben contrastarse con la fuente original.
46bdd2e54c10,1987,1987-03-01,Bidasoan - PH IRUN 0002,1987-03-01,Prensa o revista,/home/gaizka/Alarde/Revistas y periodicos/1987/1987-03-01 - Bidasoan - PH IRUN 0002.pdf,Catalogado con pistas automaticas pendientes de verificacion,Alta: texto extraido del PDF,0,5,0,,"companias, mandos, musica",Referencia localizada por barrido textual,"En la actualidad son casi 200 las perso­ al Alarde de San Marcial (en 1980: Cantine­ tas obras que a | SUMARIO/ARGIBIDEA Bidasoa, desde el histórico Monte de San Marcial | afueras, acaso en Meaka. terioridad a las tradicionales fiestas ciudadanía y a la simpática Tercera | dad de Hondarribia. rroquianos, no, no este, es el carácter, las ledad, regalo este del Capitán Don | renombre internacional. la que sobresale, es cruz, en la que está clavado Jesús, y repre­ velas form",Todos los documentos del catalogo forman parte del corpus sanmarcialero local; las pistas automaticas deben contrastarse con la fuente original.
1699df2e75c0,1987,1987-06-01,Bidasoan - PH IRUN 0002,1987-06-01,Prensa o revista,/home/gaizka/Alarde/Revistas y periodicos/1987/1987-06-01 - Bidasoan - PH IRUN 0002.pdf,Catalogado con pistas automaticas pendientes de verificacion,Alta: texto extraido del PDF,0,8,0,,"Alarde, cantineras, companias, mandos, musica, ritual",Referencia localizada por barrido textual,"22,00etan. «LOS TRANKILOS.., «LOS PEROLAS.. eta «ELIZATXO.. FAN- | 8,00etan. Diana tradizionala «IRUNGO HIRIA.. MUSIKA BANDA KULTUR | AGURRA SALUDO ' | ALARDE | Cantineras de ayer y de hoy ..... 41 -44",Todos los documentos del catalogo forman parte del corpus sanmarcialero local; las pistas automaticas deben contrastarse con la fuente original.
adccd3a99eba,1987,1987-08-01,Bidasoan - PH IRUN 0002,1987-08-01,Prensa o revista,/home/gaizka/Alarde/Revistas y periodicos/1987/1987-08-01 - Bidasoan - PH IRUN 0002.pdf,Catalogado con pistas automaticas pendientes de verificacion,Alta: texto extraido del PDF,0,7,0,,"Alarde, companias, mandos, musica",Referencia localizada por barrido textual,"ADRIAN SANTACRUZ, CAMPEON Y MUNDIALISTA | P rueba M ediana (1 m .) | acompañaba entre otros José Miguel Olano, director de Depor­ dores yugoslavos que tan bien se han ad | de San Marcial de Atletismo y a la proverbial anual Subida Popu­ | equitación acompañada de música clásica, con un gran conteni­",Todos los documentos del catalogo forman parte del corpus sanmarcialero local; las pistas automaticas deben contrastarse con la fuente original.
5fe1026ab532,1987,1987-09-01,Bidasoan - PH IRUN 0002,1987-09-01,Prensa o revista,/home/gaizka/Alarde/Revistas y periodicos/1987/1987-09-01 - Bidasoan - PH IRUN 0002.pdf,Catalogado con pistas automaticas pendientes de verificacion,Alta: texto extraido del PDF,0,7,0,,"Alarde, cantineras, companias, mandos, musica, ritual",Referencia localizada por barrido textual,"Dentro de los actos festivos, el Alarde, es el acto más tradi­ | Durante la función religiosa, una compañía de paisanos A las doce y m edia. SOKAMUTURRA en Kale Nagu | El Alarde Tarrapatata - | Nom bram iento General Alarde Pastores Euskaldunes en Am érica | actas ondarrabitarras, refiriéndose a la procesión acompañada de gante: ¿cuántos pueblos existen en",Todos los documentos del catalogo forman parte del corpus sanmarcialero local; las pistas automaticas deben contrastarse con la fuente original.
cbd20d35c536,1987,1987-12-01,Bidasoan - PH IRUN 0002,1987-12-01,Prensa o revista,/home/gaizka/Alarde/Revistas y periodicos/1987/1987-12-01 - Bidasoan - PH IRUN 0002.pdf,Catalogado con pistas automaticas pendientes de verificacion,Alta: texto extraido del PDF,0,5,0,,"Alarde, companias, mandos, musica, ritual",Referencia localizada por barrido textual,"Los Gascones y la Artillería Bórdelesa Basiano el Montaraz - Gaspar Montes Vísperas de Aquelarre - P | PRIMÜS CIRCUMDEDISTI ME | bil, la romería de San Marcial en la campa villas. Los últimos juguetes, patinetes, tri­ República, | de 1899, recibe con sus compañeros de la do fin a las razzias para cerrar los merca­ | prosperidad». París-lrún con la Torre Eiffel y la Ermita del monte de San Marcial (Reproducción FOTO GUILLO).",Todos los documentos del catalogo forman parte del corpus sanmarcialero local; las pistas automaticas deben contrastarse con la fuente original.
1830144239c8,1988,1988,Programa de fiestas,1988A,Programa de fiestas,/home/gaizka/Alarde/Programas de fiestas/1988A.pdf,Catalogado con pistas automaticas pendientes de verificacion,Media/baja: OCR visual con pasajes detectados,0,6,6,"1, 2, 3, 4, 5, 6","alarde, mandos",Referencia localizada por OCR visual; revisar contra imagen original,"I dd l AD SANMARCIALES DE IEUN IRUNGO SANMARTZIALAK 1988 KO (;KAINEAN JUNO DE 1988 | compartir con ellos estas Fiestas Horregatik, aurten ere, beraiekin de San Marcial batera nahi ditugu ospatu San Porque | En este quinto año tengo una vez más la enorme satisfacción de poder dirigirme a todos i re con motivo de nuestras queri | —]———;—;—;—;—]—]—[——][]—————————] — EA S E E A Sanmarciales 88 | | GO E %I,JJliví—;'w, e - REC a AA N aS Y | E T E n A — | Ayuntamiento me ha confiado el cargo y la carga de General del Alarde de San Marcial.",Todos los documentos del catalogo forman parte del corpus sanmarcialero local; las pistas automaticas deben contrastarse con la fuente original.
de995390d405,1988,1988,Programa de fiestas,1988B,Programa de fiestas,/home/gaizka/Alarde/Programas de fiestas/1988B.pdf,Catalogado con pistas automaticas pendientes de verificacion,Media/baja: OCR visual con pasajes detectados,0,5,5,"1, 2, 3, 4, 6","companias, recorrido, ritual",Referencia localizada por OCR visual; revisar contra imagen original,"Pasaje localizado por OCR visual | Sanmarciales 88 SANEAMIENTOS ENDARA SA MATERIAL SANITARIO - CALEFACCIÓN - CERAMICA Le ofrece lo que Vd. | Sanmartzialak 88 | PROGRAMA DE LAS FIESTAS SAN MARCIAL 1988 PROGRAMA OFICIAL DIA 23 DE JUNIO. | ——— Sanmarciales 88 \ Gerardo García (AFI) El día de San Marcial de 1943, a eso de las cuatro de la mañana, dos músicos | Sanmarciales 88 \ SAN MARCIAL desde 1522 \ el BANCO DE BILBAO desde 1857.",Todos los documentos del catalogo forman parte del corpus sanmarcialero local; las pistas automaticas deben contrastarse con la fuente original.
aa87cd38622b,1988,1988,Programa de fiestas,1988C,Programa de fiestas,/home/gaizka/Alarde/Programas de fiestas/1988C.pdf,Catalogado con pistas automaticas pendientes de verificacion,Media/baja: OCR visual con pasajes detectados,0,4,4,"2, 3, 4, 6","alarde, companias, mandos",Referencia localizada por OCR visual; revisar contra imagen original,"- | Sanmarciales 88 | | | | | EKAINAK 25. | 10,00 horas En el Frontón Uranzu, «XIX GRAN PREMIO SAN MARCIAL DE HAL- TEROFILIA», organizado por el C.D. | í—\ Sanmarciales 88 W Los BOES les desean º Felices San Marciales º Sucesores de ERNESTO MONTERO ALONSO Carnes de calida | Sanmarciales 88 =a - .",Todos los documentos del catalogo forman parte del corpus sanmarcialero local; las pistas automaticas deben contrastarse con la fuente original.
214e10c3e5b6,1988,1988,Programa de fiestas,1988D,Programa de fiestas,/home/gaizka/Alarde/Programas de fiestas/1988D.pdf,Catalogado con pistas automaticas pendientes de verificacion,Media/baja: OCR visual con pasajes detectados,0,6,6,"1, 2, 3, 4, 5, 6","cantineras, companias, conflicto contemporaneo, mandos, recorrido",Referencia localizada por OCR visual; revisar contra imagen original,"IGANDEA Y 8,00etatik 20,00etara — Uranzu Pilotalekuan, SAN MARTZIAL XX. | Sanmarciales 88 Inmobiliaria DEL VALLE BEORLEGUI Garibay, 34-29 Paseo de Colón, 29 Telfs. | DOMINGO De 8,00a d 20,00 horas Enl frontón Uranzu, tendrá lugar el «XX TORNEO INTERNACIONAL DE JUDO SAN MARCIAL», organi | Sanmarciales 88 COMERCIAL b | | | | | DENDARI ELKARTEA e ES U DN- | AGRUPACION DE COMERCIANTES DE LA C/ SERAPIO MUGICA Y | Sanmartzialak 88 U / | EL MEJOR SOLDADO | Sin duda, fue Garín de lo mejor que ha desfilado en el Alarde.",Todos los documentos del catalogo forman parte del corpus sanmarcialero local; las pistas automaticas deben contrastarse con la fuente original.
b462490b0427,1988,1988,Programa de fiestas,1988E,Programa de fiestas,/home/gaizka/Alarde/Programas de fiestas/1988E.pdf,Catalogado con pistas automaticas pendientes de verificacion,Media/baja: OCR visual con pasajes detectados,0,5,5,"1, 3, 4, 5, 6","alarde, companias, mandos, musica",Referencia localizada por OCR visual; revisar contra imagen original,"Pasaje localizado por OCR visual | b f , 4 14 Mirari Maiz Garmendia BIDASOA e A 1 SA ¡ A E Ag ñ E y Amaia Garciandia Peña Elena Retenaga Goienetxea Lide Ci | Sanmarciales 88 s — a AUZO LAGUN, una “gran cocíina” , para comer entre amigos... | Sanmartzialak 88 a ""E E — .- , S e O "" a?7 E - E 4 N d A a José M Rivas (AFI) HA LLEGADO REMINGTON El accidente de hace | I Sanmarciales 88 } | HERMES EZ | [O ._ ' [ TZ | ALMACENES e ETXANIZ, S.",Todos los documentos del catalogo forman parte del corpus sanmarcialero local; las pistas automaticas deben contrastarse con la fuente original.
1858cbd550a0,1988,1988,Programa de fiestas,1988F,Programa de fiestas,/home/gaizka/Alarde/Programas de fiestas/1988F.pdf,Catalogado con pistas automaticas pendientes de verificacion,Media/baja: OCR visual con pasajes detectados,0,4,4,"2, 3, 4, 6","alarde, caballeria, cantineras, companias, musica, recorrido",Referencia localizada por OCR visual; revisar contra imagen original,"Sanmarciales 88 EKGINAK 258. | saliendo de la Plaza San Miguel, acompañarán a las Cantineras hasta la Casa Consistorial, desde cuyo balcón el Profesor | Sanmarciales 88 -A | E Orlando Fernández (AFI) LOS PIES DE La BELLA CANTINERA En Ama Shantalen a veces no paran el día d | Sanmarciales 88 b 5 :mil «;'.'í_'—zsi*f.:; e S EN \:'* SN 2NN ?",Todos los documentos del catalogo forman parte del corpus sanmarcialero local; las pistas automaticas deben contrastarse con la fuente original.
b9f47b43dd3a,1988,1988,Programa de fiestas,1988G,Programa de fiestas,/home/gaizka/Alarde/Programas de fiestas/1988G.pdf,Catalogado con pistas automaticas pendientes de verificacion,Media/baja: OCR visual con pasajes detectados,0,6,6,"1, 2, 3, 4, 5, 6","caballeria, cantineras, companias, mandos, musica, recorrido, ritual, tamborrada",Referencia localizada por OCR visual; revisar contra imagen original,"Sanmartzialak 88 S 4 N — , K 4 1 Orlando Fernández (AFI) UNA GRAN FAMILIA Se dice que en el Alarde los iruneses se herma | \ Sanmarciales 88 EKAINAK 29. | 10,00 horas En la Sala Capitular de la Casa Consistorial, ENTREGA DE BANDERI- NES Y MUNICION a los Capitanes de las Comp | Sanmarciales 88 N .J SO "" ] EE y “= f LE 'á/_; l G Añ _??Q\ d AA _E dd —7 1) 1 lá i E * E SA á u | = / 1 0 d | EE EKAINA | 6,00 horas En la Plaza San Juan, la BANDA DEL ALARDE, acompañada de la Com- pañía de la TAMBORRADA, interpretará la DIAN",Todos los documentos del catalogo forman parte del corpus sanmarcialero local; las pistas automaticas deben contrastarse con la fuente original.
e1a0935017a0,1988,1988,Programa de fiestas,1988H,Programa de fiestas,/home/gaizka/Alarde/Programas de fiestas/1988H.pdf,Catalogado con pistas automaticas pendientes de verificacion,Media/baja: OCR visual con pasajes detectados,0,8,8,"1, 3, 4, 6, 7, 8, 9, 10","alarde, cantineras, companias, musica, recorrido",Referencia localizada por OCR visual; revisar contra imagen original,"11,30 horas En la Plaza Urdanibia, FINAL del «XV GRAN PREMIO SAN MARCIAL DE TOKA». | AYUNTAMIENTO DE LA CIUDAD DE IRUN PARA CONMEMORAR SUS FIESTAS TRADICIONALES DE SAN PEDRO Y SAN MARCIAL DURANTE LOS DIAS | L re Sanmartzialak 88 e ee Z Z e a A EA 7 d O = « » N h , = o o _ EO Z Z E O HORA DE LaA SIESTA Un año se encargó de pro | Sanmarciales 88 Sociedad Cooperativa l CALEFACCION - AIRE ACONDICIONADO - SANEAMIENTO - ELECTRICIDAD Oficinas y Almacén: | — Sanmarciales 88 SZ ARGITRANS, S.",Todos los documentos del catalogo forman parte del corpus sanmarcialero local; las pistas automaticas deben contrastarse con la fuente original.
efe51888b211,1988,1988-01-01,Bidasoan - PH IRUN 0002,1988-01-01,Prensa o revista,/home/gaizka/Alarde/Revistas y periodicos/1988/1988-01-01 - Bidasoan - PH IRUN 0002.pdf,Catalogado con pistas automaticas pendientes de verificacion,Alta: texto extraido del PDF,0,4,0,,"cantineras, companias, mandos, musica",Referencia localizada por barrido textual,"DICCIONARIO DEL BIDASOA | M.® aportó como dote, heredada de su abuelo, el capitán | Sin compañeros de viaje, llegó hasta Bilbao, repasando con fre­ y de allí al oeste norteamericano. E | en 1887. Fue Cantinera de la Banda de Música del Alarde",Todos los documentos del catalogo forman parte del corpus sanmarcialero local; las pistas automaticas deben contrastarse con la fuente original.
6d48b11a1d6e,1988,1988-02-01,Bidasoan - PH IRUN 0002,1988-02-01,Prensa o revista,/home/gaizka/Alarde/Revistas y periodicos/1988/1988-02-01 - Bidasoan - PH IRUN 0002.pdf,Catalogado con pistas automaticas pendientes de verificacion,Alta: texto extraido del PDF,0,7,0,,"companias, ritual",Referencia localizada por barrido textual,"BILLERA EN ERROTAZAR | mm PUERTO MARITIMO | pañada de buena sidra, en compañía de varios iruneses y | que como Meaka, ha significado tanto en la historia de nues­ | ra que había cerca de la ermita de Santa Elena. En un viejo",Todos los documentos del catalogo forman parte del corpus sanmarcialero local; las pistas automaticas deben contrastarse con la fuente original.
88ab7e23dbdf,1988,1988-03-01,Bidasoan - PH IRUN 0002,1988-03-01,Prensa o revista,/home/gaizka/Alarde/Revistas y periodicos/1988/1988-03-01 - Bidasoan - PH IRUN 0002.pdf,Catalogado con pistas automaticas pendientes de verificacion,Alta: texto extraido del PDF,0,6,0,,"companias, ritual, suspensiones/cambios",Referencia localizada por barrido textual,"DISTRIBUIDOR OFICIAL | Histórica Ermita de San Marcial erigida en 1522. | R E L A C IO N D E C O L E G IA D O S C O N SUS D O M IC IL IO S , T E L E F O N O S Y T E L E X | dad de editar una Guía Municipal de Servicios, con un total BODAS EN LA ERMITA DE SAN MARCIAL | el 6 de febrero de 1480, relativo a la carga y descarga de dalidades, en la sesión celebrada el 30 d",Todos los documentos del catalogo forman parte del corpus sanmarcialero local; las pistas automaticas deben contrastarse con la fuente original.
fd3b19eaf597,1988,1988-04-01,Bidasoan - PH IRUN 0002,1988-04-01,Prensa o revista,/home/gaizka/Alarde/Revistas y periodicos/1988/1988-04-01 - Bidasoan - PH IRUN 0002.pdf,Catalogado con pistas automaticas pendientes de verificacion,Alta: texto extraido del PDF,0,5,0,,"companias, mandos, ritual",Referencia localizada por barrido textual,"En Septiembre del 85, Conchita, acompañada de su ma­ Amaia, Arantza y Alazne. | URANZU Y SU CASA SOUR (S) | de Sta. María del Juncal, ermita de Sto. Cristo de Eliza- rrio Lapice, con casa solar propia y del m | pag. 35: «Debajo de la actual ermita —se refiere a la de | sanes y la ermita de San Marcial. porte, se estableció en la segunda guerra carlista por el",Todos los documentos del catalogo forman parte del corpus sanmarcialero local; las pistas automaticas deben contrastarse con la fuente original.
e3d7e7504997,1988,1988-06-01,Bidasoan - PH IRUN 0002,1988-06-01,Prensa o revista,/home/gaizka/Alarde/Revistas y periodicos/1988/1988-06-01 - Bidasoan - PH IRUN 0002.pdf,Catalogado con pistas automaticas pendientes de verificacion,Alta: texto extraido del PDF,0,6,0,,"Alarde, cantineras, companias, mandos, musica",Referencia localizada por barrido textual,"10,30etan: Urdanibia Plazatik irtenda, ""SAN MARTZIALERA- 10,00etan: Udaletxeko Areto Nagusian, SAN MARTZIAL A U | 17,00etan: Plaiaundiko Atletismo Pistan, ""SAN MARTZIAL IV. duelarik. | poz honetatik. Aurten gogoarazi nahi dizuet, San Martzia- recordaros que el gran protagonista del día de San Marcial | tuztet. Las fiestas de San Marcial son para el pueblo de Irún un | — Instantáneas del Alarde ..................... 10 — Importante labor de la Irun'go At-",Todos los documentos del catalogo forman parte del corpus sanmarcialero local; las pistas automaticas deben contrastarse con la fuente original.
089cecf7ac49,1988,1988-11-01,Bidasoan - PH IRUN 0002,1988-11-01,Prensa o revista,/home/gaizka/Alarde/Revistas y periodicos/1988/1988-11-01 - Bidasoan - PH IRUN 0002.pdf,Catalogado con pistas automaticas pendientes de verificacion,Alta: texto extraido del PDF,0,4,0,,"companias, ritual",Referencia localizada por barrido textual,"63.— Javier Manuel Lecuona Aldanondo Estación, s/n. - Edif. San Marcial 61 51 42 31799 | RELACION DE COLE G IA D O S CON SUS DOM IC ILIOS, TELEFONOS Y TELEX | Y LAS EXCAVACIONES EN SU ERMITA | saparecieron el primero antes que el segundo. El pasado na, Descarga, Joló, Rataplán, etc... nombres",Todos los documentos del catalogo forman parte del corpus sanmarcialero local; las pistas automaticas deben contrastarse con la fuente original.
e507a4478327,1988,1988-12-01,Bidasoan - PH IRUN 0002,1988-12-01,Prensa o revista,/home/gaizka/Alarde/Revistas y periodicos/1988/1988-12-01 - Bidasoan - PH IRUN 0002.pdf,Catalogado con pistas automaticas pendientes de verificacion,Alta: texto extraido del PDF,0,2,0,,"companias, mandos, musica",Referencia localizada por barrido textual,"guer, constituía el único refugio que le quedaba al nave­ quiera medianas de puerto fondeadero, aunq | y vino a Irún en una diligencia de la «Compañía de las Dili­",Todos los documentos del catalogo forman parte del corpus sanmarcialero local; las pistas automaticas deben contrastarse con la fuente original.
a0ab6fd1ae41,1989,1989,El Irunés - Año 1 - Numero 1,1989,Prensa o revista,/home/gaizka/Alarde/Revistas y periodicos/1989/1989 - El Irunés - Año 1 - Numero 1.pdf,Catalogado con pistas automaticas pendientes de verificacion,Alta: texto extraido del PDF,0,4,0,,"Alarde, companias, ritual",Referencia localizada por barrido textual,""" el día 24 de abril de cada año sión a la ermita de Santa Bárbara, que | EL HOY EMPERADOR DEL JAPON AKI-HITO | José María Arina SEDE DEL ALARDE DE SAN MARCIAL - Fuelle .................................................... 61 | sear a través de los cristales de la taho­ tumbrados, para dirigirse a la ermita de",Todos los documentos del catalogo forman parte del corpus sanmarcialero local; las pistas automaticas deben contrastarse con la fuente original.
9aee4c91bade,1989,1989,El Irunés - Año 1 - Numero 2,1989,Prensa o revista,/home/gaizka/Alarde/Revistas y periodicos/1989/1989 - El Irunés - Año 1 - Numero 2.pdf,Catalogado con pistas automaticas pendientes de verificacion,Alta: texto extraido del PDF,0,7,0,,"Alarde, cantineras, companias, mandos, musica",Referencia localizada por barrido textual,"CANTINERAS DEL ALARDE DE En lugar destacado y a todo color figurarán las | OLABERRIA? - Antonio Aramburu ................ 37 EL IRUNES JA V IER IRURETA CABALLERO | Preparativos de las ñestas de San Juan, San Pedro y San Marcial de Irún | co cuadros y en el remate superior el Calvario, es de gran San Pedro y San Marcial, y que la prestigiosa firma FOTOS | ecología, alarde de San Marcial, pintura, arte clásico y abs­",Todos los documentos del catalogo forman parte del corpus sanmarcialero local; las pistas automaticas deben contrastarse con la fuente original.
0da98d2842fd,1989,1989,El Irunés - Año 1 - Numero 3,1989,Prensa o revista,/home/gaizka/Alarde/Revistas y periodicos/1989/1989 - El Irunés - Año 1 - Numero 3.pdf,Catalogado con pistas automaticas pendientes de verificacion,Alta: texto extraido del PDF,0,8,0,,"Alarde, cantineras, companias, mandos, musica, ritual",Referencia localizada por barrido textual,"(Foto GUILLO). (Foto GUILLO). | A MATTE, NUESTRA CANTINERA - | MANDOS DEL ALARDE - ................................... 16 ENTREVISTA CON: JUAN RAMON EGIAZABAL | RECORDANDO AQUELLA COMPAÑLA ■ | SAN MARCIAL DE JUDO organizado por Judo",Todos los documentos del catalogo forman parte del corpus sanmarcialero local; las pistas automaticas deben contrastarse con la fuente original.
b503e5e1d97c,1989,1989,El Irunés - Año 1 - Numero 4,1989,Prensa o revista,/home/gaizka/Alarde/Revistas y periodicos/1989/1989 - El Irunés - Año 1 - Numero 4.pdf,Catalogado con pistas automaticas pendientes de verificacion,Alta: texto extraido del PDF,0,8,0,,"Alarde, cantineras, companias, mandos, musica",Referencia localizada por barrido textual,"Alarde, las Cantineras fueron llamadas de una en una, en or­ | CENA EN HONOR DE LAS CANTINERAS ■ | El tomar o] pelo a los ingenuos es un deporte ya practi­ cuché una de las dianas de éste dia, por pa | Monserrat Lecuona, en el descansc final de la presentación de las Cantineras | Nací en la calle Uranzu. Mis padres y abuelos nacieron marcialidad y buen orden los escuadrones y co",Todos los documentos del catalogo forman parte del corpus sanmarcialero local; las pistas automaticas deben contrastarse con la fuente original.
f1b6296d9f1e,1989,1989,El Irunés - Año 1 - Numero 5,1989,Prensa o revista,/home/gaizka/Alarde/Revistas y periodicos/1989/1989 - El Irunés - Año 1 - Numero 5.pdf,Catalogado con pistas automaticas pendientes de verificacion,Alta: texto extraido del PDF,0,8,0,,"Alarde, cantineras, companias, mandos, musica",Referencia localizada por barrido textual,"ALARDE DE HONDARRIBIA 1989 - 8 DE SEPTIEMBRE | Fotos GUIÓ H O ND AR RIBIA RETROSPECTIVA Y | Guadalupe, y, dentro de las fiestas figura el Alarde co- | TARIFA ESPECIAL A LOS AGENTES COMERCIALES Y EMPRESAS | corporación tan antigua como el propio Alarde, institución que",Todos los documentos del catalogo forman parte del corpus sanmarcialero local; las pistas automaticas deben contrastarse con la fuente original.
c9e6d64589ac,1989,1989,Programa de fiestas,1989A,Programa de fiestas,/home/gaizka/Alarde/Programas de fiestas/1989A.pdf,Catalogado con pistas automaticas pendientes de verificacion,Media/baja: OCR visual con pasajes detectados,0,4,4,"3, 4, 5, 6","alarde, cantineras, conflicto contemporaneo, mandos",Referencia localizada por OCR visual; revisar contra imagen original,"| De cuanto contiene el mismo, quiero hacer especial hincapié en nuestro acto central, el siempre b vivo Alarde del día | EEE Sanmarciales 89 -E — “ = ¡ O X AA E Z ANE A ) nA PNA- ON Y EA » - B S “a N L Y AE Ka — — A SZ — Z ! | D d - E E 1 + ea Queridos Trundarras 1run Un año más, me cabe el honor de dirigirme a vosotros (particularmente a los qu | I — oSanmarciales H”j - É EE K - a,&“ M — E S a GNZ a r nE ka E Ea 13; aa | E S EE E | | F - s .",Todos los documentos del catalogo forman parte del corpus sanmarcialero local; las pistas automaticas deben contrastarse con la fuente original.
72eede18aea7,1989,1989,Programa de fiestas,1989B,Programa de fiestas,/home/gaizka/Alarde/Programas de fiestas/1989B.pdf,Catalogado con pistas automaticas pendientes de verificacion,Media/baja: OCR visual con pasajes detectados,0,5,5,"1, 2, 3, 5, 6","alarde, cantineras, companias, recorrido",Referencia localizada por OCR visual; revisar contra imagen original,"I Sanmarciales 89 1989.eko SAN PEDRO EGITARAU OFIZIALA | EKAINAK 23 (OSTIRALA) 19,15etan Tradiziozko San Juan zuhaitza j | (SABADO) 09,30 horas En el Polideportivo Municipal XX GRAN PREMIO SAN MARCIAL DE HAILTE- ROFILIA, organizado por el C.D. | r/,, Sanmarciales 8“)/—1 , — ... | l Sanmarciales 89 EEE GTT ' - /,¡ T. | i 08,00etan Uranzu Pilotalekuan, SAN MARTZIAL XXI.",Todos los documentos del catalogo forman parte del corpus sanmarcialero local; las pistas automaticas deben contrastarse con la fuente original.
da58e97557d8,1989,1989,Programa de fiestas,1989C,Programa de fiestas,/home/gaizka/Alarde/Programas de fiestas/1989C.pdf,Catalogado con pistas automaticas pendientes de verificacion,Media/baja: OCR visual con pasajes detectados,0,6,6,"1, 2, 3, 4, 5, 6","alarde, companias, recorrido",Referencia localizada por OCR visual; revisar contra imagen original,"í——,,—;—' Sanmarciales 89 \ CONCIERTOS - POLIDEPORTIVO í \ e JOAQUIN SABINA \ | ' EGUNA 25 DIA \ v(r ORDUA 21,30 HORA w | y 08,00 horas En el Frontón Uranzu XXI TORNEO INFANTIL SAN MARCIAL DE JUDO or- ; i ganizado por Judo Club Irún -MAKI WAR | I Sanmarciales 89 - E — =< ES S | y J D EE BI A — . | Antzineko auzo bezala Bidasoa, Meakar, Olaberria eta Lapize bakarrik azaltzen ziren, baina urteak aurrera zijoazela gehi | Sanmarciales 89 EKAINAK 26 (ASTELEHENA) 10,00etan Zabaltza Plazan, MOTOROP HAUR ZIRKUITOA zabalduko da 13,00ak arte.",Todos los documentos del catalogo forman parte del corpus sanmarcialero local; las pistas automaticas deben contrastarse con la fuente original.
d9ce937b8c3c,1989,1989,Programa de fiestas,1989D,Programa de fiestas,/home/gaizka/Alarde/Programas de fiestas/1989D.pdf,Catalogado con pistas automaticas pendientes de verificacion,Media/baja: OCR visual con pasajes detectados,0,4,4,"1, 3, 4, 5","alarde, companias, musica, recorrido",Referencia localizada por OCR visual; revisar contra imagen original,"G í Sanmarciales 89 1 Y EKAINAK 28 (ASTEAZKENA) 10,00etan Katea Auzoko Pilotalekuan, DISNEY GAZTELU PUZGARRIAK jarriko d | — Sanmarciales 89 | e — J A IS E ZZ EZ - G lj_»í!í:' )—gw. | H S | F s “ ) E e EZ ,;»::é* u E | e- Ge _ Orlando Fernández (AFI EL CUCU Y EL ALARDE DE SAN MARCIAL Dice un vieja leyen | Sanmarciales 89 1…_, K í J ) —»—¿ !",Todos los documentos del catalogo forman parte del corpus sanmarcialero local; las pistas automaticas deben contrastarse con la fuente original.
2a6012bc1fc4,1989,1989,Programa de fiestas,1989E,Programa de fiestas,/home/gaizka/Alarde/Programas de fiestas/1989E.pdf,Catalogado con pistas automaticas pendientes de verificacion,Media/baja: OCR visual con pasajes detectados,0,1,1,1,"artilleria, caballeria, companias, musica",Referencia localizada por OCR visual; revisar contra imagen original,Pasaje localizado por OCR visual,Todos los documentos del catalogo forman parte del corpus sanmarcialero local; las pistas automaticas deben contrastarse con la fuente original.
5eff35051230,1989,1989,Programa de fiestas,1989F,Programa de fiestas,/home/gaizka/Alarde/Programas de fiestas/1989F.pdf,Catalogado con pistas automaticas pendientes de verificacion,Media/baja: OCR visual con pasajes detectados,0,3,3,"1, 3, 6","companias, musica, recorrido",Referencia localizada por OCR visual; revisar contra imagen original,"Sanmarciales 89 AIA dA , ' Z RIO Y LA TIERRA D n que bajo el suelo de triín, en algin lugar desconocido, 2TIS- len resto | l — — Sanmarciales DO rr \ GESTORIA | ARENAZA i | - Navajas , ASESORIA FISCAL Y P.9 Colón, 6 - 1.* izda. | 1000eran — Udaletxeko Areto Nagusian, SAN MARTZIAL ALARDEKO Konpainietako Fapitanei BANDERINAK ETA MUNIZIOAK EMANGO ZAIZ",Todos los documentos del catalogo forman parte del corpus sanmarcialero local; las pistas automaticas deben contrastarse con la fuente original.
48dafc8923ad,1989,1989,Programa de fiestas,1989G,Programa de fiestas,/home/gaizka/Alarde/Programas de fiestas/1989G.pdf,Catalogado con pistas automaticas pendientes de verificacion,Media/baja: OCR visual con pasajes detectados,0,5,5,"1, 2, 3, 4, 6","alarde, cantineras, companias, conflicto contemporaneo, mandos, musica, recorrido, ritual, tamborrada",Referencia localizada por OCR visual; revisar contra imagen original,"— Sanmarciales 89 LOS BARES Y COMERCIOS DE CIPRIANO LARRAÑAGA OS DESEAN UNOS FELICES SAN MARCIALES ZIPRIANO LARRAÑAGAKO | 10,00 horas - En la Sala Capitular de la Casa Consistorial, ENTREGA DE BANDERINES Y MUNICION a los Capitanes de las Comp | — Sanmarciales 89 h o S LA E u L FEC Ka — - d j Z % e GE A a | \ } - E S y E S » | Ge S | Orlando Fernández (AFJ EKAINAK | Irll]n 05,00 horas - Teelaparta en diferentes barrios 06,00 horas En la Plaza San Juan, LA BANDA DEL ALARDE, interpretar | Nuestro Alarde civico-militar luce esplendoroso cada 30 de junio desde 1522.",Todos los documentos del catalogo forman parte del corpus sanmarcialero local; las pistas automaticas deben contrastarse con la fuente original.
958e321dba11,1989,1989,Programa de fiestas,1989H,Programa de fiestas,/home/gaizka/Alarde/Programas de fiestas/1989H.pdf,Catalogado con pistas automaticas pendientes de verificacion,Media/baja: OCR visual con pasajes detectados,0,6,6,"1, 2, 3, 4, 5, 6","companias, mandos, musica, recorrido",Referencia localizada por OCR visual; revisar contra imagen original,"d > \ E Sanmarciales 89 d UEZ _ 4 |R udE Ea dii - EZ Z E / 7 S K '%(\ Fota Agustin Con la llegada de San Juan el ruido d | d T MUEBLES BiDASºA DECORACION Les desea Felices Fiestas de San Pedro y San Marcial Avda. | Sanmarciales 89 EZ ARGITRANS, S. | ————;—Ú——————]—Ú—[;—]]]] —l ————— Sanmarizialak 30 a1 PA ee EE b rrrl García UU ANÑORANZAS Evocar San Marcial es sumergi | Sanmarciales 89 UZTAILAK 1 (LARUNBATA) Y 09,00etan DIANA, “URANZU” DULTZAINARIEKIN.",Todos los documentos del catalogo forman parte del corpus sanmarcialero local; las pistas automaticas deben contrastarse con la fuente original.
df6982327336,1989,1989,Programa de fiestas,1989I,Programa de fiestas,/home/gaizka/Alarde/Programas de fiestas/1989I.pdf,Catalogado con pistas automaticas pendientes de verificacion,Media/baja: OCR visual con pasajes detectados,0,7,7,"1, 2, 3, 4, 5, 6, 7","alarde, cantineras, companias, mandos, musica, recorrido",Referencia localizada por OCR visual; revisar contra imagen original,"ALWACENES | s - Y TURRYA MATERIALES DE CONSTRUCCION DESDE SIEMPRE GRUPO / LES DESEAN FELICES FIESTAS DE SAN MARCIAL / m— | 11,30 horas — En la Plaza Urdanibia, Final del XVI GRAN PREMIO SAN MARCIAL DE TOKA. | Sanmarciales 89 í AGENCIA INMOBILIARIA ADMINISTRACION DE FINCAS ASESORIA A. | Son sus restos romanos y una Comparia con prestigio en el Alarde quienes mantienen su nombre en alto. | rciales £ l Sanmarciales 89 | y Gerardo García (AF] y N UN DIA ES UN DIA Queda San Marcial, la ermita, a ésa no hace fal",Todos los documentos del catalogo forman parte del corpus sanmarcialero local; las pistas automaticas deben contrastarse con la fuente original.
718d74c18608,1989,1989-03-01,Bidasoan - PH IRUN 0002,1989-03-01,Prensa o revista,/home/gaizka/Alarde/Revistas y periodicos/1989/1989-03-01 - Bidasoan - PH IRUN 0002.pdf,Catalogado con pistas automaticas pendientes de verificacion,Alta: texto extraido del PDF,0,7,0,,"Alarde, companias, mandos",Referencia localizada por barrido textual,"DICCIONARIO DEL BIDASOA | LA COLUMNA DE SAN JUAN ARRI | caza La ceremonia ritual, en ocasiones va acompañada grisáceo animal hacen presa fácil en el cuello | colegio de San Marcial, de los Hermanos de las Escuelas del paseo de Colón-plaza del Ensanche, donde actual­ | edificó el actual Casino. las próximas fiestas de San Marcial.",Todos los documentos del catalogo forman parte del corpus sanmarcialero local; las pistas automaticas deben contrastarse con la fuente original.
17508354c9e1,1989,1989-06-01,Bidasoan - PH IRUN 0002,1989-06-01,Prensa o revista,/home/gaizka/Alarde/Revistas y periodicos/1989/1989-06-01 - Bidasoan - PH IRUN 0002.pdf,Catalogado con pistas automaticas pendientes de verificacion,Alta: texto extraido del PDF,0,6,0,,"Alarde, cantineras, companias, mandos, ritual, suspensiones/cambios",Referencia localizada por barrido textual,"Alarde. ¡A vuestra cuenta queda! | Estolón, sin. - Edií, San Marcial 61 31 45 36747 | Recuerdos del Alarde. E.N....................................6 Julio Nombela.T.G.N................................ 45 | lidad y generosidad que nos caracterizan. El día de San Marcial diegula harrera. San Martzial eguna da unerik egokiena | responsabilidad y orgullo de ser el General del Alarde quiero recor­",Todos los documentos del catalogo forman parte del corpus sanmarcialero local; las pistas automaticas deben contrastarse con la fuente original.
02208048d8fb,1989,1989-06-15,Bidasoan - PH IRUN 0002,1989-06-15,Prensa o revista,/home/gaizka/Alarde/Revistas y periodicos/1989/1989-06-15 - Bidasoan - PH IRUN 0002.pdf,Catalogado con pistas automaticas pendientes de verificacion,Alta: texto extraido del PDF,0,4,0,,"Alarde, companias, musica",Referencia localizada por barrido textual,"*La grava mediana y grande, rellena | 63.— Javier Manuel Lecuona Aldanondo Estación, s/n. - Edií. San Marcial 61 51 42 31799 | 8 6 .- PAREDES Y COMPAÑIA. S.L. Luis Mariano, 2 62 23 99 36115 | R E L A C IO N O E C O L E G IA D O S C O N S I S D O M IC IL IO S . T E L E F O N O S Y T EL EX",Todos los documentos del catalogo forman parte del corpus sanmarcialero local; las pistas automaticas deben contrastarse con la fuente original.
caf98b943f70,1989,1989-09-01,Bidasoan - PH IRUN 0002,1989-09-01,Prensa o revista,/home/gaizka/Alarde/Revistas y periodicos/1989/1989-09-01 - Bidasoan - PH IRUN 0002.pdf,Catalogado con pistas automaticas pendientes de verificacion,Alta: texto extraido del PDF,0,7,0,,"cantineras, companias, mandos, musica, ritual",Referencia localizada por barrido textual,10 Obscan LAS CANTINERAS RESPONDEN A BIDASOAN | Alarde de Hondarribia. Tarea difícil ya que son muchos años de festejar las fiestas y varios | COMPAÑIA: JAI2UBIA | El Alarde de Hondarribia es uno de los acontecimientos más esperados de las fiestas. Como bien nos comenta | El Alarde en Fotografías.............................6-7,Todos los documentos del catalogo forman parte del corpus sanmarcialero local; las pistas automaticas deben contrastarse con la fuente original.
a28c54dab85a,1989,1989-12-01,Bidasoan - PH IRUN 0002,1989-12-01,Prensa o revista,/home/gaizka/Alarde/Revistas y periodicos/1989/1989-12-01 - Bidasoan - PH IRUN 0002.pdf,Catalogado con pistas automaticas pendientes de verificacion,Alta: texto extraido del PDF,0,3,0,,"companias, ritual",Referencia localizada por barrido textual,Barrio Meacar........................................................19 Instrumentos musicales...... | Monteperdido y Maladita. ¿No os parece curioso de San Marcial sea también el | abuelos. inmediatamente convocó a otros compañeros de su orga­,Todos los documentos del catalogo forman parte del corpus sanmarcialero local; las pistas automaticas deben contrastarse con la fuente original.
3f15c0b8fdf6,1990,1990,El Irunés - Año 2 - Numero 6,1990,Prensa o revista,/home/gaizka/Alarde/Revistas y periodicos/1990/1990 - El Irunés - Año 2 - Numero 6.pdf,Catalogado con pistas automaticas pendientes de verificacion,Alta: texto extraido del PDF,0,5,0,,"cantineras, companias, mandos, musica, ritual",Referencia localizada por barrido textual,"ENTUSIASTA DEL EUZKERA Y EL ALARDE | des Científicas y de Ingenieros de la URSS. Le acompañó en la importantes obras de Ingeniería, entre | marqués de Salamanca. Para imprimir un nuevo ritmo a los trabajos, la Compañía de | mitiva ermita de Santa Elena, de incalculable valor histórico | preguntó qué esperanzas había de que los Estados Unidos rom­ na, su compañera fiel a través de tanta",Todos los documentos del catalogo forman parte del corpus sanmarcialero local; las pistas automaticas deben contrastarse con la fuente original.
f8537622f49c,1990,1990,El Irunés - Año 2 - Numero 7,1990,Prensa o revista,/home/gaizka/Alarde/Revistas y periodicos/1990/1990 - El Irunés - Año 2 - Numero 7.pdf,Catalogado con pistas automaticas pendientes de verificacion,Alta: texto extraido del PDF,0,6,0,,"Alarde, companias, mandos, ritual",Referencia localizada por barrido textual,"J 5 TETXEÄ IRUN | ciones que nos permitan atraer turismo. El turismo tradicional de Hondarribia, el parque natural de | contraorden que le llegó también la artillería volvió al Valle. cual se pasó aviso al Sargento Mayor | das y aplaudidas en los Congresos Internacionales. Publica en na de la Ciudad de Irún. Alarde Foral | etc., me encargaron una cabeza de Baroja y, acompañado por",Todos los documentos del catalogo forman parte del corpus sanmarcialero local; las pistas automaticas deben contrastarse con la fuente original.
c76c3832ffdc,1990,1990,El Irunés - Año 2 - Numero 8,1990,Prensa o revista,/home/gaizka/Alarde/Revistas y periodicos/1990/1990 - El Irunés - Año 2 - Numero 8.pdf,Catalogado con pistas automaticas pendientes de verificacion,Alta: texto extraido del PDF,0,8,0,,"Alarde, cantineras, companias, mandos, musica, ritual",Referencia localizada por barrido textual,"-los vascos no acostum bran decir las fiestas de San Marcial, | LA MUSICA EL 30 DE JUNIO, | UN GENERAL DEL ALARDE FUSILADO | barderos romanos, los cuarenta credos en Ama Shantalen... yoría de creyentes?. | como sacerdote agustino Con todo el respeto al Alarde de",Todos los documentos del catalogo forman parte del corpus sanmarcialero local; las pistas automaticas deben contrastarse con la fuente original.
d8e862d1cf83,1990,1990,El Irunés - Año 2 - Numero 9,1990,Prensa o revista,/home/gaizka/Alarde/Revistas y periodicos/1990/1990 - El Irunés - Año 2 - Numero 9.pdf,Catalogado con pistas automaticas pendientes de verificacion,Alta: texto extraido del PDF,0,4,0,,"Alarde, cantineras, companias, mandos, musica, ritual",Referencia localizada por barrido textual,"A las seis.- ALTXORRAREN BILA ( EN BUSCA DEL TESORO), anima­ | BURGOMAESTRES DEL ALARDE Don JOSE LUIS VIDEGAIN SALAVERRIA.................(1956-1963) | el voto que hicieroii nuestros antepasados. | gura el tradicional Alarde de Armas, que todos los años cele­",Todos los documentos del catalogo forman parte del corpus sanmarcialero local; las pistas automaticas deben contrastarse con la fuente original.
7b5f39ee1267,1990,1990,Programa de fiestas,1990A,Programa de fiestas,/home/gaizka/Alarde/Programas de fiestas/1990A.pdf,Catalogado con pistas automaticas pendientes de verificacion,Media/baja: OCR visual con pasajes detectados,0,3,3,"3, 5, 6","alarde, mandos",Referencia localizada por OCR visual; revisar contra imagen original,"| - | ; — E Gi > = | ¿l E E N Ó a | G SNA N SALUDA h Queridos conciudadanos: Ha pasado un año ya desde la última vez que | Ayuntamiento me ha renovado su confianza como General del Alarde, y una vez más tengo que agradecer este gran ez al mism | A d f—“º;g d | 1 EEz A EO f- uu ES Queridos iruneses La Junta Municipal del Alarde acude gustosa un año más a su cita co",Todos los documentos del catalogo forman parte del corpus sanmarcialero local; las pistas automaticas deben contrastarse con la fuente original.
9e6fca7fadf4,1990,1990,Programa de fiestas,1990B,Programa de fiestas,/home/gaizka/Alarde/Programas de fiestas/1990B.pdf,Catalogado con pistas automaticas pendientes de verificacion,Media/baja: OCR visual con pasajes detectados,0,4,4,"3, 4, 5, 6","alarde, companias, recorrido",Referencia localizada por OCR visual; revisar contra imagen original,"Las Fiestas de San Marcial, con su Alarde como núcleo central, son las fiestas de la alegría, | | el color, el sonido ma | \ IRUNGO SANMARTZIALAK SANMARCIALES DE IEUN EO EKAINEAN ONO DE 1990 | , | 1990eko SAN PEDRO \ ETA SAN MARTZIAL JAIETARAK | i PROGRAMA DE LAS FIESTAS DE SAN PEDRO Y SAN MARCIAL 1990 PROGRAMA OFICIAL I | DIA 23 DE JUNIO, (SABADO) 08,00 horas — E | 15,00etan Artiako Zubitik, SAN MARTZIALERAKO III IGOALDIA MOTOZ irtengo da, | Irungo Motor Elkarteak antolatua.",Todos los documentos del catalogo forman parte del corpus sanmarcialero local; las pistas automaticas deben contrastarse con la fuente original.
4c0c559150c7,1990,1990,Programa de fiestas,1990C,Programa de fiestas,/home/gaizka/Alarde/Programas de fiestas/1990C.pdf,Catalogado con pistas automaticas pendientes de verificacion,Media/baja: OCR visual con pasajes detectados,0,5,5,"1, 2, 3, 5, 6","alarde, cantineras, companias, recorrido",Referencia localizada por OCR visual; revisar contra imagen original,"15,00 horas — Partira del Puente de Artía la IIl SUBIDA A SAN MARCIAL EN MOTO, organizado por la Irungo Motor Elkartea. | Fue aquel año, tras acabar la horrible guerra, en que | volvía a destilar el alarde. | 08,00etan Irungo Kiroldegian, SAN MARTZIAL XXII. | — 24 DE JUNIO (DOMINGO) 07,30 horas — Salida de una MARCHA DE MONTAÑA a Peñas de Aya, de libre partici- pación, organiza | Los BOES les desean a /,.,;) j ; N e Felices San Marciales m 1run L eee",Todos los documentos del catalogo forman parte del corpus sanmarcialero local; las pistas automaticas deben contrastarse con la fuente original.
0f94ffb7016a,1990,1990,Programa de fiestas,1990D,Programa de fiestas,/home/gaizka/Alarde/Programas de fiestas/1990D.pdf,Catalogado con pistas automaticas pendientes de verificacion,Media/baja: OCR visual con pasajes detectados,0,1,1,5,"cantineras, mandos, ritual",Referencia localizada por OCR visual; revisar contra imagen original,"| Cesó el cucu en su recital, y pensé que la proximidad de algunos pasos indiscretos le habrían obliga- do el silencio,",Todos los documentos del catalogo forman parte del corpus sanmarcialero local; las pistas automaticas deben contrastarse con la fuente original.
6e03ce92b4e5,1990,1990,Programa de fiestas,1990E,Programa de fiestas,/home/gaizka/Alarde/Programas de fiestas/1990E.pdf,Catalogado con pistas automaticas pendientes de verificacion,Media/baja: OCR visual con pasajes detectados,0,4,4,"1, 2, 4, 5","artilleria, caballeria, companias, mandos, recorrido",Referencia localizada por OCR visual; revisar contra imagen original,"Y MUSICA PARA UN DIA 1 «Hlimho de San Marcial», «Subida de la lolesia», ¿Arrancada», «Retaplán», «Joló» N Pócalgente con | 2- L E Jaione Maiz Garmendia Arantza Ceberio Barandiaran Junkal Txapartegi Gelbenzu BIDASOA BUENOS AMIGOS CABALLERIA y- | EKAINAK 21: 19,30etan: Irungo Avenida Zinean, “Si amas la paz...” dokumentala eta “Los Generales” Juzemetraia emango dir | EXPOSICION DE CARTELES DE SAN MARCIAL K Durante los días 6 al 17 de Junio en los Arkupes del Ayuntamiento de Irún, expos",Todos los documentos del catalogo forman parte del corpus sanmarcialero local; las pistas automaticas deben contrastarse con la fuente original.
f91a300b50c6,1990,1990,Programa de fiestas,1990F,Programa de fiestas,/home/gaizka/Alarde/Programas de fiestas/1990F.pdf,Catalogado con pistas automaticas pendientes de verificacion,Media/baja: OCR visual con pasajes detectados,0,4,4,"1, 2, 3, 4","alarde, companias, musica, recorrido, tamborrada",Referencia localizada por OCR visual; revisar contra imagen original,Ellas no olvidarán los Sanmarciales del 90. | Pasaje localizado por OCR visual | Pasaje localizado por OCR visual | | ¡Es San Marcial!,Todos los documentos del catalogo forman parte del corpus sanmarcialero local; las pistas automaticas deben contrastarse con la fuente original.
81014f0d6391,1990,1990,Programa de fiestas,1990G,Programa de fiestas,/home/gaizka/Alarde/Programas de fiestas/1990G.pdf,Catalogado con pistas automaticas pendientes de verificacion,Media/baja: OCR visual con pasajes detectados,0,3,3,"1, 5, 6","alarde, cantineras, companias, musica, recorrido",Referencia localizada por OCR visual; revisar contra imagen original,"Pasaje localizado por OCR visual | 10,00etan Udaletxeko Areto Nagusian, SAN MARTZIAL ALARDEKO Konpainieta- ko Kapitanei BANDERINAK ETA MUNIZIOAK EMANGO ZAI | SANMARCIALES TIEMPO DE ALEGRIA, TIEMPO DE NOSTALGIA SANMARCIALES | TIEMPO DE RECUERDO Era cuando todavía venían los barq",Todos los documentos del catalogo forman parte del corpus sanmarcialero local; las pistas automaticas deben contrastarse con la fuente original.
8500f3620391,1990,1990,Programa de fiestas,1990H,Programa de fiestas,/home/gaizka/Alarde/Programas de fiestas/1990H.pdf,Catalogado con pistas automaticas pendientes de verificacion,Media/baja: OCR visual con pasajes detectados,0,4,4,"1, 3, 4, 5","companias, mandos, musica, recorrido, ritual, tamborrada",Referencia localizada por OCR visual; revisar contra imagen original,"—z]——————— — — eee A Bandak jaietan bide asko egiten baditu ere, gustokoen hogeitazortzi gauean egiiten duguna dut, agía | 10,00 horas — En la Sala Capitular de la Casa Consistorial, ENTREGA DE BANDERI- NES Y MUNICION a los Capitanes de las Co | urtean zin egindakoa betez, herri gizon eta apaizen prozesioa irtengo da, San Martzial mendi historikorantz abiatuz. | 06,00 horas — En la Plaza San Juan, la BANDA DEL ALARDE interpretará la DIANA DE VILLAROBLEDO.",Todos los documentos del catalogo forman parte del corpus sanmarcialero local; las pistas automaticas deben contrastarse con la fuente original.
80f1dc8a9d34,1990,1990,Programa de fiestas,1990I,Programa de fiestas,/home/gaizka/Alarde/Programas de fiestas/1990I.pdf,Catalogado con pistas automaticas pendientes de verificacion,Media/baja: OCR visual con pasajes detectados,0,6,6,"1, 2, 3, 5, 6, 8","alarde, companias, mandos, musica, recorrido, ritual",Referencia localizada por OCR visual; revisar contra imagen original,"— bere aldelk Antonio : Aranburu-k bere «Orígenes del alarde de San Marcial»en)—, Martin de ¡cea y Joan de Arbelaiz. | UNION RADIO IRU SONY DISTRIBUIDOR OFICIAL — FILME LOS SANMARCIALES ADQUIRIENDO SU CAMARA DE VIDEO DESDE: 4.955 PTS. | | U 11,30etan Urdanibia Plazan, SAN MARTZIAL XVII. | D 11,30 horas — Enla Plaza Urdanibia, Final del XVII GRAN PREMIO SAN MARCIAL DE TOKA. | Unos Sanmarciales más que se fueron.",Todos los documentos del catalogo forman parte del corpus sanmarcialero local; las pistas automaticas deben contrastarse con la fuente original.
59214296a25c,1990,1990-06-01,Bidasoan - PH IRUN 0002,1990-06-01,Prensa o revista,/home/gaizka/Alarde/Revistas y periodicos/1990/1990-06-01 - Bidasoan - PH IRUN 0002.pdf,Catalogado con pistas automaticas pendientes de verificacion,Alta: texto extraido del PDF,0,8,0,,"Alarde, cantineras, companias, mandos, musica, ritual",Referencia localizada por barrido textual,"Ayudadnos a los mandos, y ayudad al Alarde. iA vuestra cuenta gintahoi eta lagundu Alardean. Zuen kontu geratzen da! | COMANDANTE DE LAS TROPAS DEL ALARDE DE SAN MARCIAL | IViva San Marcial! Gora San Martzial! | R.-EI Alarde está como mejor sabe­ R .- Tras cinco años de Comandante lencio y la posición de firmes de los | SALUDA DEL ALCALDE ALKATEAREN AGURRA",Todos los documentos del catalogo forman parte del corpus sanmarcialero local; las pistas automaticas deben contrastarse con la fuente original.
e21d797bf7f6,1990,1990-09-01,Bidasoan - PH IRUN 0002,1990-09-01,Prensa o revista,/home/gaizka/Alarde/Revistas y periodicos/1990/1990-09-01 - Bidasoan - PH IRUN 0002.pdf,Catalogado con pistas automaticas pendientes de verificacion,Alta: texto extraido del PDF,0,8,0,,"cantineras, companias, mandos, musica, ritual",Referencia localizada por barrido textual,"DIA 6 - JUEVES | DIA 7 - VIERNES | DIA 8 - SABADO | Dentro detodos los actos y como el más importante figura el tradicional Alarde de Armas, | Durante la función religiosa una compañía de paisanos armados,",Todos los documentos del catalogo forman parte del corpus sanmarcialero local; las pistas automaticas deben contrastarse con la fuente original.
f7b8927a12b6,1991,1991,El Irunés - Año 3 - Numero 10,1991,Prensa o revista,/home/gaizka/Alarde/Revistas y periodicos/1991/1991 - El Irunés - Año 3 - Numero 10.pdf,Catalogado con pistas automaticas pendientes de verificacion,Alta: texto extraido del PDF,0,4,0,,"companias, mandos, ritual",Referencia localizada por barrido textual,"_____ c^da en el lado de Hendaya, tomaba asiento en ella, por hacer alarde de su encono e ira, que g | encaminóse derecho a la lancha encallada, descargando con | mundo... Los cardenales Tomko; Sin; Innocenti; Arinze; De- la Compañía de Jesús en la casa generalic | romería en la ermita de Navarzato. al de Julián en la pila del Bautismo.",Todos los documentos del catalogo forman parte del corpus sanmarcialero local; las pistas automaticas deben contrastarse con la fuente original.
9b98736b3458,1991,1991,El Irunés - Año 3 - Numero 11,1991,Prensa o revista,/home/gaizka/Alarde/Revistas y periodicos/1991/1991 - El Irunés - Año 3 - Numero 11.pdf,Catalogado con pistas automaticas pendientes de verificacion,Alta: texto extraido del PDF,0,3,0,,"Alarde, companias",Referencia localizada por barrido textual,"iaspar Montes Iturrioz CESO DE BURGOS.- Juan M? A rregui.... 14 SAN MARCIAL. 1990 - Páginas a color 44-45 | panorámica del Monte de San Marcial | ‘^ ‘ para su descanso el País Vasco, entre el chic de Biarritz, la cal- a favor de la Reina de Españ",Todos los documentos del catalogo forman parte del corpus sanmarcialero local; las pistas automaticas deben contrastarse con la fuente original.
2948284dbc2b,1991,1991,El Irunés - Año 3 - Numero 12,1991,Prensa o revista,/home/gaizka/Alarde/Revistas y periodicos/1991/1991 - El Irunés - Año 3 - Numero 12.pdf,Catalogado con pistas automaticas pendientes de verificacion,Alta: texto extraido del PDF,0,5,0,,"Alarde, cantineras, companias, mandos",Referencia localizada por barrido textual,"CURIOSIDADES DE LA ESCUADRA | PAGINAS A COLOR | San Marcial. Una fiesta que inau­ | taraua bait da udaberri guztietan irundar guztiok San Martzial giroan sar- | teriza, y guardando un lugar en el ¡Viva San Marcial!",Todos los documentos del catalogo forman parte del corpus sanmarcialero local; las pistas automaticas deben contrastarse con la fuente original.
2a6e9ef1cde9,1991,1991,El Irunés - Año 3 - Numero 13,1991,Prensa o revista,/home/gaizka/Alarde/Revistas y periodicos/1991/1991 - El Irunés - Año 3 - Numero 13.pdf,Catalogado con pistas automaticas pendientes de verificacion,Alta: texto extraido del PDF,0,3,0,,"cantineras, companias, mandos, musica",Referencia localizada por barrido textual,"Alfonso Guevara Eguren MANDOS Y CANTINERAS DEL | Don CSsar tiene una calle en Irún, situada entre el Bidasoa y San Marcial, en un | Don César tiene una calle en Irún, situada entre el Bidasoa y San Marcial, en un",Todos los documentos del catalogo forman parte del corpus sanmarcialero local; las pistas automaticas deben contrastarse con la fuente original.
6ccef66c22de,1991,1991,El Irunés - Año 3 - Numero 14,1991,Prensa o revista,/home/gaizka/Alarde/Revistas y periodicos/1991/1991 - El Irunés - Año 3 - Numero 14.pdf,Catalogado con pistas automaticas pendientes de verificacion,Alta: texto extraido del PDF,0,6,0,,"Alarde, cantineras, companias, mandos, musica, ritual",Referencia localizada por barrido textual,"ARNOTEGUI EL ULTIMO ERMITAÑO | Felipe Iguiñiz. dedicadas al Alarde de Hondarribia | GUADALUPE LOS DIAS 6, 7, 8, 9, 10 Y 11 DE SETIEMBRE DE 1991. | g a c e t a i l u s t r a d a , GUADIANA, REPORTER, VIA­ tendencias plásticas universales”. Ese mism | qúe destaca nuestro tradicional Alarde, en conmemora­ riores, y desde este momento os damos las gracias.",Todos los documentos del catalogo forman parte del corpus sanmarcialero local; las pistas automaticas deben contrastarse con la fuente original.
a6534f36a8db,1991,1991,El Irunés - Año 4 - Numero 15,1991,Prensa o revista,/home/gaizka/Alarde/Revistas y periodicos/1991/1991 - El Irunés - Año 4 - Numero 15.pdf,Catalogado con pistas automaticas pendientes de verificacion,Alta: texto extraido del PDF,0,5,0,,"Alarde, companias, musica, ritual, suspensiones/cambios",Referencia localizada por barrido textual,"C/ Gastainondo, Edificio San Marcial, Trasera. C/ Estación | DE LAS OTRAS CAMPANAS” de Irún | merosas ocasiones en compañía de su famoso alcalde, Paul Du- negra- paseando su jardín de «Sara» en | panorámica del Monte de San Marcial | rante cinco años, teniendo por compañeras a Carmen Olazábal,",Todos los documentos del catalogo forman parte del corpus sanmarcialero local; las pistas automaticas deben contrastarse con la fuente original.
6bc14ed54f80,1991,1991,Programa de fiestas,1991A,Programa de fiestas,/home/gaizka/Alarde/Programas de fiestas/1991A.pdf,Catalogado con pistas automaticas pendientes de verificacion,Media/baja: OCR visual con pasajes detectados,0,2,2,"4, 5",alarde,Referencia localizada por OCR visual; revisar contra imagen original,"Queridos iruneses: Es un placer para mí dirigir- — me a todos vosotros desde este Pro- grama de Fiestas, porque el | S p | — — —];— ——]——Ú——]————————;———];——————;—;—;— Con alegría, y sintiendo todo el peso de la responsabilidad que tene- mos,",Todos los documentos del catalogo forman parte del corpus sanmarcialero local; las pistas automaticas deben contrastarse con la fuente original.
ef4083cab60f,1991,1991,Programa de fiestas,1991B,Programa de fiestas,/home/gaizka/Alarde/Programas de fiestas/1991B.pdf,Catalogado con pistas automaticas pendientes de verificacion,Media/baja: OCR visual con pasajes detectados,0,4,4,"1, 3, 5, 6","alarde, mandos, recorrido",Referencia localizada por OCR visual; revisar contra imagen original,"Ayunta- dA miento como General del b * Alarde un año más, ten- , * E — g go el honor y la satisfac- ' » e (I - ción de d | ee Fueran buenos los tempos o se u , avistaran negros nubarrones para «á Trún, el Alarde de San Marcial vie- 1a S ne des | + 7 X — á e i GZ a | Hl A »_, } € L iS.a s Eusebio Pedrós San Juan (1911/1952) — “_ Manuel % \g 'edrós San Juan (1900/19 | 7y SAN MARCIAL PONE TA FIESTA NOSOTROS LE AYUDAMOS A DISFRUTARLA CON SU GENTE DE SIEMPRE, JUNTOS EN UN GRAN BANCO.",Todos los documentos del catalogo forman parte del corpus sanmarcialero local; las pistas automaticas deben contrastarse con la fuente original.
dc20d5b406e8,1991,1991,Programa de fiestas,1991C,Programa de fiestas,/home/gaizka/Alarde/Programas de fiestas/1991C.pdf,Catalogado con pistas automaticas pendientes de verificacion,Media/baja: OCR visual con pasajes detectados,0,6,6,"1, 2, 3, 4, 5, 6","companias, musica, recorrido",Referencia localizada por OCR visual; revisar contra imagen original,".77 e Aurresku dantza izango dugu, urtero bezalaxe, aurtengo San Pedro eta San Martzial jaiei hasera emango diona. | 08,00 Horas: Desde la Plaza San Juan, salida de la prueba cicloturista del DIA DEL PEDAL DE IRUN-91, organizado por el C | 08,00etan: San Juan Plazatik, IRUN-91ko PEDAL EGUNEKO zikloturista frogaren \ irteera, San Martzial Zikloturista Elkarte | 10,30 Horas: En el Polideportivo Municipal XXII GRAN PREMIO INTERNACIONAL | - SAN MARCIAL DE HALTEROFILIA, organizado po | 10,30etan: — Udal Kiroldegian, HALTEROFILIAKO SAN MARTZIAL XXII.",Todos los documentos del catalogo forman parte del corpus sanmarcialero local; las pistas automaticas deben contrastarse con la fuente original.
8bf281f354d3,1991,1991,Programa de fiestas,1991D,Programa de fiestas,/home/gaizka/Alarde/Programas de fiestas/1991D.pdf,Catalogado con pistas automaticas pendientes de verificacion,Media/baja: OCR visual con pasajes detectados,0,2,2,"1, 6","companias, musica, recorrido",Referencia localizada por OCR visual; revisar contra imagen original,"e 18,00etan: Katea Auzoko Antoju Baserriko Zelaian, “SAN MARTZIAL SARI NA- GUSIA” SI SEGA TXAPELKETA, Kateko Kirolzaleak | 20.00 Horas: CONFERENCIA a cargo de Juan José Lapitz, en la Sala Capitular del Ayuntamiento, organizada por la Cofradía",Todos los documentos del catalogo forman parte del corpus sanmarcialero local; las pistas automaticas deben contrastarse con la fuente original.
7eff37bf14e8,1991,1991,Programa de fiestas,1991E,Programa de fiestas,/home/gaizka/Alarde/Programas de fiestas/1991E.pdf,Catalogado con pistas automaticas pendientes de verificacion,Media/baja: OCR visual con pasajes detectados,0,4,4,"2, 4, 5, 6","artilleria, caballeria, companias, mandos, musica, recorrido, ritual",Referencia localizada por OCR visual; revisar contra imagen original,"Eugenia Barreda Biurrun BIDASOA BUENOS AMIGOS ESCOLTA DE CABALLERIA ] 6 - k A a FA v K ze K e ( — A Marfa Semper Rodrigo | BEHOBIA y BIDASOA + 28 DE JUNIO Viernes 10,00 Horas: En el Barrio de Artía instalación de los CASTILLOS HINCHABLES DIS- | Pasaje localizado por OCR visual | 10,00 Horas: En la Sala Capitular de la Casa Consistorial, ENTREGA DE BANDERI- NES Y MUNICION a los Capitánes de las Com",Todos los documentos del catalogo forman parte del corpus sanmarcialero local; las pistas automaticas deben contrastarse con la fuente original.
1e53939a5eee,1991,1991,Programa de fiestas,1991F,Programa de fiestas,/home/gaizka/Alarde/Programas de fiestas/1991F.pdf,Catalogado con pistas automaticas pendientes de verificacion,Media/baja: OCR visual con pasajes detectados,0,6,6,"1, 2, 3, 4, 5, 6","companias, mandos, musica, recorrido, ritual, tamborrada",Referencia localizada por OCR visual; revisar contra imagen original,"10,00etan: Udaletxeko Areto Nagusian, SAN MARTZIAL ALARDEKO Konpainie- tako Kapitanei BANDERINAK ETA MUNIZIOAK EMANGO ZA | 16,00 Horas: REVISTA de las FUERZAS DEL ALARDE por el GENERAL Y SU ES- TADO MAYOR. | | ""24,00etan: — Ohizko bideetan zehar KALEJIRA, “IRUN HIRIA” MUSIKA BANDA IT RULTUR ELKARTEA, LOS PEROLAS, LOS TRANKILOS | E 06,00 Horas: En la Plaza San Juan, LA BANDA DEL ALARDE interpretará la DIA- NA DE VILLARROBLEDO. | urtean zin egindakoa betez, herri-gizon eta apaizen prozesioa irtengo da, San Martzial mendi historikorantz abiatuz.",Todos los documentos del catalogo forman parte del corpus sanmarcialero local; las pistas automaticas deben contrastarse con la fuente original.
b89735688a0c,1991,1991,Programa de fiestas,1991G,Programa de fiestas,/home/gaizka/Alarde/Programas de fiestas/1991G.pdf,Catalogado con pistas automaticas pendientes de verificacion,Media/baja: OCR visual con pasajes detectados,0,5,5,"1, 2, 3, 4, 5","companias, musica, recorrido",Referencia localizada por OCR visual; revisar contra imagen original,"14,00etan: — San Martzial Mendiko Zelaian, herri-bazkaria \ 17.00etan: — Ordenantzazko deiaren ondotik, San Martzial Men | 11,30 Horas: En la Plaza Urdanibia final del KT GRAN PREMIO SAN MARCIAL \ DE TOKA, organizado por Kateko Kirol Zaleak. | \ 11,90etan: — Urdanibia Plazan, SAN MARTZIAL XVIII. | Pasaje localizado por OCR visual | Pasaje localizado por OCR visual",Todos los documentos del catalogo forman parte del corpus sanmarcialero local; las pistas automaticas deben contrastarse con la fuente original.
b253c2c3adec,1991,1991,Programa de fiestas,1991H,Programa de fiestas,/home/gaizka/Alarde/Programas de fiestas/1991H.pdf,Catalogado con pistas automaticas pendientes de verificacion,Media/baja: OCR visual con pasajes detectados,0,5,5,"1, 2, 3, 5, 8","artilleria, cantineras, companias, musica, recorrido",Referencia localizada por OCR visual; revisar contra imagen original,"4.491.000 COMIDAS Aquí se incluye el homenaje a los 1.050 jubilados en el frontón | Uranzu y la comida de San Marcial pa | Vivía por y para la música y a él le debemos el Joló, el Rataplán, la Fagina..., todas las marchas de San Marcial. | T ¡ — E El músico irunés Apolinar Gal Gainza, además K - de transcribir y adaptar las marchas que se interpre- , N - - d | Y u | 1.- Los AUTOBUSES y TAXIS con destino al Monte de San Marcial, el día 30 de Junio, : partirán de la Calle Uztapide | Pasaje localizado por OCR visual",Todos los documentos del catalogo forman parte del corpus sanmarcialero local; las pistas automaticas deben contrastarse con la fuente original.
4c03cceeb6a3,1991,1991-06-01,Bidasoan - PH IRUN 0002,1991-06-01,Prensa o revista,/home/gaizka/Alarde/Revistas y periodicos/1991/1991-06-01 - Bidasoan - PH IRUN 0002.pdf,Catalogado con pistas automaticas pendientes de verificacion,Alta: texto extraido del PDF,0,8,0,,"Alarde, cantineras, companias, mandos, musica, ritual",Referencia localizada por barrido textual,COMPAÑIA: SANTIAGO ESCOLTA DE CABALLERIA | Como quiera que para el Alarde del presente año se han realizado | San Pedro y San Marcial. | UNA TXAPELA CON SUERTE Por JOSERRA OTAEGUI | argitaldaría tando uno de los cañones utilizados por la Artillería del,Todos los documentos del catalogo forman parte del corpus sanmarcialero local; las pistas automaticas deben contrastarse con la fuente original.
2088af50457d,1991,1991-06-30,Egunkaria,1991-06-30,Prensa o revista,/home/gaizka/Alarde/Revistas y periodicos/1991/1991-06-30 - Egunkaria.pdf,Catalogado con pistas automaticas pendientes de verificacion,Alta: texto extraido del PDF,0,5,0,,"Alarde, musica, ritual",Referencia localizada por barrido textual,"San MARTZIAL mendira ekainaren 30ean igotzea betebehar | dantza saio bat edo ermita | diote duten guztia San Martzial ratu na. | haurrek nekez esan c*o9.ooetan diana | joaten denean, Jeneralak rebista za nagusia ermitako balkoitik",Todos los documentos del catalogo forman parte del corpus sanmarcialero local; las pistas automaticas deben contrastarse con la fuente original.
022ff1eae0db,1991,1991-09-01,Bidasoan - PH IRUN 0002,1991-09-01,Prensa o revista,/home/gaizka/Alarde/Revistas y periodicos/1991/1991-09-01 - Bidasoan - PH IRUN 0002.pdf,Catalogado con pistas automaticas pendientes de verificacion,Alta: texto extraido del PDF,0,7,0,,"Alarde, cantineras, companias, mandos, musica, ritual",Referencia localizada por barrido textual,"ESCOLTA DE CABALLERIA: BIRKIDE ELDUAYEN AMUNARRIZ. | HONDARRIBIKO JAIAK’ 1991 | LES DESEA UNAS FELICES FIESTAS | NUESTRAS CANTINERAS | Ntra. Sra. la Virgen de Guadalupe, subiendo a su Santuario para cumplir así el voto",Todos los documentos del catalogo forman parte del corpus sanmarcialero local; las pistas automaticas deben contrastarse con la fuente original.
da70aed7c80c,1991,1991-12-01,Bidasoan - PH IRUN 0002,1991-12-01,Prensa o revista,/home/gaizka/Alarde/Revistas y periodicos/1991/1991-12-01 - Bidasoan - PH IRUN 0002.pdf,Catalogado con pistas automaticas pendientes de verificacion,Alta: texto extraido del PDF,0,4,0,,"Alarde, companias, mandos, musica, ritual",Referencia localizada por barrido textual,"""Soroxarta"". bien este otro; SAN MARTZIAL / no existirán en todo el País Vasco ni | Desde esa perspectiva, el aeropuerto Varias compañías aéreas (Aviaco, Y no son sólo las compañías la | cc A M P A N A D E Q U E D A .- El tres de Febrero de 1.684 propuso el capitán (título de equivalenc | deberá ir acompañada de com pen­",Todos los documentos del catalogo forman parte del corpus sanmarcialero local; las pistas automaticas deben contrastarse con la fuente original.
6a2590429ca3,1992,1992,El Irunés - Año 4 - Numero 16,1992,Prensa o revista,/home/gaizka/Alarde/Revistas y periodicos/1992/1992 - El Irunés - Año 4 - Numero 16.pdf,Catalogado con pistas automaticas pendientes de verificacion,Alta: texto extraido del PDF,0,7,0,,"Alarde, cantineras, companias, mandos, musica, ritual",Referencia localizada por barrido textual,"BLES DISNEY hasta los 19,00 hotos. RIO CONCIERTO DE SAN MARCIAL, organizado por la | Colaboradores: DE SAN PEDRO Y SAN MARCIAL:...........1 I | FIESTAS DE SAN MARCIAL | LATITUD CERO y BANDA NOCTURNA. MIO SAN MARCIAL INTERNACIONAL DE HALTEROFI­ | La Escuadra de Hacheros al mando del Cabo: Enrique Aguirretxe P¡-",Todos los documentos del catalogo forman parte del corpus sanmarcialero local; las pistas automaticas deben contrastarse con la fuente original.
bbdc4441abe8,1992,1992,El Irunés - Año 4 - Numero 17,1992,Prensa o revista,/home/gaizka/Alarde/Revistas y periodicos/1992/1992 - El Irunés - Año 4 - Numero 17.pdf,Catalogado con pistas automaticas pendientes de verificacion,Alta: texto extraido del PDF,0,6,0,,"cantineras, companias, mandos, musica, ritual",Referencia localizada por barrido textual,"ALARDE DE SAN MARCIAL 1.992 | J. de Saroia ¿QUIEN FUE RITA LASTAOLA? CANTINERAS DEL ALARDE DE SAN MARCIAL | Juan Antonio Lecuona DILIGENCIAS PREPARATIVOS DEL ALARDE Y FIESTAS | LA GRAN BELLEZA DE LAS | Y General del Alarde de San Marcial, realizó una",Todos los documentos del catalogo forman parte del corpus sanmarcialero local; las pistas automaticas deben contrastarse con la fuente original.
0f59aebc3804,1992,1992,El Irunés - Año 4 - Numero 18,1992,Prensa o revista,/home/gaizka/Alarde/Revistas y periodicos/1992/1992 - El Irunés - Año 4 - Numero 18.pdf,Catalogado con pistas automaticas pendientes de verificacion,Alta: texto extraido del PDF,0,7,0,,"Alarde, cantineras, companias, mandos, musica, ritual",Referencia localizada por barrido textual,"A las cinco.- XXVII Concurso de BAILE A del Pueblo y la Batería de Artillería efectuarán | ALARDE DE HONDARRIBIA. ■....................... 1 LOS FAISANES | ESCUADRA DE HACHEROS COMPAÑIA KOSTA | Enrique Albizu CANTINERAS | frente de t odo lo tropo, Yokin Etxoniz, un bur­ En el Alarde es tan im portante",Todos los documentos del catalogo forman parte del corpus sanmarcialero local; las pistas automaticas deben contrastarse con la fuente original.
2dc11d93361e,1992,1992,El Irunés - Año 4 - Numero 19,1992,Prensa o revista,/home/gaizka/Alarde/Revistas y periodicos/1992/1992 - El Irunés - Año 4 - Numero 19.pdf,Catalogado con pistas automaticas pendientes de verificacion,Alta: texto extraido del PDF,0,6,0,,"Alarde, companias, ritual",Referencia localizada por barrido textual,"C/ Gastainondo, Edificio San Marcial, Trasera. C/ Estación | CHANTAL OSCOZ MEYRAND | Encargos: Una visita a la ATSEGIÑA, en C/. San Marcial, 9 | en Finisterre (el final de la 813, hace, por tanto 1.179 años. El ermita Pelayo observó unos de la s | en Lesaca con su cultura propia y controvertida ermita de San Antón, do a lo que íbamos, es asilo-ho",Todos los documentos del catalogo forman parte del corpus sanmarcialero local; las pistas automaticas deben contrastarse con la fuente original.
0ddf25118b40,1992,1992,Programa de fiestas,1992A,Programa de fiestas,/home/gaizka/Alarde/Programas de fiestas/1992A.pdf,Catalogado con pistas automaticas pendientes de verificacion,Media/baja: OCR visual con pasajes detectados,0,2,2,"4, 5",alarde,Referencia localizada por OCR visual; revisar contra imagen original,— Iruneses: - e La celebración anual de los Sanmarciales es una tradi- 1 . | \ | Un año más los componentes de la Junta de Alarde nos dirigimos a todos los irune- í ses en estos dias anteriores a l,Todos los documentos del catalogo forman parte del corpus sanmarcialero local; las pistas automaticas deben contrastarse con la fuente original.
900843f991c3,1992,1992,Programa de fiestas,1992B,Programa de fiestas,/home/gaizka/Alarde/Programas de fiestas/1992B.pdf,Catalogado con pistas automaticas pendientes de verificacion,Media/baja: OCR visual con pasajes detectados,0,2,2,"1, 3","alarde, mandos",Referencia localizada por OCR visual; revisar contra imagen original,E N Trundarras: = id Un año más me ha cabido el honor de ser el E F General del Alarde de San Marcial. | Alegría para disfrutar de todos los festejos programados y en especial de nuestro maravilloso Alarde y esperanza para el,Todos los documentos del catalogo forman parte del corpus sanmarcialero local; las pistas automaticas deben contrastarse con la fuente original.
8749d3a950da,1992,1992,Programa de fiestas,1992C,Programa de fiestas,/home/gaizka/Alarde/Programas de fiestas/1992C.pdf,Catalogado con pistas automaticas pendientes de verificacion,Media/baja: OCR visual con pasajes detectados,0,2,2,"1, 6","companias, recorrido",Referencia localizada por OCR visual; revisar contra imagen original,"1992ko SAN PEDRO ETA SAN MARTZIAL | JAIETARAKO EGITARAU OFIZIALA | | EKAINAK 23 | S Asteartea Y ueee San Migel Plazatik | | 20,00 Horas: En el Centro Cultural AMAIA, EXTRAORDINARIO CONCIERTO Y DE SAN MARCIAL,a cargo de THIERRY CAENS, trompeta",Todos los documentos del catalogo forman parte del corpus sanmarcialero local; las pistas automaticas deben contrastarse con la fuente original.
e79d06308b5a,1992,1992,Programa de fiestas,1992D,Programa de fiestas,/home/gaizka/Alarde/Programas de fiestas/1992D.pdf,Catalogado con pistas automaticas pendientes de verificacion,Media/baja: OCR visual con pasajes detectados,0,6,6,"1, 2, 3, 4, 5, 6","artilleria, caballeria, companias, mandos, musica, recorrido",Referencia localizada por OCR visual; revisar contra imagen original,"20,00etan: AMAIA Kultur Zentruan, SAN MARTZIALEKO KONTZERTU APAR- TA eskainiko du THIERRY CAENS, tronpetajoleak, Musika | 16,00 Horas: En el Campo de Tiro de San Marcial CAMPEONATO DE IRUN DE MINIFOSO, organizado por la Asociación de Cazadore | 16,00etan: San Martzialeko Tiro Zelaian, ZULO TXIKIKO IRUNGO TXAPELKE- | TA, Bidasoako Ehiztari eta Arrantzale Elkarteak | N a - N- “A Y 28 DE JUNIO Domingo 08,00 Horas: En el Fronton Uranzu XXIV TORNEO INTERNACIONAL DE JUDO, organizado por el | OROI- GARRIA, zikloturista frogaren irteera, San Martzial Zikloturista Elkarteak antolatua.",Todos los documentos del catalogo forman parte del corpus sanmarcialero local; las pistas automaticas deben contrastarse con la fuente original.
a2e5ebeecff4,1992,1992,Programa de fiestas,1992E,Programa de fiestas,/home/gaizka/Alarde/Programas de fiestas/1992E.pdf,Catalogado con pistas automaticas pendientes de verificacion,Media/baja: OCR visual con pasajes detectados,0,6,6,"1, 2, 3, 4, 5, 6","companias, mandos, musica, recorrido, ritual, tamborrada",Referencia localizada por OCR visual; revisar contra imagen original,"| eN | Irun Ana Martín Juste Olga Galan Salgado Marta Amiano Ojeda BANDA BEHOBIA BELASKOENEA EE - — e * = Idoia Zubia Ce | i 12,00 Horas: En las pistas del Tenis Txingudi, finales del XI TORNEO OPEN DE | S SAN MARCIAL - GRAN PREMIO CIUDAD DE I | En =7 Sa A G e 12,00etan: Txingudiko Tenis pistetan, SAN MARTZIALEKO XI. | 10,00 Horas: En la Sala Capitular de la Casa Consistorial, ENTREGA DE BANDERI- NES Y MUNICION a los Capitanes de las Com | 10,00etan: Udaletxeko Areto Nagusian, SAN MARTZIAL ALARDEKO Konpainietako Kapitanei BANDERINAK ETA MUNIZIOAK EMANGO ZAIZ",Todos los documentos del catalogo forman parte del corpus sanmarcialero local; las pistas automaticas deben contrastarse con la fuente original.
36d1c12531e2,1992,1992,Programa de fiestas,1992F,Programa de fiestas,/home/gaizka/Alarde/Programas de fiestas/1992F.pdf,Catalogado con pistas automaticas pendientes de verificacion,Media/baja: OCR visual con pasajes detectados,0,6,6,"1, 2, 3, 4, 5, 6","alarde, caballeria, companias, mandos, musica, recorrido, ritual, tamborrada",Referencia localizada por OCR visual; revisar contra imagen original,"Pasaje localizado por OCR visual | 06,00 Horas: En la Plaza San Juan, LA BANDA DEL ALARDE interpretará la DIA- NA DE VILLARROBLEDO. | urtean zin egindakoa betez, herri-gizon eta apaizen prozesioa irtengo da, San Martzial mendi historikorantz abiatuz | | U | 12,00 Horas: Misa de campaña en el histórico Monte San Marcial. | ] ] € Y ¡ N 0 R EE T e MA S y ¿MA *'xín'¡í'bf- a R E 7 »Y U é_ — 12,00etan: San Martzial mendi historikoan meza.",Todos los documentos del catalogo forman parte del corpus sanmarcialero local; las pistas automaticas deben contrastarse con la fuente original.
c3ee6b2f196a,1992,1992,Programa de fiestas,1992G,Programa de fiestas,/home/gaizka/Alarde/Programas de fiestas/1992G.pdf,Catalogado con pistas automaticas pendientes de verificacion,Media/baja: OCR visual con pasajes detectados,0,6,6,"1, 2, 3, 4, 5, 6","alarde, caballeria, companias, musica, recorrido, ritual",Referencia localizada por OCR visual; revisar contra imagen original,"urtean zin egindakoa betez, herri-gizon eta apaizen prozesioa irlengo da, San Martzial mendi historikorantz i j¡(-u_ 1ru | a 'Qv %e— i | EE 1 4 AA / E O B E 7 D | 12,00 Horas: Misa de campaña en el histórico Monte San Marcial. | N ACE Y A E T| Z GO De 12,00etan: San Martzial mendi historikoan meza. | íifag,;%%& En la Plaza Urdanibia, Final del XIX GRAN PREMIO SAN MARCIAL ;9;*&333¿&* DE TOKA, organizado por Kateko Kirol | 11,30etan: Urdanibia Plazan, SAN MARTZIAL XIX.",Todos los documentos del catalogo forman parte del corpus sanmarcialero local; las pistas automaticas deben contrastarse con la fuente original.
78c075ced0b8,1992,1992,Programa de fiestas,1992H,Programa de fiestas,/home/gaizka/Alarde/Programas de fiestas/1992H.pdf,Catalogado con pistas automaticas pendientes de verificacion,Media/baja: OCR visual con pasajes detectados,0,5,5,"1, 2, 3, 5, 6","alarde, artilleria, caballeria, cantineras, companias, mandos, recorrido",Referencia localizada por OCR visual; revisar contra imagen original,"18,00etan: Uranzu Pilotalekuan, PROFESIONALEN PILOTA PARTIDUAK, KUR- II PIL KIROLAK Elkarteak antolatua waoefm BIDASOAKO | | fa?% UNION RADIO IRUN Y TELYCO - IRUN LES DESEA UNOS FELICES SANMARCIALES TELYCO rr EEE EE )í(nm- | | LOS SANMARCIALES EN CIFRAS g S EEE _ 2.500.000 E| 2:625.300 EN eeez "" %%¿g w%a&%%; EEE Ge ;á%%%%;,%%w%p EE %%%» | aa é | A TENER EN CUENTA 1- Los AUTOBUSES y TAXIS con destino al Monte de San Marcial, el día 30 de Junio, parti- rán de la Cal | 3 E Un nuevo y dinámico concepto en la 1“ I; A a distribución y servicio al sector de la de '* re r 'j._- | Construcción",Todos los documentos del catalogo forman parte del corpus sanmarcialero local; las pistas automaticas deben contrastarse con la fuente original.
f4db98a4c9ae,1992,1992,Programa de fiestas,1992I,Programa de fiestas,/home/gaizka/Alarde/Programas de fiestas/1992I.pdf,Catalogado con pistas automaticas pendientes de verificacion,Media/baja: OCR visual con pasajes detectados,0,3,3,"2, 3, 4","companias, mandos, musica, ritual",Referencia localizada por OCR visual; revisar contra imagen original,"Pasaje localizado por OCR visual | | TIROS SUELTOS Reunidos los Capitanes y Mandos de las distintas Compañías, y ante la proximidad de la celebra- ción de | 12,00 Horas: En el Campo de Futbol de San Miguel V TORNEO DE FUTBOL SAN PEDRO Y SAN MARCIAL, organizado por la S.D.",Todos los documentos del catalogo forman parte del corpus sanmarcialero local; las pistas automaticas deben contrastarse con la fuente original.
dcea10496539,1992,1992-03-01,Bidasoan - PH IRUN 0002,1992-03-01,Prensa o revista,/home/gaizka/Alarde/Revistas y periodicos/1992/1992-03-01 - Bidasoan - PH IRUN 0002.pdf,Catalogado con pistas automaticas pendientes de verificacion,Alta: texto extraido del PDF,0,4,0,,"Alarde, companias, mandos",Referencia localizada por barrido textual,"Antigua borda, hoy en ruinas, situada a pocajdistancia de la campa de San Marcial. Los carlistas realizaron en Boténeko | flanqueaban el avance del Estado Mayor replicaban a la ayudante a Pedro Eguren, de Mendelu. | florenea"". ""Elenenea"". ""Estebenea"". ""Garcienea"". ""G om - el 107 % en Meacar; 7 entre 57. es decir el | nuestro próximo número de San Marcial en el que, como casi siempre, daremos en el clavo.",Todos los documentos del catalogo forman parte del corpus sanmarcialero local; las pistas automaticas deben contrastarse con la fuente original.
5c77ff5e03a8,1992,1992-06-01,Bidasoan - PH IRUN 0002,1992-06-01,Prensa o revista,/home/gaizka/Alarde/Revistas y periodicos/1992/1992-06-01 - Bidasoan - PH IRUN 0002.pdf,Catalogado con pistas automaticas pendientes de verificacion,Alta: texto extraido del PDF,0,7,0,,"Alarde, cantineras, companias, mandos, ritual",Referencia localizada por barrido textual,"FIESTA DE SAN MARCIAL 1.992 | GORA SAN MARTZIAL !!! | NARIO CONCIERTO DE SAN MARCIAL, a cargo de | Pag.32- Mugako Herriak. Pag.83- La cantinera anunciada.(A.Francés) | Un año más me ha cabido el honor de ser el General del Aurten ere San Martzial Alardeko Jenerala izateko ohorea",Todos los documentos del catalogo forman parte del corpus sanmarcialero local; las pistas automaticas deben contrastarse con la fuente original.
01cb1e8c5837,1992,1992-06-30,Egunkaria,1992-06-30,Prensa o revista,/home/gaizka/Alarde/Revistas y periodicos/1992/1992-06-30 - Egunkaria.pdf,Catalogado con pistas automaticas pendientes de verificacion,Alta: texto extraido del PDF,0,6,0,,"Alarde, companias, musica, ritual",Referencia localizada por barrido textual,"Bandak Villarrobledoren Diana | SAN MARTZIAL EGUNA IRUNEN; SAN PEDROAK ORIO, ESKORIATZA ETA ERREKALDEN / i-iv | San Martzial eguna, 1522. urteko ekainaren 30ean | soinean, San Martzial pa- | tu, Uranzu, Meaka, Belas- behar ditu Alardeak: unifor-",Todos los documentos del catalogo forman parte del corpus sanmarcialero local; las pistas automaticas deben contrastarse con la fuente original.
cd492de146bb,1992,1992-07-01,Egunkaria,1992-07-01,Prensa o revista,/home/gaizka/Alarde/Revistas y periodicos/1992/1992-07-01 - Egunkaria.pdf,Catalogado con pistas automaticas pendientes de verificacion,Alta: texto extraido del PDF,0,6,0,,"Alarde, companias, musica, ritual",Referencia localizada por barrido textual,"Goizeko ekitaldia bukatuta, ai/.koradun taldea ( hacheroak ) aurrean zutela abiatu ziren denak San M | Villarobledoren Diana, eta segi- | agertu zen José Antonio niak, San Martzialeko ermita- | agindura, San Martzial eguna zela eta. 1522k0 ekainaren 30ean santuari agindu zioten | ratu eta su egiteko agindua eman San Martzial, Kale Nagusia, Fue-",Todos los documentos del catalogo forman parte del corpus sanmarcialero local; las pistas automaticas deben contrastarse con la fuente original.
70a92452dfd6,1992,1992-07-02,Egunkaria,1992-07-02,Prensa o revista,/home/gaizka/Alarde/Revistas y periodicos/1992/1992-07-02 - Egunkaria.pdf,Catalogado; pendiente de indice humano,Alta: texto extraido del PDF,0,0,0,,,,,Todos los documentos del catalogo forman parte del corpus sanmarcialero local; las pistas automaticas deben contrastarse con la fuente original.
002570bdd723,1992,1992-09-01,Bidasoan - PH IRUN 0002,1992-09-01,Prensa o revista,/home/gaizka/Alarde/Revistas y periodicos/1992/1992-09-01 - Bidasoan - PH IRUN 0002.pdf,Catalogado con pistas automaticas pendientes de verificacion,Alta: texto extraido del PDF,0,8,0,,"Alarde, cantineras, companias, mandos, musica, ritual",Referencia localizada por barrido textual,"17,30 h.- Las fuerzas del Alarde regresarán a la ciudad, | Ayuntam iento, dirigido o la Junta del Alarde. | Compañía Gora Gasteak ! | DIA 6 - DOMINGO | Edificio ""ETXE-ARROSA"" ¡lY ahora... CON LAS NOVEDADES DE OTOÑO-INVIERNO!!",Todos los documentos del catalogo forman parte del corpus sanmarcialero local; las pistas automaticas deben contrastarse con la fuente original.
4613a17e0a9f,1992,1992-12-01,Bidasoan - PH IRUN 0002,1992-12-01,Prensa o revista,/home/gaizka/Alarde/Revistas y periodicos/1992/1992-12-01 - Bidasoan - PH IRUN 0002.pdf,Catalogado con pistas automaticas pendientes de verificacion,Alta: texto extraido del PDF,0,3,0,,"companias, ritual",Referencia localizada por barrido textual,"DE JOSE MARI CASTILLO | Kosta, pasaron junto a la ermita y con todas to! • Excelente retrato de Bernardino Bienabe | en el caserío, “ Zabaleta-Berri” , que sus compañeros y amigos de Partido, tomasen la iniciativa",Todos los documentos del catalogo forman parte del corpus sanmarcialero local; las pistas automaticas deben contrastarse con la fuente original.
dbe417b97b80,1993,1993,El Irunés - Año 5 - Numero 21,1993,Prensa o revista,/home/gaizka/Alarde/Revistas y periodicos/1993/1993 - El Irunés - Año 5 - Numero 21.pdf,Catalogado con pistas automaticas pendientes de verificacion,Alta: texto extraido del PDF,0,5,0,,"Alarde, companias, mandos",Referencia localizada por barrido textual,"La gente de Iparralde ha sabido de San Marcial o el de la Virgen seminarios con este enfoque hacia | cho tiempo. Las nuevas calles y que acordonaban la gran hogue­ ra piedra. Se celebró un Alarde. | medievales: la terrestre que ve­ No h a b le m o s más de la Guendica, caballero de la Orden | nar con su capitán, se hicieron des de la iglesia y su escudo se | san marcial y se taponó la subi­ Cien Mil Hijos de san Luis. Aún ser el lugar más representativo",Todos los documentos del catalogo forman parte del corpus sanmarcialero local; las pistas automaticas deben contrastarse con la fuente original.
429dc2a611e6,1993,1993,El Irunés - Año 5 - Numero 22,1993,Prensa o revista,/home/gaizka/Alarde/Revistas y periodicos/1993/1993 - El Irunés - Año 5 - Numero 22.pdf,Catalogado con pistas automaticas pendientes de verificacion,Alta: texto extraido del PDF,0,6,0,,"cantineras, companias, mandos, musica, ritual",Referencia localizada por barrido textual,"Cultural Amaia, Exposición de Dibujos sobre el Alarde de 18.30 Horas: Finales del 41 e CAMPEONATO KUR- | DIA 24 DE JUNIO (JUEVES) lebrará el XXIV GRAN PREMIO SAN MARCIAL DE HAL­ | FIESTAS DE SAN MARCIAL ............................................................................................ 45 | PITO, organizado por la Sociedad Cicloturista San Marcial. Santa Elena (Larreaundi), proyección de la película “Tras el | Redacción - EL PRIMER PARTIDO INERNACIONAL",Todos los documentos del catalogo forman parte del corpus sanmarcialero local; las pistas automaticas deben contrastarse con la fuente original.
16aec1f74e92,1993,1993,El Irunés - Año 5 - Numero 23,1993,Prensa o revista,/home/gaizka/Alarde/Revistas y periodicos/1993/1993 - El Irunés - Año 5 - Numero 23.pdf,Catalogado con pistas automaticas pendientes de verificacion,Alta: texto extraido del PDF,0,6,0,,"Alarde, cantineras, companias, mandos, musica, ritual",Referencia localizada por barrido textual,"A L F O N S O M . O R O N O Z A L K A IN | Alarde. | CABO HACHEROS ALARDE 1993 | DIANA. 21,00etan ERRAMUN M ARTIKO RENA ETA M IKEL MARKEZen | El séptimo puente..................................... 11 Arretxe) cantineras del barrio Anaka......",Todos los documentos del catalogo forman parte del corpus sanmarcialero local; las pistas automaticas deben contrastarse con la fuente original.
67d629530d43,1993,1993,El Irunés - Año 5 - Numero 24,1993,Prensa o revista,/home/gaizka/Alarde/Revistas y periodicos/1993/1993 - El Irunés - Año 5 - Numero 24.pdf,Catalogado con pistas automaticas pendientes de verificacion,Alta: texto extraido del PDF,0,6,0,,"cantineras, companias, mandos, ritual",Referencia localizada por barrido textual,"Fiestas de las ex-cantineras del Alarde de PorJ. M. Busca Isusi | Inés Rekejo, María Jesús Caballero, | PABLO ARRIETA | Presidencia de la Atzegiña, en la fiesta de las Ex-cantineras del Alarde de San l\/larcial. (Foto | había de ser por parte de los iruneses. Municipal de Música y el Cabildo Parro­ J.A.L.",Todos los documentos del catalogo forman parte del corpus sanmarcialero local; las pistas automaticas deben contrastarse con la fuente original.
8ea279cba4b6,1993,1993,Programa de fiestas,1993A,Programa de fiestas,/home/gaizka/Alarde/Programas de fiestas/1993A.pdf,Catalogado con pistas automaticas pendientes de verificacion,Media/baja: OCR visual con pasajes detectados,0,1,1,5,alarde,Referencia localizada por OCR visual; revisar contra imagen original,Os convoco a que los sentimien- d tos de unión y de solidaridad sean los que de manera especial presidan estas fiestas d,Todos los documentos del catalogo forman parte del corpus sanmarcialero local; las pistas automaticas deben contrastarse con la fuente original.
19c536edcd7b,1993,1993,Programa de fiestas,1993B,Programa de fiestas,/home/gaizka/Alarde/Programas de fiestas/1993B.pdf,Catalogado con pistas automaticas pendientes de verificacion,Media/baja: OCR visual con pasajes detectados,0,5,5,"1, 2, 3, 4, 5","alarde, companias, mandos, recorrido",Referencia localizada por OCR visual; revisar contra imagen original,"N año más me dirijo a todos vosotros con motivo de la celebración de la tradicionales | fiestas de San Pedro y San Marci | EVADORA | * DUMPER DE OBRA * ELEVADORES MONTAJES MONTANET s urrr _ * CASETA DE OBRA » ANDAMIOS TUBULARES © SERVICIO OFIC | Como General del Alarde, mis sentimientos Alardeko Jenerala naizen aldetik esker ona, son de agradecimiento, responsabil | 19,00 horas: — En la Sala de Exposiciones del Centro Cultural Amaia, Exposición de Di- bujos sobre el Alarde de San Marc | 19,00etan: Amaia Kultur Zentruko Erakusketa Aretoan, San Martzial Alardeari buruz- ko Marrazki Erakusketa izango da, Men",Todos los documentos del catalogo forman parte del corpus sanmarcialero local; las pistas automaticas deben contrastarse con la fuente original.
703c6c157d23,1993,1993,Programa de fiestas,1993C,Programa de fiestas,/home/gaizka/Alarde/Programas de fiestas/1993C.pdf,Catalogado con pistas automaticas pendientes de verificacion,Media/baja: OCR visual con pasajes detectados,0,3,3,"4, 5, 6","companias, recorrido",Referencia localizada por OCR visual; revisar contra imagen original,"20,00 horas: En el Centro Cultural Amaia, CONCIERTO EXTRAORDINARIO DE SAN MARCIAL a cargo de la Orquesta Sinfónica de Eu | 20,00etan: — Amaia Kultur Zentruan SAN MARTZIALEKO KONTZERTU APARTA es- kainiko du Euskadiko Orkestra Sinfonikoak. | 10,30 horas: En el frontón Municipal Uranzu se celebrará el XXIV GRAN PREMIO SAN MARCIAL DE HALTEROFILIA, organizado por",Todos los documentos del catalogo forman parte del corpus sanmarcialero local; las pistas automaticas deben contrastarse con la fuente original.
9d0dc4f99a10,1993,1993,Programa de fiestas,1993D,Programa de fiestas,/home/gaizka/Alarde/Programas de fiestas/1993D.pdf,Catalogado con pistas automaticas pendientes de verificacion,Media/baja: OCR visual con pasajes detectados,0,4,4,"1, 2, 3, 6","cantineras, companias, musica, recorrido",Referencia localizada por OCR visual; revisar contra imagen original,"IGOALDI ATLETIKOA SAN MARTZIALE- RA, Bidasoako Atletiko Taldeak antolatua. | 8,00 horas: Desde el Frontón Uranzu, salida de la prueba cicloturista del DIA DEL PEDAL - I| MEMORIAL PEPITO, organizado | 8,00etan: Uranzu Pilotalekutik IRUNGO PEDAL EGUNA - PEPITOREN lI. | 22,00 horas: Salida de las Fanfarres LOS TRANKILOS, LOS PEROLAS Y ELIZATXO que recorrerán diversas calles de la ciudad 2",Todos los documentos del catalogo forman parte del corpus sanmarcialero local; las pistas automaticas deben contrastarse con la fuente original.
6fd2976e2304,1993,1993,Programa de fiestas,1993E,Programa de fiestas,/home/gaizka/Alarde/Programas de fiestas/1993E.pdf,Catalogado con pistas automaticas pendientes de verificacion,Media/baja: OCR visual con pasajes detectados,0,4,4,"2, 4, 5, 6","artilleria, caballeria, companias, mandos, musica, recorrido, ritual, tamborrada",Referencia localizada por OCR visual; revisar contra imagen original,"N Saioa Urbistondo Alvarez un AMA XANTALEN Nerea Ugarte Imaz Virginia Lasagabaster Olazabal Eva Goujar Arias ANAKA BATER | 10,00 horas: En la Sala Capitular de la Casa Consistorial, ENTREGA DE BANDERI- NES Y MUNICION a los Capitanes de las Com | 10,00etan: — Udaletxeko Areto Nagusian SAN MARTZIAL ALARDEKO Konpainietako Kapitanei BANDERINAK ETA MUNIZIOAK EMANGO ZAI | 16,00 horas: REVISTA de las FUERZAS DEL ALARDE por el GENERAL Y GU ESTA- DO MAYOR.",Todos los documentos del catalogo forman parte del corpus sanmarcialero local; las pistas automaticas deben contrastarse con la fuente original.
3bf971dd48b8,1993,1993,Programa de fiestas,1993F,Programa de fiestas,/home/gaizka/Alarde/Programas de fiestas/1993F.pdf,Catalogado con pistas automaticas pendientes de verificacion,Media/baja: OCR visual con pasajes detectados,0,6,6,"1, 2, 3, 4, 5, 6","alarde, companias, mandos, musica, recorrido, ritual, tamborrada",Referencia localizada por OCR visual; revisar contra imagen original,"24,00etan: — Ohizko bideetan zehar KALE-JIRA, «IRUN HIRIA» MUSIKA BANDA EL- | KARTEAk, LOS PEROLAS, LOS TRANKILOS fanfar | | 6,00 horas: En la Plaza San Juan, LA BANDA DEL ALARDE interpretará la DIANA | DE VILLARROBLEDO. | urtean zin egindakoa betez, herri-gizon eta apaizen prozesioa irtengo da, San Martzial mendi historikorantz abiatuz. | 12,00 horas: Misa de campaña en el histórico Monte San Marcial. | N d A 7 y A 5;[ ; r — — T » = y ' ¡ EA7 d u — 12,00etan: San Martzial mendi historikoan meza.",Todos los documentos del catalogo forman parte del corpus sanmarcialero local; las pistas automaticas deben contrastarse con la fuente original.
c2532de10d3e,1993,1993,Programa de fiestas,1993G,Programa de fiestas,/home/gaizka/Alarde/Programas de fiestas/1993G.pdf,Catalogado con pistas automaticas pendientes de verificacion,Media/baja: OCR visual con pasajes detectados,0,5,5,"1, 2, 3, 4, 5","alarde, companias, musica, recorrido",Referencia localizada por OCR visual; revisar contra imagen original,"Pasaje localizado por OCR visual | Pasaje localizado por OCR visual | Pasaje localizado por OCR visual | E .¡&I¡¡“, a e ¿0r O ee el NA -»'*f% S EEE EKZ E- CRE t a Los BOES les desean Felices San Marciales n b í | SANMARTZIALAK ZIFRETAN - LOS SANMARCIALES EN CIFRAS KARTELA ETA EGITARAUA / CARTEL Y PROGRAMA 21.000 jai egitarau, hirik",Todos los documentos del catalogo forman parte del corpus sanmarcialero local; las pistas automaticas deben contrastarse con la fuente original.
2451a6c1df86,1993,1993,Programa de fiestas,1993H,Programa de fiestas,/home/gaizka/Alarde/Programas de fiestas/1993H.pdf,Catalogado con pistas automaticas pendientes de verificacion,Media/baja: OCR visual con pasajes detectados,0,4,4,"1, 2, 3, 5","alarde, cantineras, companias, mandos, musica, recorrido, ritual",Referencia localizada por OCR visual; revisar contra imagen original,"Los AUTOBUSES y TAXIS con destino al Monte San Marcial, el día 30 de junio, partirán de la calle Bertsolari Uztapide, fr | Pasaje localizado por OCR visual | rojo, blanco y negro del uniforme IN ) G g¡ sanmarcialero y del gris blanquecino del . | — Miilmx sáai«iicHEÁd2€ltti-tssR iaÉ 5 ANOSDELA J 0 ALBORADA ALBORADAK URTE Nació de forma improvisada y ya es imposible",Todos los documentos del catalogo forman parte del corpus sanmarcialero local; las pistas automaticas deben contrastarse con la fuente original.
e0b286d622ac,1993,1993,Programa de fiestas,1993I,Programa de fiestas,/home/gaizka/Alarde/Programas de fiestas/1993I.pdf,Catalogado con pistas automaticas pendientes de verificacion,Media/baja: OCR visual con pasajes detectados,0,4,4,"1, 4, 5, 6","alarde, companias",Referencia localizada por OCR visual; revisar contra imagen original,"Ante todos nosotros se presenta una nueva ocasión de celebrar San Marcial que, pese a ofrecérsenos todos los años, en ca | 5 Ée e ”?”fº% — [ E a | | CIVDAD DE IRVN | FIESTAS DE SAN PEDRO Y SAN MARCIAL | 5953 D | AYUNTAMIENTO E2 IRUNGO q DE IEU | Txapelketaren barnean, «Onenak gara» 19 A las 16,00 horas, en el Polideportivo haurrentzako filmea ikusteko aukera Munic | 9 EXPOSICION 2001 ANGKOR-CAMBO- - YA, que permanecerá abierta hasta el GE 20,00etan SAN MARTZIALEKO KON- AEAZ TZERTU APA",Todos los documentos del catalogo forman parte del corpus sanmarcialero local; las pistas automaticas deben contrastarse con la fuente original.
1691cc2e95ec,1993,1993-02-01,El Irunés - Año 5 - Numero 20,1993-02-01,Prensa o revista,/home/gaizka/Alarde/Revistas y periodicos/1993/1993-02-01 - El Irunés - Año 5 - Numero 20.pdf,Catalogado con pistas automaticas pendientes de verificacion,Alta: texto extraido del PDF,0,6,0,,"Alarde, companias, ritual",Referencia localizada por barrido textual,"A duana el Ferrocarril y una ur­ Irún de los servicios y las zonas de realidades que nos permita no | Compañía era la construcción ban reuniones y asambleas y | Febrero de 1896 se constituyó la “Compañía del Tranvía de | Una visita a la A /ISK(jINA, en ('/. San Marcial, 9 | panorámica del Monte de San Marcial",Todos los documentos del catalogo forman parte del corpus sanmarcialero local; las pistas automaticas deben contrastarse con la fuente original.
12f5e3d0d8b6,1993,1993-03-01,Bidasoan - PH IRUN 0002,1993-03-01,Prensa o revista,/home/gaizka/Alarde/Revistas y periodicos/1993/1993-03-01 - Bidasoan - PH IRUN 0002.pdf,Catalogado con pistas automaticas pendientes de verificacion,Alta: texto extraido del PDF,0,5,0,,companias,Referencia localizada por barrido textual,"Bixente Estomba, acompañados p o r el su in fo rtu n io ! Rápidamente calculó | Javier, el irunéS de “ Ama Shantalen” , po r si fuera poco, había elevado al equipo ovetense a las c | Nuestra más cordial enhorabuen ra nuestro ilustre veterano compañero. | que el casero acompañante, le re ­ que se hizo fue rodear con cadenas catadas y plasmadas para la po | • VENTA DE MATERIAL FOTOGRAFICO",Todos los documentos del catalogo forman parte del corpus sanmarcialero local; las pistas automaticas deben contrastarse con la fuente original.
a6fa90760a12,1993,1993-06-01,Bidasoan - PH IRUN 0002,1993-06-01,Prensa o revista,/home/gaizka/Alarde/Revistas y periodicos/1993/1993-06-01 - Bidasoan - PH IRUN 0002.pdf,Catalogado con pistas automaticas pendientes de verificacion,Alta: texto extraido del PDF,0,7,0,,"Alarde, cantineras, companias, mandos, musica",Referencia localizada por barrido textual,"09.00 Horas: En el Cam po de T iro de San Marcial PRE­ Elena (Larreaundi), proyección de la película “ Tras | A larde de San Marcial presentados p o r Mensu, y ex­ | Como General del Alarde, mis sentimientos son de agradecimiento, responsabilidad y preocupa­ | Edita: Tom pes, S.L bitual Fermín Berrouet, un momento del desfile de San Marcial | Pág. 12 • (Qué es el Alarde! (E. Ruiz) Pág. 54 • Austria",Todos los documentos del catalogo forman parte del corpus sanmarcialero local; las pistas automaticas deben contrastarse con la fuente original.
81b56d70fb3d,1993,1993-06-30,Egunkaria,1993-06-30,Prensa o revista,/home/gaizka/Alarde/Revistas y periodicos/1993/1993-06-30 - Egunkaria.pdf,Catalogado con pistas automaticas pendientes de verificacion,Alta: texto extraido del PDF,0,6,0,,"Alarde, companias, musica, ritual",Referencia localizada por barrido textual,"Irundarrek gaur ospatuko dute 6.00 San Joan plazan Alarde- | San Martzial men- | San Martzial mendirako ibilbidea hasteko. Alardea da jaietako ardatza eta muina Irunen, eta jendeaerruz | Sanmartzialak San Martzial Alardearekin parekorik ez duen ekitaldia izango da gaur | egun bakarrerako soldaduek San Martzial mendirako joan-etorria egin",Todos los documentos del catalogo forman parte del corpus sanmarcialero local; las pistas automaticas deben contrastarse con la fuente original.
93b8fef26792,1993,1993-07-01,Egunkaria,1993-07-01,Prensa o revista,/home/gaizka/Alarde/Revistas y periodicos/1993/1993-07-01 - Egunkaria.pdf,Catalogado con pistas automaticas pendientes de verificacion,Alta: texto extraido del PDF,0,4,0,,"Alarde, companias, musica",Referencia localizada por barrido textual,"San Martzial | San Martzial mendirako bidea | bitartean, Alardearekin. San Martzial mendirako joan-etorria, | dianarekin batera zabalduko Sanmartzialetako ekitaldi jendetsuena izan da aurten ere Alardea, eta",Todos los documentos del catalogo forman parte del corpus sanmarcialero local; las pistas automaticas deben contrastarse con la fuente original.
101b928fd84a,1993,1993-09-01,Bidasoan - PH IRUN 0002,1993-09-01,Prensa o revista,/home/gaizka/Alarde/Revistas y periodicos/1993/1993-09-01 - Bidasoan - PH IRUN 0002.pdf,Catalogado con pistas automaticas pendientes de verificacion,Alta: texto extraido del PDF,0,8,0,,"Alarde, cantineras, companias, mandos, musica, ritual",Referencia localizada por barrido textual,"Bastón de Mando al Burgomaestre del Alarde. | C oordina: Juan Ignacio Viedma En la imagen cedida por J. M. GARM ENDIA. Un momento del alarde de Tropas en la Plaza | D IA 8 - M IE R C O L E S | I 1,30: TAMBORRADA INFANTIL que acompañada por | I 7,30: Las fuerzas del Alarde regresarán a la Ciudad, ve­",Todos los documentos del catalogo forman parte del corpus sanmarcialero local; las pistas automaticas deben contrastarse con la fuente original.
01a4b4419afb,1993,1993-12-01,Bidasoan - PH IRUN 0002,1993-12-01,Prensa o revista,/home/gaizka/Alarde/Revistas y periodicos/1993/1993-12-01 - Bidasoan - PH IRUN 0002.pdf,Catalogado con pistas automaticas pendientes de verificacion,Alta: texto extraido del PDF,0,4,0,,"Alarde, companias, ritual",Referencia localizada por barrido textual,"Publicidad: Emilio Castillo (Tel.: 64 45 65) xima a la ermita de Santa Elena, pertenece a José Mari | Pág. 68 • Club de T iro San Marcial (Meazuri) | Tras las consabidas peripecias del largo viaje, Juan y Agustín, pleno desierto, acompañado de sus im | car que en su viaje de vacaciones, le acompañaron un tal",Todos los documentos del catalogo forman parte del corpus sanmarcialero local; las pistas automaticas deben contrastarse con la fuente original.
e682400160ad,1994,1994,El Irunés - Año 6 - Numero 25,1994,Prensa o revista,/home/gaizka/Alarde/Revistas y periodicos/1994/1994 - El Irunés - Año 6 - Numero 25.pdf,Catalogado con pistas automaticas pendientes de verificacion,Alta: texto extraido del PDF,0,7,0,,"Alarde, companias, mandos, musica, ritual",Referencia localizada por barrido textual,"El joven irunés Juan Ignacio Larru- ALARDE DE HONDARRIBIA Es un sacerdote navarro que tiene algu­ | Pesqueros descargando en Hondarribia. | así como una expresividad espléndida, BODAS EN LA ERMITA SAN SEGUNDO MUSEO | ción, cuyo coste ha ascendido a cerca La Ermita San Marcial fue construida talaciones complementarias. | dos compañeros de cocina, el destaca­",Todos los documentos del catalogo forman parte del corpus sanmarcialero local; las pistas automaticas deben contrastarse con la fuente original.
580124199ece,1994,1994,El Irunés - Año 6 - Numero 26,1994,Prensa o revista,/home/gaizka/Alarde/Revistas y periodicos/1994/1994 - El Irunés - Año 6 - Numero 26.pdf,Catalogado con pistas automaticas pendientes de verificacion,Alta: texto extraido del PDF,0,5,0,,"Alarde, companias, mandos, ritual",Referencia localizada por barrido textual,"APOSTOLICA En el domicilio social de San Marcial | Guiller Disparate en torno al Alarde y sus Sociedad de Pelota Vasca 70 | Hotel LINTZIRIN | Tras la presentación de sus progra­ En blanco 2 votos | musical que ha realizado, recientemen­ números 8 y Í2 , Compañía de Esquia­ cruzar el Canal de La Ma",Todos los documentos del catalogo forman parte del corpus sanmarcialero local; las pistas automaticas deben contrastarse con la fuente original.
693f82545bd1,1994,1994,El Irunés - Año 6 - Numero 27,1994,Prensa o revista,/home/gaizka/Alarde/Revistas y periodicos/1994/1994 - El Irunés - Año 6 - Numero 27.pdf,Catalogado con pistas automaticas pendientes de verificacion,Alta: texto extraido del PDF,0,8,0,,"Alarde, cantineras, companias, mandos, ritual",Referencia localizada por barrido textual,"18.00 Horas: XVIII SUBIDA ATLETICA A SAN MARCIAL, 18.00 Horas: VI DIA DE LA MUSICA. Desfile de los grupos | INTERNACIONAL SAN MARCIAL DE JUDO, en el Templo del Sol"". | José de Alzuri a excesiva ve lo cida d ..................... 20 del Alarde de San M arcial?........... 47 | Programa de las Fiestas Cantineras del Alarde de | Recuerdo al Capitán de Santiago",Todos los documentos del catalogo forman parte del corpus sanmarcialero local; las pistas automaticas deben contrastarse con la fuente original.
531ff299a9d0,1994,1994,Programa de fiestas,1994A,Programa de fiestas,/home/gaizka/Alarde/Programas de fiestas/1994A.pdf,Catalogado con pistas automaticas pendientes de verificacion,Media/baja: OCR visual con pasajes detectados,0,1,1,5,alarde,Referencia localizada por OCR visual; revisar contra imagen original,Truneses Inimdarrok: a Como cada año me dirijo a vosotros desde Urtero bezala lerro y estas líneas para unirme en la com,Todos los documentos del catalogo forman parte del corpus sanmarcialero local; las pistas automaticas deben contrastarse con la fuente original.
7ad0afd49c48,1994,1994,Programa de fiestas,1994B,Programa de fiestas,/home/gaizka/Alarde/Programas de fiestas/1994B.pdf,Catalogado con pistas automaticas pendientes de verificacion,Media/baja: OCR visual con pasajes detectados,0,5,5,"1, 3, 4, 5, 6","alarde, companias, mandos, recorrido",Referencia localizada por OCR visual; revisar contra imagen original,"dagoeneko paréntesis de reflexión y nostalgia motivada por el gure artean ez dauden Sanmartzialetako irudi eta recuerdo | Alarde. | 18,00 Horas: - En el Centro Cultural Amaia, Exposición sobre "" Historia del Alarde de San Marcial "". | 18,00emn: Amaia Kultur Zentruan ""San Martzialeko Alardearen Historia"" Erakusketa cegongo da ikusgai. | Letxunborro, Edificio Paotxa, Nave 43 - B Anaka - Tel: 61 94 51 - (908) 77 21 16 - 20303 IRUN (Gipuzkoa) * ESCALERAS, ET",Todos los documentos del catalogo forman parte del corpus sanmarcialero local; las pistas automaticas deben contrastarse con la fuente original.
3043d3d177db,1994,1994,Programa de fiestas,1994C,Programa de fiestas,/home/gaizka/Alarde/Programas de fiestas/1994C.pdf,Catalogado con pistas automaticas pendientes de verificacion,Media/baja: OCR visual con pasajes detectados,0,5,5,"2, 3, 4, 5, 6","companias, recorrido",Referencia localizada por OCR visual; revisar contra imagen original,"\ | | | | 09,00 Horas: - En el Campo Municipal de Tiro PREMIO INTERNACIONAL SAN MARCIAL | f DESKEET OLIMPICO, organizado | — — 09,00etan: — Udal Tiro Zelaian SAN MARTZIALETAKO SKEET OLINPIKOAREN ñ NAZIOARTEKO SARIA, San Martzial Tiro Klubak an | | i i 09,00 Horas: - En la Calle Luis Mariano permanecerán los coches participantes en el RALLYE I F BIDASOA-TXINGUDI, o | 09,00efa.n Udal Tiro Zelaian SAN MARTZIALETAKO SKEET OLINPIKOAREN "" NAZIOARTEKO SARIA izango da San Martzial Tiro Klubak | 18,00 Horas: SIU SUBIDA ATLETICA A SAN MARCIAL, organizada por Bidasoa | IT Atietiko Taldea, con salida desde la Plaza U",Todos los documentos del catalogo forman parte del corpus sanmarcialero local; las pistas automaticas deben contrastarse con la fuente original.
65cd251057a4,1994,1994,Programa de fiestas,1994D,Programa de fiestas,/home/gaizka/Alarde/Programas de fiestas/1994D.pdf,Catalogado con pistas automaticas pendientes de verificacion,Media/baja: OCR visual con pasajes detectados,0,3,3,"1, 2, 3","companias, recorrido",Referencia localizada por OCR visual; revisar contra imagen original,"QG, efan: — Udal Kiroldegian SAN MARTZIAL JAIETAKO TOP12 Mahai Tenis Txapelketa, NA Lekaenea Mahai Tenis Elkarteak antol | 08,00 Horas: En el Polideportivo Municipal XXVI TORNEO INTERNACIONAL SAN MARCIAL DE JUDO, organizado por el Judo Club Ma | MENDIKO MARTXA ARAUTUA izango da Irungo O Mendizale Elkarteak antolatuta, 08,00etan: — Udal Kiroldegian SAN MARTZIALETAK",Todos los documentos del catalogo forman parte del corpus sanmarcialero local; las pistas automaticas deben contrastarse con la fuente original.
1bb0aafd2e26,1994,1994,Programa de fiestas,1994E,Programa de fiestas,/home/gaizka/Alarde/Programas de fiestas/1994E.pdf,Catalogado con pistas automaticas pendientes de verificacion,Media/baja: OCR visual con pasajes detectados,0,5,5,"1, 2, 3, 4, 6","artilleria, caballeria, cantineras, companias, mandos, musica, recorrido, ritual, tamborrada",Referencia localizada por OCR visual; revisar contra imagen original,"Pasaje localizado por OCR visual | N E en ¡ al- (I | Maite GARMENDIA AMIANO L | TAMBORRADA irun "" al | A N a .' EI SUZ ALBERCA Marina DE LEON ARDANUY Marta | =7 — Amaia HIGUERAS GUERRERO M Rosa ZABALO URTXEGI Anabel SANTOS GOÑI VENTAS MEAKA BIDASOA Nerea ALBERDI ALFONSO Estibal | ZS,WHQI;ES: La Agrupación Cultural BANDA DE MUSICA ""CIUDAD DE IRUN"", y las ñ Fanfarres LOS TRANKILOS, LOS PEROLAS y ELIZ | 10,00 Horas: - En la Sala Capitular de la Casa Consistorial, ENTREGA DE BANDERINES Y | GEE MUNICIÓN a los Capitanes de l",Todos los documentos del catalogo forman parte del corpus sanmarcialero local; las pistas automaticas deben contrastarse con la fuente original.
511844b61d7b,1994,1994,Programa de fiestas,1994F,Programa de fiestas,/home/gaizka/Alarde/Programas de fiestas/1994F.pdf,Catalogado con pistas automaticas pendientes de verificacion,Media/baja: OCR visual con pasajes detectados,0,6,6,"1, 2, 3, 4, 5, 6","alarde, companias, mandos, musica, recorrido, ritual, tamborrada",Referencia localizada por OCR visual; revisar contra imagen original,"10,00efaná — Udaletxeko Areto Nagusian SAN MARTZIAL ALARDEKO Konpainietako O Kapitanci BANDERINAK ETA MUNIZIOAK EMANGO Z | | 12,311}1%;:;5:: En la Plaza San Juan, TRADICIONAL CONCIERTO DE SAN PEDRO a cargo N II b Agrupación Cultural Banda de M | Pasaje localizado por OCR visual | E 05,00 Floras: - Txalaparta en diferentes barrios | 06,00 Horas: En la Plaza San Juan, LA BANDA DEL ALARDE interpretará | urtean zin egindakoa betez, herri-gizon cta apaizen prozesioa irtengo da, San Martzial mendi historikorantz abiatuz.",Todos los documentos del catalogo forman parte del corpus sanmarcialero local; las pistas automaticas deben contrastarse con la fuente original.
68a0437fa7b3,1994,1994,Programa de fiestas,1994G,Programa de fiestas,/home/gaizka/Alarde/Programas de fiestas/1994G.pdf,Catalogado con pistas automaticas pendientes de verificacion,Media/baja: OCR visual con pasajes detectados,0,5,5,"1, 2, 3, 4, 5","companias, musica, recorrido",Referencia localizada por OCR visual; revisar contra imagen original,"12,00etan: — San Martzial mendi historikoan meza. | | 17,00!1_,_'%: En la Plaza de Urdanibia IV CONCURSO DEL BIDASOA DE BAILE A LO IE SUELTO POR PAREJAS, organizado por Mea | Pasaje localizado por OCR visual | Pasaje localizado por OCR visual | Pasaje localizado por OCR visual",Todos los documentos del catalogo forman parte del corpus sanmarcialero local; las pistas automaticas deben contrastarse con la fuente original.
c56870d22876,1994,1994,Programa de fiestas,1994H,Programa de fiestas,/home/gaizka/Alarde/Programas de fiestas/1994H.pdf,Catalogado con pistas automaticas pendientes de verificacion,Media/baja: OCR visual con pasajes detectados,0,7,7,"1, 3, 4, 5, 6, 7, 10","alarde, companias, recorrido, ritual",Referencia localizada por OCR visual; revisar contra imagen original,"itarán 14 — kaleak etengabe girotzen Fanfarres que animarán sin cesar nuestras 1.3538.000 calles ORKESTRAK ETA BERBENAK | g &á_ - —- Ciudad de lrún FIESTAS DE SAN PEDRO Y SAN MARCIAL ' 1960 | IRUNGO AYUNTAMIENTO | Los AUTOBUSES y TAXIS con destino al Ekainaren 30ean San Martzial Mendira | Monte San Marcial, el día 30 de Junio igotze | Pasaje localizado por OCR visual | 'Un año más los componentes de la Junta de Aurten ere Alardeko Juntako kideok Irungo Alarde nos presentamos al pueblo de",Todos los documentos del catalogo forman parte del corpus sanmarcialero local; las pistas automaticas deben contrastarse con la fuente original.
2b25b566f9c7,1994,1994-03-01,Bidasoan - PH IRUN 0002,1994-03-01,Prensa o revista,/home/gaizka/Alarde/Revistas y periodicos/1994/1994-03-01 - Bidasoan - PH IRUN 0002.pdf,Catalogado con pistas automaticas pendientes de verificacion,Alta: texto extraido del PDF,0,3,0,,Alarde,Referencia localizada por barrido textual,"C/ San Marcial, 8 | cuela de los “Frères”, en la calle San Marcial. Allí conocí, entre | mineral, en la falda de San Marcial. La casera se llamaba",Todos los documentos del catalogo forman parte del corpus sanmarcialero local; las pistas automaticas deben contrastarse con la fuente original.
16038ea1d41e,1994,1994-06-01,Bidasoan - PH IRUN 0002,1994-06-01,Prensa o revista,/home/gaizka/Alarde/Revistas y periodicos/1994/1994-06-01 - Bidasoan - PH IRUN 0002.pdf,Catalogado con pistas automaticas pendientes de verificacion,Alta: texto extraido del PDF,0,7,0,,"Alarde, companias, mandos",Referencia localizada por barrido textual,"INFANTILES a cargo del Grupo XALA-K-BULA. EXTRAORDINARIO DE SAN MARCIAL a cargo de la | Pág. 7 • Programa de Fiestas de San Marcial 1994 Pág. 69 • Manuel Aguirresarobe y el mundo maravilloso de las maríposas | de San Marcial en general y en el A larde en particu­ M artzial egunean orokorki eta, bereziki Alardean, ja- | día de San Marcial es el día ritual de confirm ación darrok dugun nortasun historiko eta blzl hori konfir- | ezingo nituzke bete San Martzial eguna gogoangarri izan dadin",Todos los documentos del catalogo forman parte del corpus sanmarcialero local; las pistas automaticas deben contrastarse con la fuente original.
f833663a3096,1994,1994-06-30,Egunkaria,1994-06-30,Prensa o revista,/home/gaizka/Alarde/Revistas y periodicos/1994/1994-06-30 - Egunkaria.pdf,Catalogado con pistas automaticas pendientes de verificacion,Alta: texto extraido del PDF,0,3,0,,"Alarde, musica",Referencia localizada por barrido textual,"11.00: San martzial elizan, | MIKEL LIZARRALDE ■ | soa San Martzial mendira.",Todos los documentos del catalogo forman parte del corpus sanmarcialero local; las pistas automaticas deben contrastarse con la fuente original.
cf499ca57179,1994,1994-07-01,Egunkaria,1994-07-01,Prensa o revista,/home/gaizka/Alarde/Revistas y periodicos/1994/1994-07-01 - Egunkaria.pdf,Catalogado con pistas automaticas pendientes de verificacion,Alta: texto extraido del PDF,0,5,0,,"Alarde, companias, ritual",Referencia localizada por barrido textual,"Urdanibia plazan. Meakako | gu ingurua, espazioa. goen ermita txiki bat, herri hori guztietan irakurri zen isilpean, na emateko, | hori dela eta, aukera paregabea meza nagusia San Martzial eta azkartasuna | horretan San Martzial jubilatu | izango dira San Martzial plazan egunari erremate dotorea jartze-",Todos los documentos del catalogo forman parte del corpus sanmarcialero local; las pistas automaticas deben contrastarse con la fuente original.
2a6509c4f4e1,1994,1994-09-01,Bidasoan - PH IRUN 0002,1994-09-01,Prensa o revista,/home/gaizka/Alarde/Revistas y periodicos/1994/1994-09-01 - Bidasoan - PH IRUN 0002.pdf,Catalogado con pistas automaticas pendientes de verificacion,Alta: texto extraido del PDF,0,7,0,,"Alarde, cantineras, companias, mandos, musica, ritual",Referencia localizada por barrido textual,"A las seis de la m añana.- D IA N A por la Tamborrada y la grupos Orgasmic Toothpicks, The llusiors, | De nuevo, después de todos que constituyen el Alarde, cum­ | La imagen capta un m om ento del Alarde de armas en la calle Mayor de Hondarribia. La | RONDALLA DEL HOGAR DEL JUBILA­ | Relación de personas de Hondarribia, que han desempeñado el cargo de Burgomaestre del Alarde, en lo que va de siglo;",Todos los documentos del catalogo forman parte del corpus sanmarcialero local; las pistas automaticas deben contrastarse con la fuente original.
a28d9c7cd6eb,1994,1994-09-01,El Irunés - Año 6 - Numero 28,1994-09-01,Prensa o revista,/home/gaizka/Alarde/Revistas y periodicos/1994/1994-09-01 - El Irunés - Año 6 - Numero 28.pdf,Catalogado con pistas automaticas pendientes de verificacion,Alta: texto extraido del PDF,0,7,0,,"Alarde, cantineras, companias, mandos, musica, ritual",Referencia localizada por barrido textual,Alarde de A rm as........................................ 21 superación............................. | Algunos datos del Alarde de 1881. | Cantineras del Alarde de Por Juan Antonio Lecuona | HILAK 7 - ASTEAZKENA | SALUDO DEL PROGRAMA HOMENAJE POSTUMO # CANTINERAS,Todos los documentos del catalogo forman parte del corpus sanmarcialero local; las pistas automaticas deben contrastarse con la fuente original.
073dff80be1b,1994,1994-12-01,Bidasoan - PH IRUN 0002,1994-12-01,Prensa o revista,/home/gaizka/Alarde/Revistas y periodicos/1994/1994-12-01 - Bidasoan - PH IRUN 0002.pdf,Catalogado con pistas automaticas pendientes de verificacion,Alta: texto extraido del PDF,0,4,0,,"Alarde, companias, ritual",Referencia localizada por barrido textual,"el consumidor un sello de garantía ante procedimiento a seguir en caso de desa­ San Marcial, n° I . | micios, pero ha perdido 500 votos con respecto a l-l O N R 1 0 1A | rios municipales. Gntre los funcio­ Creación suya fue la tan querida, “ Alborada de San Marcial” , e | votos más que en las autonómi­ parto de votos entre las tres",Todos los documentos del catalogo forman parte del corpus sanmarcialero local; las pistas automaticas deben contrastarse con la fuente original.
649bfa123a88,1995,1995,Programa de fiestas,1995A,Programa de fiestas,/home/gaizka/Alarde/Programas de fiestas/1995A.pdf,Catalogado con pistas automaticas pendientes de verificacion,Media/baja: OCR visual con pasajes detectados,0,2,2,"1, 5","alarde, mandos",Referencia localizada por OCR visual; revisar contra imagen original,— 4)3 b SANMARCIALES DE II íí(-m- Az — IUNCOSANMARTZIALAN | Las jomadas de San Pedro y San Marcial behor dugu gure ahalegín guztia.,Todos los documentos del catalogo forman parte del corpus sanmarcialero local; las pistas automaticas deben contrastarse con la fuente original.
074073daf035,1995,1995,Programa de fiestas,1995B,Programa de fiestas,/home/gaizka/Alarde/Programas de fiestas/1995B.pdf,Catalogado con pistas automaticas pendientes de verificacion,Media/baja: OCR visual con pasajes detectados,0,4,4,"1, 2, 3, 4","alarde, companias, mandos, ritual",Referencia localizada por OCR visual; revisar contra imagen original,"muchos eel duen pz ez duten hemen rundarras que no escatiman esfuerzos para que dauzkazuen i egitarau hau arrakastatsua | )—""—(_m_ | Í ¡Gora San Marcial! | Irundar maiteok Una vez más tengo el honor de haber sido Aurlen ere Alordeko General aukeratua elegido General del Alard | <_d 18.00 horas:| en la plaza del Ensanche concentración de los coches participantes en el || RALLYE N BIDASOA TXINGUDI,",Todos los documentos del catalogo forman parte del corpus sanmarcialero local; las pistas automaticas deben contrastarse con la fuente original.
46e07e84ea5e,1995,1995,Programa de fiestas,1995C,Programa de fiestas,/home/gaizka/Alarde/Programas de fiestas/1995C.pdf,Catalogado con pistas automaticas pendientes de verificacion,Media/baja: OCR visual con pasajes detectados,0,5,5,"2, 3, 4, 5, 6","companias, musica, recorrido",Referencia localizada por OCR visual; revisar contra imagen original,"ñ\\ en el parque de la Sargía, FIESTA INFANTIL, organizada por la Coordinadora de | \U Grupos de Tiempo Libre en las ins | Jaizubiako instalazioetan NAZIOARTEKO DERBY HIPIKOA jokaluko da, Joizubia Klub Hipikoak antolatuta —12 O0etan: | Trungo | Domingo 25 07.00 horas:] _salida de la Plaza San Juan de la MARCHA REGULADA DE MONTANA, organ zada MN E \J[/\\\\ por Mon | .v]_uy SO G E AE e C) b A E a E, ee a Z CEA n EN NEE E = L dd d i¿_… SZ — = E 25 Igandea / MENDIKO MARTXA ARAUTUA irteng | Pasaje localizado por OCR visual",Todos los documentos del catalogo forman parte del corpus sanmarcialero local; las pistas automaticas deben contrastarse con la fuente original.
6296ae8a454a,1995,1995,Programa de fiestas,1995D,Programa de fiestas,/home/gaizka/Alarde/Programas de fiestas/1995D.pdf,Catalogado con pistas automaticas pendientes de verificacion,Media/baja: OCR visual con pasajes detectados,0,5,5,"2, 3, 4, 5, 6","cantineras, companias, musica, recorrido",Referencia localizada por OCR visual; revisar contra imagen original,"Bidasoako Txaranga Elkartea — [20-00 horas:] en el local de la ASOCIACION FOTOGRÁFICA IRUNESA, C/Fueros 2 bajo, entrega | 20.00etan: ] IRUNGO ARGAZKI ELKARTEAren areloan, Foruen karrika, 2-behean, SAN MARTZIALEKO D, ARGAZKI LEHIAKETA HERRIKOJ | en el Centro Cultural Amaia, CONCIERTO DEL CORO EASO Y BANDA DE MUSICA CIUDAD DE IRUN 22.00 horas:| en la plazoleta del | n GLOBO AEROSTATIKOA, Artzaik antolatuta 7 : 20.00etan: | Amaia Kultur Zentroan EASO ABESBATZA ETA IRUN HIRIA MUSIKA BAN | Miércoles 28 — [100 horas] en el Campo de Fútbol de Behobia CASTILLOS HINCHABLES DISNEY hasta las Ge 8,30 horas _/ desde",Todos los documentos del catalogo forman parte del corpus sanmarcialero local; las pistas automaticas deben contrastarse con la fuente original.
7e9e9372a8c9,1995,1995,Programa de fiestas,1995E,Programa de fiestas,/home/gaizka/Alarde/Programas de fiestas/1995E.pdf,Catalogado con pistas automaticas pendientes de verificacion,Media/baja: OCR visual con pasajes detectados,0,5,5,"1, 3, 4, 5, 6","artilleria, companias, mandos, musica, recorrido, ritual, tamborrada",Referencia localizada por OCR visual; revisar contra imagen original,"Pasaje localizado por OCR visual | | [ ea 1run AMAIA ALZAGA LIZARRALDE ISABEL NIETO CALDERERO ANA BERRUET ARBELAIZ VENTAS MEAKA BIDASOA N ; EO \\\ A LIBE R | s:| — Diena en los barrias de la ciudad, con los DULZAINEROS URANZU desde la plaza San Juan, salida de la carrera ciclis | Pasaje localizado por OCR visual | - — Jueves 29 rr- 11230 horas:| en la plaza San Juan, TRADICIONAL CONCIERTO DE SAN PEDRO por la Banda de — Música Ciudad",Todos los documentos del catalogo forman parte del corpus sanmarcialero local; las pistas automaticas deben contrastarse con la fuente original.
e694dc8b332c,1995,1995,Programa de fiestas,1995F,Programa de fiestas,/home/gaizka/Alarde/Programas de fiestas/1995F.pdf,Catalogado con pistas automaticas pendientes de verificacion,Media/baja: OCR visual con pasajes detectados,0,5,5,"1, 2, 4, 5, 6","alarde, companias, mandos, musica, recorrido, ritual, tamborrada",Referencia localizada por OCR visual; revisar contra imagen original,"16.00etan: | GENERALAK ETA BERE ONDORENGO BURUZAGIEK ALARDEKO KONPAINIAK BEGIZTATUKO DITUZTE [ —18 O0etan: | Ibarlan ERR | T — —]] EO Viernes 30 a — Alborada f /_\\\ \(\/\ ) [05.00 horos:] Txalaparta en diferentes barrios - 10000 horas:) en la | — — en la compa del monte San Marcial, comida de carócier popular previa llamada de ordenanza, se organizará el regreso | 30 Ostirala San Martzial mendi historikoan meza. | 8 en N E 1 Sábado 7 N — DIANA interpretada por los DULZAINEROS URANZU ENN ( U 800 horas] en la ploza Urdanibia, CONCURSO",Todos los documentos del catalogo forman parte del corpus sanmarcialero local; las pistas automaticas deben contrastarse con la fuente original.
1caf3dd5f047,1995,1995,Programa de fiestas,1995G,Programa de fiestas,/home/gaizka/Alarde/Programas de fiestas/1995G.pdf,Catalogado con pistas automaticas pendientes de verificacion,Media/baja: OCR visual con pasajes detectados,0,4,4,"1, 2, 5, 6","alarde, companias, musica, recorrido",Referencia localizada por OCR visual; revisar contra imagen original,"Larunbata 1 — [08-00eron:] DIANA, URANZU DULTZAINARIEKIN: % [08-00etan:] Urdanibia plazan ABERE LEHIAKETA, Irungo Euskal | SZ 1 Sábado en el frontón Uranzu, PARTIDOS DE PELOTA PROFESIONAL, organizados por Kurpil | Kirolok ) [8-30 horos:] en la | Iruneses: Irundarrok: Un año más tenemos la alegría de Aurten ere poz handiz elkarri zorionizeko congratularnos con todo | ""n E í TODO LO MEJOR \ EEE ee a E aa i a PARA SU BANO E — a — A Z el SAN MARTZIAL MEl - — _A Exposición: C/ Juan Arana,",Todos los documentos del catalogo forman parte del corpus sanmarcialero local; las pistas automaticas deben contrastarse con la fuente original.
ad2b47137ea9,1995,1995,Programa de fiestas,1995H,Programa de fiestas,/home/gaizka/Alarde/Programas de fiestas/1995H.pdf,Catalogado con pistas automaticas pendientes de verificacion,Media/baja: OCR visual con pasajes detectados,0,2,2,"3, 5","alarde, recorrido",Referencia localizada por OCR visual; revisar contra imagen original,"Los Sanmarciales Sanmartzialak en cifras zifretan CARTEL Y PROGRAMA KARTELA ETA EGITARAUA Edición de 21.000 ejemplares d | Kontutan hartzekoa Los AUTOBUSES y TAXIS con destino Ekainaren 30ean San Martzial Mendira al monte San Marcial, el día 3",Todos los documentos del catalogo forman parte del corpus sanmarcialero local; las pistas automaticas deben contrastarse con la fuente original.
bff2cf6d0295,1995,1995,Programa de fiestas,1995I,Programa de fiestas,/home/gaizka/Alarde/Programas de fiestas/1995I.pdf,Catalogado con pistas automaticas pendientes de verificacion,Media/baja: OCR visual con pasajes detectados,0,2,2,"1, 2",companias,Referencia localizada por OCR visual; revisar contra imagen original,Pasaje localizado por OCR visual | - B£ ANAKA - Telf.: 61 39 62 IRUN | Deposito legal: S$ - 649 / 95 OHARRA Hiri honetako Udal Txit Gorenak ez du jaietan g,Todos los documentos del catalogo forman parte del corpus sanmarcialero local; las pistas automaticas deben contrastarse con la fuente original.
61bd6dd5d14f,1995,1995-02-01,El Irunés - Año 7 - Numero 29,1995-02-01,Prensa o revista,/home/gaizka/Alarde/Revistas y periodicos/1995/1995-02-01 - El Irunés - Año 7 - Numero 29.pdf,Catalogado con pistas automaticas pendientes de verificacion,Alta: texto extraido del PDF,0,7,0,,"Alarde, companias, mandos, musica, ritual",Referencia localizada por barrido textual,"5 MILLONES Y MEDIO DE | Día 30.(San Marcial). A las 10 de la ma- de una forma y tener el pueblo de otra. Uno de las propias | G R U P O TELEFO N IC A | Por nuestra parte añad im os, que en un bondadoso ""frere"" ó Hermano de las Es­ oye las dianas y marc | hacer, que nos permita estar por ahí bastan­ tarde, inauguración del Monumento al Ge­ está volcando",Todos los documentos del catalogo forman parte del corpus sanmarcialero local; las pistas automaticas deben contrastarse con la fuente original.
882cf83441bf,1995,1995-03-01,Bidasoan - PH IRUN 0002,1995-03-01,Prensa o revista,/home/gaizka/Alarde/Revistas y periodicos/1995/1995-03-01 - Bidasoan - PH IRUN 0002.pdf,Catalogado con pistas automaticas pendientes de verificacion,Alta: texto extraido del PDF,0,6,0,,"Alarde, companias, mandos, musica, ritual, suspensiones/cambios",Referencia localizada por barrido textual,"El capitán de alabarderos, Joshé Eizaguirre, vivía en la c^lle na santa. | Próximos a estos devotos caballeros realizaban asimismo su | altas de la “ compañía” , organizando los turnos de las guardias, y | les permitan adecuarse a la nueva situación ante la implantación del hipermercado Araso de la ma­ | los actos, Monte Aldab^ etc.; museo del alarde, c) Construir en eí|[jbsuelo 2 ó 3 plantas rotati­",Todos los documentos del catalogo forman parte del corpus sanmarcialero local; las pistas automaticas deben contrastarse con la fuente original.
9d47a9e32ca9,1995,1995-05-01,El Irunés - Año 7 - Numero 30,1995-05-01,Prensa o revista,/home/gaizka/Alarde/Revistas y periodicos/1995/1995-05-01 - El Irunés - Año 7 - Numero 30.pdf,Catalogado con pistas automaticas pendientes de verificacion,Alta: texto extraido del PDF,0,7,0,,"cantineras, companias, mandos, musica, ritual",Referencia localizada por barrido textual,"EN EL «SUKALKI | Exportadores de Vinos de Rioja, que viene a Pedrós. Cantinera del Alarde de San Marcial MIGUELTXO ALMANDOZ | IMAGEN DE SAN MARCIAL | MI VOTO EN BLANCO to del 97% y Dinamarca con 8 millones y | TURISTAS ITALIANOS",Todos los documentos del catalogo forman parte del corpus sanmarcialero local; las pistas automaticas deben contrastarse con la fuente original.
23a77b755c95,1995,1995-06-01,Bidasoan - PH IRUN 0002,1995-06-01,Prensa o revista,/home/gaizka/Alarde/Revistas y periodicos/1995/1995-06-01 - Bidasoan - PH IRUN 0002.pdf,Catalogado con pistas automaticas pendientes de verificacion,Alta: texto extraido del PDF,0,8,0,,"Alarde, companias, mandos, ritual",Referencia localizada por barrido textual,"Como Q eneral del Alarde, quiero daros las gracias porque | EXTRAORDINARIO DE SAN MARCIAL a cargo del | FIESTAS DE SAN MARCIAL 199§ | Pág, 6 • Fiestas de San Marcial 1995 | Tiro San Marcial.",Todos los documentos del catalogo forman parte del corpus sanmarcialero local; las pistas automaticas deben contrastarse con la fuente original.
6aab6a072ef4,1995,1995-06-01,El Irunés - Año 7 - Numero 31,1995-06-01,Prensa o revista,/home/gaizka/Alarde/Revistas y periodicos/1995/1995-06-01 - El Irunés - Año 7 - Numero 31.pdf,Catalogado con pistas automaticas pendientes de verificacion,Alta: texto extraido del PDF,0,6,0,,"Alarde, cantineras, companias, mandos, musica, ritual, suspensiones/cambios",Referencia localizada por barrido textual,CANTINERAS | Cantalou. reducción de hacheros. Un total de 25 es una tancia sum a para la econom ía en general y q | DE CARTELES SAN MARCIAL | EL IRUNES VIDA Y MILAGROS DE SAN MARCIAL 14 | Felices Fiestas de San Pedro y San Marcial... en IRUN,Todos los documentos del catalogo forman parte del corpus sanmarcialero local; las pistas automaticas deben contrastarse con la fuente original.
eefe73828b42,1995,1995-06-30,Egunkaria,1995-06-30,Prensa o revista,/home/gaizka/Alarde/Revistas y periodicos/1995/1995-06-30 - Egunkaria.pdf,Catalogado con pistas automaticas pendientes de verificacion,Alta: texto extraido del PDF,0,4,0,,"Alarde, musica",Referencia localizada por barrido textual,"EDURNE ELIZONDO / IRUÑEA | elkarrizketa zabalduz joatea: etxeko bes- dute San Martzial. 300 70' | koak bailira. San Martzial jaien egoitzean. | zikina, guztiok ohean elkarrekin bagina». Ez San Martzial Zuzendaria: MarTxelo Otamendi",Todos los documentos del catalogo forman parte del corpus sanmarcialero local; las pistas automaticas deben contrastarse con la fuente original.
a2fa0cda3a1d,1995,1995-09-01,Bidasoan - PH IRUN 0002,1995-09-01,Prensa o revista,/home/gaizka/Alarde/Revistas y periodicos/1995/1995-09-01 - Bidasoan - PH IRUN 0002.pdf,Catalogado con pistas automaticas pendientes de verificacion,Alta: texto extraido del PDF,0,5,0,,"cantineras, companias, mandos, musica, ritual",Referencia localizada por barrido textual,"El 8 de Septiembre volveremos a renovar el voto Irailaren San berriro ere, gure Zaindari den Ama | Imprime: Gráficas ZUBI tenso y serio de la Compañía Gora Ama Guadalupekoa con su abanderado al | Pág. 12 •75 Aniversario de la Tamborrada Pág. 55 •Qorsarios de Hondarribia (C. Aguirreche) | las Cantineras del Alarde. | tradicional Alarde, que celebramos todos los años, en conmemoración del",Todos los documentos del catalogo forman parte del corpus sanmarcialero local; las pistas automaticas deben contrastarse con la fuente original.
9a7e8f6d8b71,1995,1995-09-01,El Irunés - Año 7 - Numero 32,1995-09-01,Prensa o revista,/home/gaizka/Alarde/Revistas y periodicos/1995/1995-09-01 - El Irunés - Año 7 - Numero 32.pdf,Catalogado con pistas automaticas pendientes de verificacion,Alta: texto extraido del PDF,0,6,0,,"Alarde, cantineras, companias, mandos, musica, ritual",Referencia localizada por barrido textual,"DECIMOQUINTO compañías de Infanteria, Burgomaestre y tres acompasar el Agur Jaunak en un final bri­ | DECIMOQUINTO compañías de Infanteria, Burgomaestre y tres riñosamente a los músicos guipuzcoanos y | EL MERCADILLO SEMANAL | das de oro musicales. nización de un nuevo Alarde de Bandas de | de San Pedro y San Marcial, desde el 23 de",Todos los documentos del catalogo forman parte del corpus sanmarcialero local; las pistas automaticas deben contrastarse con la fuente original.
1bcd4478cd49,1995,1995-12-01,Bidasoan - PH IRUN 0002,1995-12-01,Prensa o revista,/home/gaizka/Alarde/Revistas y periodicos/1995/1995-12-01 - Bidasoan - PH IRUN 0002.pdf,Catalogado con pistas automaticas pendientes de verificacion,Alta: texto extraido del PDF,0,4,0,,"cantineras, companias, mandos, musica, ritual",Referencia localizada por barrido textual,"AMBULANCIA MAIZ: ..................................................... 463333 GRUAS SAN MARCIAL:.... | Alarde de San Marcial en sustitución | Pág. 34 •Archivo fotográfico de José Mari Castillo Pág. 82 • Israel: Compañero de Viaje (M, Domíngue | vias de capitanes en la casa consistorial, que con anteriori­",Todos los documentos del catalogo forman parte del corpus sanmarcialero local; las pistas automaticas deben contrastarse con la fuente original.
8bdebdfa7e93,1996,1996,Programa de fiestas,1996A,Programa de fiestas,/home/gaizka/Alarde/Programas de fiestas/1996A.pdf,Catalogado con pistas automaticas pendientes de verificacion,Media/baja: OCR visual con pasajes detectados,0,1,1,3,alarde,Referencia localizada por OCR visual; revisar contra imagen original,"Terenos que ser conscientes de que mestras aurreko urteetan íiestas son algo más que un pasatienpo, algo más bezala, zue",Todos los documentos del catalogo forman parte del corpus sanmarcialero local; las pistas automaticas deben contrastarse con la fuente original.
ed46421e703a,1996,1996,Programa de fiestas,1996B,Programa de fiestas,/home/gaizka/Alarde/Programas de fiestas/1996B.pdf,Catalogado con pistas automaticas pendientes de verificacion,Media/baja: OCR visual con pasajes detectados,0,4,4,"1, 2, 3, 4","alarde, companias, musica, recorrido",Referencia localizada por OCR visual; revisar contra imagen original,"Él Gereral del alarde Alardeko Jenerala M& Javier Vergara Iribarren e 1run — as | | Prosrama Oficial 9 g ó I de las Fiestas de ko —| a a San Pedro y San Pedro eta San Marcial San Martzial 9 g 6 ]aíetale | — EKAINAK 23 JUNIO - N domingo 08,00 horas 08,00etan desde el Frontón Uranzu, salida de la prucha PEDAL EGUNeko proba zi | 17,00 horas 17,00etan en las campas del Campo de Tiro de San Marcial, San Martzial Tiro Zelaian ARTZAIN ZAKURREN CONCURS",Todos los documentos del catalogo forman parte del corpus sanmarcialero local; las pistas automaticas deben contrastarse con la fuente original.
1a4780994dbb,1996,1996,Programa de fiestas,1996C,Programa de fiestas,/home/gaizka/Alarde/Programas de fiestas/1996C.pdf,Catalogado con pistas automaticas pendientes de verificacion,Media/baja: OCR visual con pasajes detectados,0,2,2,"1, 3","companias, musica, recorrido, tamborrada",Referencia localizada por OCR visual; revisar contra imagen original,"EAIRE 24 JUNIO j Ó lunes 20,00 horas 20,00etan en el local de la Asociación Fotográfica Irunesa, IRUNGO ARGAZKI ELKARTEA | — 23,00 horas 23,00etan en la Plaza Urdanibia, ensayo de la Banda y Urdanibia plazan San Martzial Alardeko Banda eta Tam",Todos los documentos del catalogo forman parte del corpus sanmarcialero local; las pistas automaticas deben contrastarse con la fuente original.
f676b5ca73fa,1996,1996,Programa de fiestas,1996D,Programa de fiestas,/home/gaizka/Alarde/Programas de fiestas/1996D.pdf,Catalogado con pistas automaticas pendientes de verificacion,Media/baja: OCR visual con pasajes detectados,0,3,3,"2, 3, 4","caballeria, cantineras, companias, musica, recorrido, tamborrada",Referencia localizada por OCR visual; revisar contra imagen original,"Pasaje localizado por OCR visual | EKATNAK 28 JUNIO — 0 viernes 23,00 horas 23,00etan desde la Plaza Alberto Anguera, recorriendo Calle Alberto ANGUERA pla | S S = Z 2 5 z I S S S K Lg Z E A E Z < = G TAMBORRADA BANDA CABALLERIA a urrrz rrr rrr rr rrr Z S | Z 5 = = z ; = O A BI",Todos los documentos del catalogo forman parte del corpus sanmarcialero local; las pistas automaticas deben contrastarse con la fuente original.
9747ef495711,1996,1996,Programa de fiestas,1996E,Programa de fiestas,/home/gaizka/Alarde/Programas de fiestas/1996E.pdf,Catalogado con pistas automaticas pendientes de verificacion,Media/baja: OCR visual con pasajes detectados,0,3,3,"1, 4, 5","companias, mandos, musica, recorrido, tamborrada",Referencia localizada por OCR visual; revisar contra imagen original,"Elkarteake antolatuta 10,00 horas 10,00etan en la Sala Capitular de la Casa Consistorial, Udaletzeko Areto Nagusian BAND | Grupo BELEA 24,00 horas 24,00etan CORRECALLES por el itinerario habitual, con la ohiko ibilbidectan KALE-JIRA, “IRUN HIR | Alborada 06,00 horas 06,00etan en la Plaza San Juan, LA BANDA DEL ALARDE San Juan plazan ALARDEKO BANDAK inlerpretará la",Todos los documentos del catalogo forman parte del corpus sanmarcialero local; las pistas automaticas deben contrastarse con la fuente original.
3c5bc45df503,1996,1996,Programa de fiestas,1996F,Programa de fiestas,/home/gaizka/Alarde/Programas de fiestas/1996F.pdf,Catalogado con pistas automaticas pendientes de verificacion,Media/baja: OCR visual con pasajes detectados,0,5,5,"1, 2, 3, 4, 5","caballeria, companias, mandos, musica, recorrido, ritual",Referencia localizada por OCR visual; revisar contra imagen original,"Las fuerzas del Alarde se dirigirán a la ARRANKADA. | IKAINAK 30 JUNIO d á domingo 12,00 horas 12,00etan Misa de campaña en el monte San Marcial. | Pasaje localizado por OCR visual | Pasaje localizado por OCR visual | 17,00 horas 17,00etan en la Plaza Urdanibia VI CONCURSO DEL Urdanibia Nazan DANTZA ASKATUAREN VI BIDASOA DE BAILE A LO S",Todos los documentos del catalogo forman parte del corpus sanmarcialero local; las pistas automaticas deben contrastarse con la fuente original.
0e98e63b308f,1996,1996,Programa de fiestas,1996G,Programa de fiestas,/home/gaizka/Alarde/Programas de fiestas/1996G.pdf,Catalogado con pistas automaticas pendientes de verificacion,Media/baja: OCR visual con pasajes detectados,0,2,2,"1, 5","companias, recorrido, ritual",Referencia localizada por OCR visual; revisar contra imagen original,"Pasaje localizado por OCR visual | disponemos a celebrar mestras queridas Tiestas de San Pedro y San iareial y, dentro de las misas, el acto principal lo c",Todos los documentos del catalogo forman parte del corpus sanmarcialero local; las pistas automaticas deben contrastarse con la fuente original.
8113e8127fab,1996,1996,Programa de fiestas,1996H,Programa de fiestas,/home/gaizka/Alarde/Programas de fiestas/1996H.pdf,Catalogado con pistas automaticas pendientes de verificacion,Media/baja: OCR visual con pasajes detectados,0,3,3,"1, 2, 4","alarde, companias, recorrido, ritual",Referencia localizada por OCR visual; revisar contra imagen original,"Amaia, exposición Filatélica 18,00etan: Amaia Kultur Zentroan San Martzial Alardearen Conmemoración Alarde San Marcial, | 18.00 horas: de la Plaza Urdanibia, XX SUBIDA 18,00ctan: Urdanibia plazatil SAN MARTZIALERAKO ATL TICA A SAN MARCIAL, or | b S * - A todos ellos les deseamos h < \?*; AK E7 | unosfelices sanmarciales.",Todos los documentos del catalogo forman parte del corpus sanmarcialero local; las pistas automaticas deben contrastarse con la fuente original.
b8191e7b25d2,1996,1996-01-01,El Irunés - Año 8 - Numero 33,1996-01-01,Prensa o revista,/home/gaizka/Alarde/Revistas y periodicos/1996/1996-01-01 - El Irunés - Año 8 - Numero 33.pdf,Catalogado con pistas automaticas pendientes de verificacion,Alta: texto extraido del PDF,0,7,0,,"Alarde, cantineras, companias, mandos, musica",Referencia localizada por barrido textual,"ALARDE DE HONDARRIBIA 1995 | Caballero Honoris Causa por la Hermandad de Chocolateros de Francia, año 1993 | EL IRUNES 3.200 PAISANOS EN EL ALARDE................. 19 | FRENTE DE ELLA | San Marcial 1.995, El presidente D. Luis Lago Rodríguez durante",Todos los documentos del catalogo forman parte del corpus sanmarcialero local; las pistas automaticas deben contrastarse con la fuente original.
1e7c4be40793,1996,1996-03-01,Bidasoan - PH IRUN 0002,1996-03-01,Prensa o revista,/home/gaizka/Alarde/Revistas y periodicos/1996/1996-03-01 - Bidasoan - PH IRUN 0002.pdf,Catalogado con pistas automaticas pendientes de verificacion,Alta: texto extraido del PDF,0,6,0,,"companias, musica",Referencia localizada por barrido textual,"con más frecuencia recorre las calles de nuestra trabajar en la fábrica Palmera. Compañeros suyos no | nados en la figur? mitológica de San Panzar, el Zanpanzar euskaldun. Compañía de Jesús, el cual se e | por las naves de las citadas compañías comerciales. | riamente hase querido...” ción de la “ Real Compañía de Caracas” (1728), origina | se le administraba. Las utilizaban para curar un dolor de tripa, provo­ ro a la Compañía- la persecu",Todos los documentos del catalogo forman parte del corpus sanmarcialero local; las pistas automaticas deben contrastarse con la fuente original.
5e266b7d8fee,1996,1996-04-01,El Irunés - Año 8 - Numero 34,1996-04-01,Prensa o revista,/home/gaizka/Alarde/Revistas y periodicos/1996/1996-04-01 - El Irunés - Año 8 - Numero 34.pdf,Catalogado con pistas automaticas pendientes de verificacion,Alta: texto extraido del PDF,0,5,0,,"Alarde, cantineras, companias, ritual",Referencia localizada por barrido textual,"Al final a los participantes se les en­ Patricia Franco, cantinera de la Escolta de monomanista/94 c | Caballero Honoris Causa por la Hermandad de Chocolateros de Francia, año 1993 | Carretera a San Marcial. (D 62 53 4 4 IR U N | JIRKOLL ffiYZOJl - SffiNTITCOTXO | un momento de descanso del Alarde hondarribitarra.",Todos los documentos del catalogo forman parte del corpus sanmarcialero local; las pistas automaticas deben contrastarse con la fuente original.
1b2e5698f36d,1996,1996-06-01,Bidasoan - PH IRUN 0002,1996-06-01,Prensa o revista,/home/gaizka/Alarde/Revistas y periodicos/1996/1996-06-01 - Bidasoan - PH IRUN 0002.pdf,Catalogado con pistas automaticas pendientes de verificacion,Alta: texto extraido del PDF,0,7,0,,"Alarde, cantineras, companias, mandos, ritual",Referencia localizada por barrido textual,"109 I Trofeo San Marcial de Trinkete | 28 Cómo desapareció San Marcial | FIESTAS DE IRUN ^96 • IRUNGO JAIAK ‘96 | INTERNACIONAL SAN MAR­ TXAPELKETA izango da, Maki- | PROGRAMA FIESTAS SAN MARCIAL ‘96",Todos los documentos del catalogo forman parte del corpus sanmarcialero local; las pistas automaticas deben contrastarse con la fuente original.
00ec6be728d4,1996,1996-06-01,El Irunés - Año 8 - Numero 35,1996-06-01,Prensa o revista,/home/gaizka/Alarde/Revistas y periodicos/1996/1996-06-01 - El Irunés - Año 8 - Numero 35.pdf,Catalogado con pistas automaticas pendientes de verificacion,Alta: texto extraido del PDF,0,8,0,,"Alarde, cantineras, companias, mandos, musica, ritual",Referencia localizada por barrido textual,"ALARDE DE SAN MARCIAL | AÑOS NS35 JUNIO 1996- EXTRAORDINARIO SAN MARCIAL Y VERANO - IRUN 300 Pts. | Javier Lasagabaster ALARDE DEL SIGLO X X I............................27 LA CALLE MAYOR DE MI JU V EN TU D .... 64 | María Teresa Fúnez Pedros. Cantinera HONDARRIBIA g a n d o del o rd e n a 25 Ptas, c u a n d o en | M® Eugenia Silguero Elgorriaga acompañada por el pianista Sergio Martínez, en el P a ra la p e q u e",Todos los documentos del catalogo forman parte del corpus sanmarcialero local; las pistas automaticas deben contrastarse con la fuente original.
6efe6b5ce8a5,1996,1996-06-01,Txingudi,1996-06-01,Prensa o revista,/home/gaizka/Alarde/Revistas y periodicos/1996/1996-06-01 - Txingudi.pdf,Indice real iniciado con entrada curada,Alta: texto extraido del PDF,3,6,0,,"1976, Comandante, General, cantinera de Tamborrada, cantineras, companias, conflicto, interpretacion, mandos, memoria de 1976, musica, ordenanzas, ritual, suspensiones/cambios, testimonio, unidades especiales","Integrado en General, Comandante y Tamborrada | Integrado en pagina 1976 | Referencia localizada por barrido textual","Antonio Aramburu, ""El Alarde de la rebeldia y algo mas"" | Ana Grijalba, ""Ramoni Recarte... Senti que me habian robado algo"" | Aitor Puche, ""El alto mando del Alarde irunes""",Todos los documentos del catalogo forman parte del corpus sanmarcialero local; las pistas automaticas deben contrastarse con la fuente original.
49df29989ad8,1996,1996-06-22,Egunkaria,1996-06-22,Prensa o revista,/home/gaizka/Alarde/Revistas y periodicos/1996/1996-06-22 - Egunkaria.pdf,Catalogado con pistas automaticas pendientes de verificacion,Alta: texto extraido del PDF,0,7,0,,"Alarde, ritual",Referencia localizada por barrido textual,"Urbieta. 59 Tel.: 46 06 88 eta San Martzial. 1 Tel.: 42 00 71 DONOSTIA | alarde armatuaren inguruan historian oinarrituta gazte bat erdi hila, bi zangoak galduak, | hala esan ohi dute sutzarraren inguruan ermitakoa (Nafarroa). Beste iturri batzue- | hen jaiak, hemen ere ermita erdian. Bu- ausartzen ez ginelako, baina gureak gor- | j/ garrienak herri horrentzat. Martzialgo ermita), eta noraino Hondarribia",Todos los documentos del catalogo forman parte del corpus sanmarcialero local; las pistas automaticas deben contrastarse con la fuente original.
39386e3264de,1996,1996-06-28,El Diario Vasco - Especial Irungo Jaiak,1996-06-28,Prensa o revista,/home/gaizka/Alarde/Revistas y periodicos/1996/1996-06-28 - El Diario Vasco - Especial Irungo Jaiak.pdf,Indice real iniciado con entrada curada,Baja: OCR visual con texto insuficiente,1,0,0,,"cantineras, conflicto 1996, programa, renovacion",Integrado en Historia y pagina 1996-1998,Suplemento *San Marcial 96 / Irungo Jaiak*,Todos los documentos del catalogo forman parte del corpus sanmarcialero local; las pistas automaticas deben contrastarse con la fuente original.
703eefbb3db7,1996,1996-06-29,Egunkaria,1996-06-29,Prensa o revista,/home/gaizka/Alarde/Revistas y periodicos/1996/1996-06-29 - Egunkaria.pdf,Catalogado con pistas automaticas pendientes de verificacion,Alta: texto extraido del PDF,0,6,0,,"Alarde, companias, musica",Referencia localizada por barrido textual,"IRUN GORA SAN MARTZIAL | San Martzial jaiak, eta aurten- 16.30etan: Sanmartzialetako 111. | Seldiezina da. Emakumeak teko du ohiko Diana. | dutena, San Martzial | eta San Martzial",Todos los documentos del catalogo forman parte del corpus sanmarcialero local; las pistas automaticas deben contrastarse con la fuente original.
c824af18320d,1996,1996-06-30,Egunkaria,1996-06-30,Prensa o revista,/home/gaizka/Alarde/Revistas y periodicos/1996/1996-06-30 - Egunkaria.pdf,Catalogado con pistas automaticas pendientes de verificacion,Alta: texto extraido del PDF,0,4,0,,"Alarde, mandos, musica",Referencia localizada por barrido textual,"17.00etan: San Martzial mendi- | San Martzial, 9 - | egingo da San Martzial mendi his- | fagina aztertuko da azaroan Tolosan",Todos los documentos del catalogo forman parte del corpus sanmarcialero local; las pistas automaticas deben contrastarse con la fuente original.
7de918e0a8ea,1996,1996-07-01,El Irunés - Año 8 - Numero 36,1996-07-01,Prensa o revista,/home/gaizka/Alarde/Revistas y periodicos/1996/1996-07-01 - El Irunés - Año 8 - Numero 36.pdf,Catalogado con pistas automaticas pendientes de verificacion,Alta: texto extraido del PDF,0,8,0,,"Alarde, cantineras, companias, mandos, musica, ritual",Referencia localizada por barrido textual,"* DE SAN MARCIAL m adera para el cáliz y las form as de llegan tam izados por el espacio los | CAMINO DE SANTIAGO. 52 | D. Borja Jauregui. (Foto A. Alonso) dei alarde. (Foto R. Oianeder) | Ermita de San Marcial | comienzo del alarde. (Foto R, Oianeder",Todos los documentos del catalogo forman parte del corpus sanmarcialero local; las pistas automaticas deben contrastarse con la fuente original.
00c95cb26179,1996,1996-07-02,Egunkaria,1996-07-02,Prensa o revista,/home/gaizka/Alarde/Revistas y periodicos/1996/1996-07-02 - Egunkaria.pdf,Catalogado con pistas automaticas pendientes de verificacion,Alta: texto extraido del PDF,0,4,0,,Alarde,Referencia localizada por barrido textual,"San Martzial | igandean San Martzial alar- | izan alarde | rrean, San Martzial kalerantz",Todos los documentos del catalogo forman parte del corpus sanmarcialero local; las pistas automaticas deben contrastarse con la fuente original.
82ef5935aadd,1996,1996-07-03,Egunkaria,1996-07-03,Prensa o revista,/home/gaizka/Alarde/Revistas y periodicos/1996/1996-07-03 - Egunkaria.pdf,Catalogado con pistas automaticas pendientes de verificacion,Alta: texto extraido del PDF,0,1,0,,Alarde,Referencia localizada por barrido textual,"laguntzaile, Moluketara egindako bidaian. diot). Jairik jai herriz herri dabiltza- Sanmartzialetako alarde matxista ere",Todos los documentos del catalogo forman parte del corpus sanmarcialero local; las pistas automaticas deben contrastarse con la fuente original.
e6bef39ac2d3,1996,1996-07-04,Egunkaria,1996-07-04,Prensa o revista,/home/gaizka/Alarde/Revistas y periodicos/1996/1996-07-04 - Egunkaria.pdf,Catalogado; pendiente de indice humano,Alta: texto extraido del PDF,0,0,0,,,,,Todos los documentos del catalogo forman parte del corpus sanmarcialero local; las pistas automaticas deben contrastarse con la fuente original.
79a54eb9f027,1996,1996-07-05,Egunkaria,1996-07-05,Prensa o revista,/home/gaizka/Alarde/Revistas y periodicos/1996/1996-07-05 - Egunkaria.pdf,Catalogado; pendiente de indice humano,Alta: texto extraido del PDF,0,0,0,,,,,Todos los documentos del catalogo forman parte del corpus sanmarcialero local; las pistas automaticas deben contrastarse con la fuente original.
c7330dea76e1,1996,1996-07-06,Egunkaria,1996-07-06,Prensa o revista,/home/gaizka/Alarde/Revistas y periodicos/1996/1996-07-06 - Egunkaria.pdf,Catalogado; pendiente de indice humano,Alta: texto extraido del PDF,0,0,0,,,,,Todos los documentos del catalogo forman parte del corpus sanmarcialero local; las pistas automaticas deben contrastarse con la fuente original.
73d989030017,1996,1996-07-07,Egunkaria,1996-07-07,Prensa o revista,/home/gaizka/Alarde/Revistas y periodicos/1996/1996-07-07 - Egunkaria.pdf,Catalogado con pistas automaticas pendientes de verificacion,Alta: texto extraido del PDF,0,1,0,,Alarde,Referencia localizada por barrido textual,"Urbieta, 59 Tel.: 16 06 88 eta San Martzial, 1 Tel.t 42 00 71 DONOSTIA",Todos los documentos del catalogo forman parte del corpus sanmarcialero local; las pistas automaticas deben contrastarse con la fuente original.
0871908ff5f5,1996,1996-07-09,Egunkaria,1996-07-09,Prensa o revista,/home/gaizka/Alarde/Revistas y periodicos/1996/1996-07-09 - Egunkaria.pdf,Catalogado con pistas automaticas pendientes de verificacion,Alta: texto extraido del PDF,0,1,0,,Alarde,Referencia localizada por barrido textual,San Martzial egunean gizartearen hipokrisia ikus- sionea burubelharri sarturik ari den,Todos los documentos del catalogo forman parte del corpus sanmarcialero local; las pistas automaticas deben contrastarse con la fuente original.
e3b0657aef33,1996,1996-07-11,Egunkaria,1996-07-11,Prensa o revista,/home/gaizka/Alarde/Revistas y periodicos/1996/1996-07-11 - Egunkaria.pdf,Catalogado; pendiente de indice humano,Alta: texto extraido del PDF,0,0,0,,,,,Todos los documentos del catalogo forman parte del corpus sanmarcialero local; las pistas automaticas deben contrastarse con la fuente original.
f519a89a63aa,1996,1996-09-01,Bidasoan - PH IRUN 0002,1996-09-01,Prensa o revista,/home/gaizka/Alarde/Revistas y periodicos/1996/1996-09-01 - Bidasoan - PH IRUN 0002.pdf,Indice real iniciado con entrada curada,Alta: texto extraido del PDF,1,6,0,,"Alarde, Ama Shantalen, cantineras, carta Bidasoaldeko Emakumeak, companias, inicio conflicto 1996, mandos, musica, ritual",Integrado en pagina 1996-1998 | Referencia localizada por barrido textual,Recortes de *El Mundo* y *El Pais* sobre intento de incorporacion de mujeres como escopeteros,Todos los documentos del catalogo forman parte del corpus sanmarcialero local; las pistas automaticas deben contrastarse con la fuente original.
33ecba03a1cb,1996,1996-09-01,El Irunés - Año 8 - Numero 37,1996-09-01,Prensa o revista,/home/gaizka/Alarde/Revistas y periodicos/1996/1996-09-01 - El Irunés - Año 8 - Numero 37.pdf,Catalogado con pistas automaticas pendientes de verificacion,Alta: texto extraido del PDF,0,7,0,,"Alarde, cantineras, companias, mandos",Referencia localizada por barrido textual,"EL ALARDE NORUEGO C o m o to d o lo h u m a n o , a p e sa r | El General del Alarde de San Marcial ro n c re a r su p ro p ia c o m p a ñ ía y d e s fi­ | Enrique Albizu INDURAIN Y OLANO DE ORO P U R O .....73 | LOS FRANCESES VIVA SAN MARCIAL LAICO! | PUBLICACION INDEPENDIENTE DEL BIDASOA Y PAIS VASCO",Todos los documentos del catalogo forman parte del corpus sanmarcialero local; las pistas automaticas deben contrastarse con la fuente original.
b7568ed6ee06,1996,1996-12-01,Bidasoan - PH IRUN 0002,1996-12-01,Prensa o revista,/home/gaizka/Alarde/Revistas y periodicos/1996/1996-12-01 - Bidasoan - PH IRUN 0002.pdf,Catalogado con pistas automaticas pendientes de verificacion,Alta: texto extraido del PDF,0,1,0,,"companias, mandos",Referencia localizada por barrido textual,"En ese debate se plantearían causas que ayudarían a cio simbólico. Algunos compañeros, iruneses, de",Todos los documentos del catalogo forman parte del corpus sanmarcialero local; las pistas automaticas deben contrastarse con la fuente original.
6e00a1d074af,1996,1996-12-01,El Irunés - Año 8 - Numero 38,1996-12-01,Prensa o revista,/home/gaizka/Alarde/Revistas y periodicos/1996/1996-12-01 - El Irunés - Año 8 - Numero 38.pdf,Catalogado con pistas automaticas pendientes de verificacion,Alta: texto extraido del PDF,0,7,0,,"Alarde, cantineras, companias, mandos, ritual",Referencia localizada por barrido textual,"ALARDE DE HONDARRIBIA 1996 | Casino de Irun. Junio 1996. Presentación del libro San Marcial 1813. Cantineras | Casino de Irún. Junio 1996. Presentación del libro San Marcial 1813. Sra. Albizu, B elate, en la ruta Pam plona a Irún- | DEL BIDASOA Y ADOUR | FELIZ NAVIDAD Y P R O SP E R O 1997 / ZO RIO N AK ETA URTE BERRI ON",Todos los documentos del catalogo forman parte del corpus sanmarcialero local; las pistas automaticas deben contrastarse con la fuente original.
24d4a0de3fce,1997,1997,El Irunés - Año 9 - Numero 39,1997,Prensa o revista,/home/gaizka/Alarde/Revistas y periodicos/1997/1997 - El Irunés - Año 9 - Numero 39.pdf,Catalogado con pistas automaticas pendientes de verificacion,Alta: texto extraido del PDF,0,6,0,,"Alarde, companias, musica, ritual",Referencia localizada por barrido textual,"ALARDE | ALARDE DE IRUN | F rancia,por vía aerea y en cam iones Iruretagoyena, artillero del Fuerte de | SU PASO POR IRUN | TRAS EL ULTIMO CENSO ja».",Todos los documentos del catalogo forman parte del corpus sanmarcialero local; las pistas automaticas deben contrastarse con la fuente original.
7c141030e456,1997,1997,El Irunés - Año 9 - Numero 40,1997,Prensa o revista,/home/gaizka/Alarde/Revistas y periodicos/1997/1997 - El Irunés - Año 9 - Numero 40.pdf,Catalogado con pistas automaticas pendientes de verificacion,Alta: texto extraido del PDF,0,6,0,,"Alarde, cantineras, companias, musica, ritual",Referencia localizada por barrido textual,". PEÑISCOLA (CASTELLON) | Antonio Semper, fue cantinera de San | CANTINERAS enam orado del m undo del motor, des­ | Q uerrán estar voluntaria e irrespon­ contra los defensores del Alarde tradicional. | contrario, dañadas por una profunda herida"". ordenanza del A larde de San M arcial,",Todos los documentos del catalogo forman parte del corpus sanmarcialero local; las pistas automaticas deben contrastarse con la fuente original.
a077b2da5622,1997,1997,El Irunés - Año 9 - Numero 41,1997,Prensa o revista,/home/gaizka/Alarde/Revistas y periodicos/1997/1997 - El Irunés - Año 9 - Numero 41.pdf,Catalogado con pistas automaticas pendientes de verificacion,Alta: texto extraido del PDF,0,7,0,,"Alarde, cantineras, companias, mandos, ritual",Referencia localizada por barrido textual,ALARDE DE ARMAS agresiones e insultos. | ALARDE DE IRUN | Colaboradores: ANTESALA DEL ALARDE E N M E N D IV IL . . . . . . . . . . . . . 20 | EL PREVIO «ALARDE» EN LA | EN FAVOR DEL ALARDE DE,Todos los documentos del catalogo forman parte del corpus sanmarcialero local; las pistas automaticas deben contrastarse con la fuente original.
b1ad257407b1,1997,1997,El Irunés - Año 9 - Numero 42,1997,Prensa o revista,/home/gaizka/Alarde/Revistas y periodicos/1997/1997 - El Irunés - Año 9 - Numero 42.pdf,Catalogado con pistas automaticas pendientes de verificacion,Alta: texto extraido del PDF,0,7,0,,"Alarde, cantineras, companias, mandos, ritual",Referencia localizada por barrido textual,"AÑO 9 N^42 SEPTIEMBRE/IRAILA - IRUN 300 Pts. | CANTINERAS DEL ALARDE DE | Dorado, futura cantinera de la | El popular irunés «Lushiano», ausente del alarde de Irún, por fallecimiento. m otivar el turism o de los pueblos vas­ | FUENTERRABIA EMBRUJA Y SU G ESTIO N A ... 15",Todos los documentos del catalogo forman parte del corpus sanmarcialero local; las pistas automaticas deben contrastarse con la fuente original.
029c62d1b494,1997,1997,Programa de fiestas,1997A,Programa de fiestas,/home/gaizka/Alarde/Programas de fiestas/1997A.pdf,Catalogado con pistas automaticas pendientes de verificacion,Media/baja: OCR visual con pasajes detectados,0,2,2,"3, 5",conflicto contemporaneo,Referencia localizada por OCR visual; revisar contra imagen original,"' 1997 SANMARCIALES DE IRUN IRUNGO SANMARTZIALAK Ea MA Y e )'í(-m- | 1997 a E "" = “SALUDA "" ' T - San Pedro y San Marcial AGURRA O CPruneses/as rundarrol En los últimos años, desde este pro",Todos los documentos del catalogo forman parte del corpus sanmarcialero local; las pistas automaticas deben contrastarse con la fuente original.
3b9a22f7be17,1997,1997,Programa de fiestas,1997B,Programa de fiestas,/home/gaizka/Alarde/Programas de fiestas/1997B.pdf,Catalogado con pistas automaticas pendientes de verificacion,Media/baja: OCR visual con pasajes detectados,0,3,3,"1, 3, 4","alarde, conflicto contemporaneo, recorrido",Referencia localizada por OCR visual; revisar contra imagen original,"7997 - San Pedro y San Marcial Z S — YE , d G D SALUDA ¿ni AO DGd G MA AGURRA ae Ae N dE e BE d Nos preparamos para cele | 7297 — SALUDA /— San Pedro y San Marcial SO RN gr k ( 1 0) g D 9 7 Querido Eueble de Srun Jrunge Aerre mailea: Un año má | E …j e- O GEE S ,__V,,_ PROGRAMA OFICIAL DE LAS FIESTAS C i | 7 DE SAN PEDRO Y SAN MARCIAL 1997 1997K0 SAN PEDRO ETA SAN",Todos los documentos del catalogo forman parte del corpus sanmarcialero local; las pistas automaticas deben contrastarse con la fuente original.
4e5ad789c694,1997,1997,Programa de fiestas,1997C,Programa de fiestas,/home/gaizka/Alarde/Programas de fiestas/1997C.pdf,Catalogado con pistas automaticas pendientes de verificacion,Media/baja: OCR visual con pasajes detectados,0,3,3,"1, 5, 6","companias, musica, recorrido, tamborrada",Referencia localizada por OCR visual; revisar contra imagen original,"E 23:00 horas E 23:00etan En la Plaza Urdanibia, ensayo de la Banda y Tamborrada Urdanibia plazan San Martzial Alardeko | E 79:00 horas E 19:00etan En Radio Irun, entrega de premios correspondientes al III n Irratian SAN MARTZIALAK'97ko IRUN | Pasaje localizado por OCR visual",Todos los documentos del catalogo forman parte del corpus sanmarcialero local; las pistas automaticas deben contrastarse con la fuente original.
4269765370fa,1997,1997,Programa de fiestas,1997D,Programa de fiestas,/home/gaizka/Alarde/Programas de fiestas/1997D.pdf,Catalogado con pistas automaticas pendientes de verificacion,Media/baja: OCR visual con pasajes detectados,0,4,4,"1, 2, 5, 6","artilleria, companias, mandos, musica, recorrido, ritual, tamborrada",Referencia localizada por OCR visual; revisar contra imagen original,") í r JUNIO - EKAINA_—_ H SZ SÁBADO - LARUNBATA L IU E 09:30 horas E 09:30etan — En el Polideportivo Municipal, 5* TROFE | kz Y E 18:00 horas M 78:00etan En el frontón Uranzu, XXVIII TROFEO INTER- Uranzu pilotalekuan SAN MARTZIALEKO NAZIO- NAC | | O » E T e Z ra TAMBORRADA O mT=r7—> (E ETT Julia Ollo Esparcia -| — = Ya N á | * r E E | i N < B Z dE — » y E GEE 2a € | E 70:00 horas K 10:00etan En la Sala Capitular de la Casa Consistorial , ENTREGA Udaletxeko Areto Nagusian BANDERINAK ET",Todos los documentos del catalogo forman parte del corpus sanmarcialero local; las pistas automaticas deben contrastarse con la fuente original.
94103ac3c9a0,1997,1997,Programa de fiestas,1997E,Programa de fiestas,/home/gaizka/Alarde/Programas de fiestas/1997E.pdf,Catalogado con pistas automaticas pendientes de verificacion,Media/baja: OCR visual con pasajes detectados,0,4,4,"1, 2, 4, 5","companias, mandos, musica, recorrido, ritual, tamborrada",Referencia localizada por OCR visual; revisar contra imagen original,"E 76:00 horas E 16:00etan REVISTA de las Fuerzas del Alarde por el General y su Jeneralak eta bere Ondorengo Buruzagiek | E 24:00 horas E 24:00etan De la Plaza del Ensanche, comienzo del CORRECA- Zabaltza plazatik KALE-JIRA hasiko da, “Trun H | Ohiko lekuetan ALBORADA E 06:00 horas E 06:00etan En la Plaza San Juan, la Banda del Alarde interpretará la San Juan pla | urtean zin esindakoa histórico monte San Marcial en cumplimiento del voto hecho betez, herri-gizon cta apaizen prozesioa",Todos los documentos del catalogo forman parte del corpus sanmarcialero local; las pistas automaticas deben contrastarse con la fuente original.
990d89dc6be6,1997,1997,Programa de fiestas,1997F,Programa de fiestas,/home/gaizka/Alarde/Programas de fiestas/1997F.pdf,Catalogado con pistas automaticas pendientes de verificacion,Media/baja: OCR visual con pasajes detectados,0,2,2,"3, 4","companias, musica, recorrido",Referencia localizada por OCR visual; revisar contra imagen original,"Pasaje localizado por OCR visual | GU E á f — Z E - u7 N E “ 77 EE EA í u ( a — S — — rr ___A_-x—-é E 77:00 horas E 17:00eian En la Plaza Urdanibia, U CONC",Todos los documentos del catalogo forman parte del corpus sanmarcialero local; las pistas automaticas deben contrastarse con la fuente original.
6b44ad30455c,1997,1997,Programa de fiestas,1997G,Programa de fiestas,/home/gaizka/Alarde/Programas de fiestas/1997G.pdf,Catalogado con pistas automaticas pendientes de verificacion,Media/baja: OCR visual con pasajes detectados,0,3,3,"1, 4, 5","alarde, cantineras, musica, recorrido",Referencia localizada por OCR visual; revisar contra imagen original,"l SAN MARTZIAL ME - — \ ' Exposición: C/ Juan Arana, 1 — 6245 Almacén: C/ Juan Arana, 3 — ;? | San Pedro y San Marciol í*r' Z d SZ SO d aaZ GSKZ T .( u K CALpuell de run, Las fiestas de San Pedro y San Marcial se si | “SALUDA o = uE … - | rango herriari, Kalean senti dira dagoeneko San Pedro eta San Martzial jaiak: hautatu dira kantiner",Todos los documentos del catalogo forman parte del corpus sanmarcialero local; las pistas automaticas deben contrastarse con la fuente original.
4ed761e4127e,1997,1997,Programa de fiestas,1997H,Programa de fiestas,/home/gaizka/Alarde/Programas de fiestas/1997H.pdf,Catalogado con pistas automaticas pendientes de verificacion,Media/baja: OCR visual con pasajes detectados,0,4,4,"1, 2, 3, 5","alarde, companias, conflicto contemporaneo, recorrido",Referencia localizada por OCR visual; revisar contra imagen original,Pasaje localizado por OCR visual | | E 08:00 horas E ut En el Polideportivo Municipal XXIV TORNEO INTERNA- Udal Kiroldegian SAN MARTZIALEKO XXIV. | (1 PREMIO CARTELES SAN MARCIAL 97) M DISEINUA ETA MAKETAZIOA: LINEA 3 DISEÑO Y MAQUETACIÓN: ESTUDIO GRÁFICO. | IRUNGO SANMARTZIALAK | 1997K0 EKAINEAN | SANMARCIALES De IRUN ¡ JUNIO DE 1997 | Accesit / Akzesita: PATRICIA SANCHEZ LAR,Todos los documentos del catalogo forman parte del corpus sanmarcialero local; las pistas automaticas deben contrastarse con la fuente original.
cf0e0ff30b23,1997,1997-03-01,Bidasoan - PH IRUN 0002,1997-03-01,Prensa o revista,/home/gaizka/Alarde/Revistas y periodicos/1997/1997-03-01 - Bidasoan - PH IRUN 0002.pdf,Catalogado con pistas automaticas pendientes de verificacion,Alta: texto extraido del PDF,0,4,0,,"companias, mandos, ritual, suspensiones/cambios",Referencia localizada por barrido textual,"Antigua ermita de San Antón, hoy caserío del mismo nombre, en el barrio de Estas aguas eran traídas | DIA DE SAN ISIDRO: BENDICION DE LOS CAMPOS | im perio con quien m ás ta rd e contrajo m atrim onio, según dos infor­ bición de tra to , com ercio | pos, y a su llegada, en muchas ocasiones, se ordenaba efectuar alarde de",Todos los documentos del catalogo forman parte del corpus sanmarcialero local; las pistas automaticas deben contrastarse con la fuente original.
462318750d39,1997,1997-06-01,Bidasoan - PH IRUN 0002,1997-06-01,Prensa o revista,/home/gaizka/Alarde/Revistas y periodicos/1997/1997-06-01 - Bidasoan - PH IRUN 0002.pdf,Catalogado con pistas automaticas pendientes de verificacion,Alta: texto extraido del PDF,0,8,0,,"Alarde, cantineras, companias, mandos, ritual",Referencia localizada por barrido textual,"14 Relación de mandos y cantineras del Alarde de San Marcial del año 1997 52 | CARTAS AL DIRECTOR | LA VENGANZA “No serás cantinera” | NACIONAL SAN MARCIAL DE JUDO, organizado por el Judo TEKO JUDO TXAPELKETA ¡zango da, Maki-Wara Judo Klubak | les fiestas de San Pedro y San Marcial. En esta ocasión, cuando estam os",Todos los documentos del catalogo forman parte del corpus sanmarcialero local; las pistas automaticas deben contrastarse con la fuente original.
7d957c877d12,1997,1997-06-19,Egunkaria,1997-06-19,Prensa o revista,/home/gaizka/Alarde/Revistas y periodicos/1997/1997-06-19 - Egunkaria.pdf,Catalogado con pistas automaticas pendientes de verificacion,Alta: texto extraido del PDF,0,2,0,,"companias, mandos, ritual",Referencia localizada por barrido textual,"Aldekoek. Usté dute Alarde tradi- Alardea kultur ondarearen | Descargak Osasuna Prome- jokaiari izango heldu den denbo- déla eta, minutu gehiago ditn",Todos los documentos del catalogo forman parte del corpus sanmarcialero local; las pistas automaticas deben contrastarse con la fuente original.
c538527722f7,1997,1997-06-20,Egunkaria,1997-06-20,Prensa o revista,/home/gaizka/Alarde/Revistas y periodicos/1997/1997-06-20 - Egunkaria.pdf,Catalogado con pistas automaticas pendientes de verificacion,Alta: texto extraido del PDF,0,2,0,,"Alarde, companias",Referencia localizada por barrido textual,"! rungo Alardearen lege egoera San Martzial eguna baino | Alardearen arautegia da auzitara Epaia San Martzial eguna (ekai- nez, ez dirudi arauen behin-",Todos los documentos del catalogo forman parte del corpus sanmarcialero local; las pistas automaticas deben contrastarse con la fuente original.
58b0db41c945,1997,1997-06-21,Egunkaria,1997-06-21,Prensa o revista,/home/gaizka/Alarde/Revistas y periodicos/1997/1997-06-21 - Egunkaria.pdf,Catalogado con pistas automaticas pendientes de verificacion,Alta: texto extraido del PDF,0,5,0,,"Alarde, companias, musica, ritual",Referencia localizada por barrido textual,"Arau hori otsailean salatu zu- HILAREN 30ean San Martzial egunean ospatuko den Alardea aldekoa ez ba | San martzial baino lehen izango da epaia, baina errekurtsoak iragarriak daude rekin. Hori déla eta, lehiake- | gelditu zen, eta San Martzial erabakia baino lehen zeuden mo- har dituztela gaineratu zuen. EAEko Ju | txistularien dianarekin eta etxa- lore sorta... antzinako ohitura hasiko da. Gaiteroek, dituzte drag | • Mikel Markez. San Juan ermitan,",Todos los documentos del catalogo forman parte del corpus sanmarcialero local; las pistas automaticas deben contrastarse con la fuente original.
0fb95ad53056,1997,1997-06-24,Egunkaria,1997-06-24,Prensa o revista,/home/gaizka/Alarde/Revistas y periodicos/1997/1997-06-24 - Egunkaria.pdf,Catalogado con pistas automaticas pendientes de verificacion,Alta: texto extraido del PDF,0,3,0,,"Alarde, musica, ritual",Referencia localizada por barrido textual,"argi zegoen bera- 3. Diana Rast (Suitza) 1.47ra Emakumeen Biran • Igandean | falta dirá San Martzial eguna ospatzeko, bai- | iritsi ermita aurrean 13:00etan",Todos los documentos del catalogo forman parte del corpus sanmarcialero local; las pistas automaticas deben contrastarse con la fuente original.
a03e1292f1ad,1997,1997-06-25,Egunkaria,1997-06-25,Prensa o revista,/home/gaizka/Alarde/Revistas y periodicos/1997/1997-06-25 - Egunkaria.pdf,Catalogado con pistas automaticas pendientes de verificacion,Alta: texto extraido del PDF,0,4,0,,"Alarde, companias",Referencia localizada por barrido textual,"du bat errekurritu zuten. Alarde- | egingo lirateke alarde tradizlonalaren | tan ukitzea. usté dute emakumeek. Beren iri- behinekoak dirá, eta dato- behinik behin. San Martzial | tan, Alarde tradizionala defendi-",Todos los documentos del catalogo forman parte del corpus sanmarcialero local; las pistas automaticas deben contrastarse con la fuente original.
e297143408be,1997,1997-06-26,Egunkaria,1997-06-26,Prensa o revista,/home/gaizka/Alarde/Revistas y periodicos/1997/1997-06-26 - Egunkaria.pdf,Catalogado; pendiente de indice humano,Alta: texto extraido del PDF,0,0,0,,,,,Todos los documentos del catalogo forman parte del corpus sanmarcialero local; las pistas automaticas deben contrastarse con la fuente original.
4c8dda020df7,1997,1997-06-27,Egunkaria,1997-06-27,Prensa o revista,/home/gaizka/Alarde/Revistas y periodicos/1997/1997-06-27 - Egunkaria.pdf,Catalogado; pendiente de indice humano,Alta: texto extraido del PDF,0,0,0,,,,,Todos los documentos del catalogo forman parte del corpus sanmarcialero local; las pistas automaticas deben contrastarse con la fuente original.
51a3e9a3da18,1997,1997-06-28,Egunkaria,1997-06-28,Prensa o revista,/home/gaizka/Alarde/Revistas y periodicos/1997/1997-06-28 - Egunkaria.pdf,Catalogado con pistas automaticas pendientes de verificacion,Alta: texto extraido del PDF,0,3,0,,"Alarde, companias, musica",Referencia localizada por barrido textual,"CABALLERO, Atxuri, Diputazioko suhiltzaileak 942.28.00 | Dianaren ostean, Barañaingo nahi dutenek lan zaila izango rriko hainbat taldek dantzen | artilleriaren ondoren eta Horrez gain, Betiko Alardearen ez udal organoa, eta atzoko bile- adierazi",Todos los documentos del catalogo forman parte del corpus sanmarcialero local; las pistas automaticas deben contrastarse con la fuente original.
2bde6512a647,1997,1997-06-29,Egunkaria,1997-06-29,Prensa o revista,/home/gaizka/Alarde/Revistas y periodicos/1997/1997-06-29 - Egunkaria.pdf,Catalogado con pistas automaticas pendientes de verificacion,Alta: texto extraido del PDF,0,6,0,,"Alarde, mandos, musica, ritual",Referencia localizada por barrido textual,"8:00: San Pedroko diana. | Alardea halakoa. Urteroko topa- rriada. Irundarrek jaia ñola sen- irundarren sentimendu berezko Nahi | udaran ñire amaren baserrira biltzen al zen San Martzial | zenbait alemaniarrek San Martzial konkis- zarataz: | ziren Hondarribian. Gertaeren ostean hainbatek, erreakzio gisa, proposamena atzera botatzea erabakit",Todos los documentos del catalogo forman parte del corpus sanmarcialero local; las pistas automaticas deben contrastarse con la fuente original.
0097cdf71ec2,1997,1997-07-01,Egunkaria,1997-07-01,Prensa o revista,/home/gaizka/Alarde/Revistas y periodicos/1997/1997-07-01 - Egunkaria.pdf,Catalogado con pistas automaticas pendientes de verificacion,Alta: texto extraido del PDF,0,6,0,,"Alarde, companias, mandos, ritual, suspensiones/cambios",Referencia localizada por barrido textual,Alarde ofizialaren ibilbidean zeu- | San Martzial jaietan bi alarde egin ziren | bi alarde izan ziren atzo Irunen | bidean —alarde alternatibora | lehen. San Martzial aldapan gora,Todos los documentos del catalogo forman parte del corpus sanmarcialero local; las pistas automaticas deben contrastarse con la fuente original.
8a140bdda17f,1997,1997-07-01,El Diario Vasco - Recortes,1997-07-01,Prensa o revista,/home/gaizka/Alarde/Revistas y periodicos/1997/1997-07-01 - El Diario Vasco - Recortes.pdf,Indice real iniciado con entrada curada,Media/baja: OCR visual con pasajes detectados,1,2,2,"6, 7","1997, alarde, conflicto, conflicto contemporaneo, organizacion, recorrido",Integrado en pagina 1996-1998 | Referencia localizada por OCR visual; revisar contra imagen original,"Recortes sobre dos alardes, suspension municipal y recorrido alternativo",Todos los documentos del catalogo forman parte del corpus sanmarcialero local; las pistas automaticas deben contrastarse con la fuente original.
497e82050453,1997,1997-07-01,El Pais - Irún boictotea a las mujeres soldado y las de a solas en el desfile festivo del Alarde Sociedad EL PAÍS,1997-07-01,Prensa o revista,/home/gaizka/Alarde/Revistas y periodicos/1997/1997-07-01 - El Pais - Irún boictotea a las mujeres soldado y las de a solas en el desfile festivo del Alarde Sociedad EL PAÍS.pdf,Catalogado con pistas automaticas pendientes de verificacion,Alta: texto extraido del PDF,0,4,0,,"cantineras, companias, mandos, musica, ritual, suspensiones/cambios",Referencia localizada por barrido textual,"MARIBEL MARÍN YARZA | Pidieron la dimisión del alcalde, que, pese a suspender el Alarde, subió a la | compañías decidieran, hace dos días, acatar él auto del tribunal y aceptar | solas en el desfile festivo del Alarde",Todos los documentos del catalogo forman parte del corpus sanmarcialero local; las pistas automaticas deben contrastarse con la fuente original.
aa2eb70d4498,1997,1997-07-02,Egunkaria,1997-07-02,Prensa o revista,/home/gaizka/Alarde/Revistas y periodicos/1997/1997-07-02 - Egunkaria.pdf,Catalogado con pistas automaticas pendientes de verificacion,Alta: texto extraido del PDF,0,4,0,,Alarde,Referencia localizada por barrido textual,"Zumarragako San Martzial | ra, bertako San Martzial jaien | tako San Martzial festak direla | tez, azkenean alarde alterna-",Todos los documentos del catalogo forman parte del corpus sanmarcialero local; las pistas automaticas deben contrastarse con la fuente original.
c35f36e91251,1997,1997-07-05,Egunkaria,1997-07-05,Prensa o revista,/home/gaizka/Alarde/Revistas y periodicos/1997/1997-07-05 - Egunkaria.pdf,Catalogado con pistas automaticas pendientes de verificacion,Alta: texto extraido del PDF,0,4,0,,"Alarde, ritual",Referencia localizada por barrido textual,"Alarde «konstituzionalistari» ez desagertutako | San Martin ermitan eskainiko | Susperregiren iritziz, egin nahi izan dutena «Alarde | tako mahastietan egiten den ardo zu- dentzio ermita, San Martingo eliza, tsuena 1397an «Gipuzkoako a",Todos los documentos del catalogo forman parte del corpus sanmarcialero local; las pistas automaticas deben contrastarse con la fuente original.
5b9d294bed51,1997,1997-07-06,Egunkaria,1997-07-06,Prensa o revista,/home/gaizka/Alarde/Revistas y periodicos/1997/1997-07-06 - Egunkaria.pdf,Catalogado con pistas automaticas pendientes de verificacion,Alta: texto extraido del PDF,0,4,0,,"Alarde, ritual",Referencia localizada por barrido textual,JAI ZORIONTSUAK OPA DIZKIZUE | jendearen artean ere mintzagai japerasutsua ez tuzionala adierazi nahian. Alarde | publiko elizgi- 17:30: Alarde berezia. | ■ Aurtengo San Martzial ezabatu zituzten:,Todos los documentos del catalogo forman parte del corpus sanmarcialero local; las pistas automaticas deben contrastarse con la fuente original.
91481b8ee80d,1997,1997-07-08,Egunkaria,1997-07-08,Prensa o revista,/home/gaizka/Alarde/Revistas y periodicos/1997/1997-07-08 - Egunkaria.pdf,Catalogado con pistas automaticas pendientes de verificacion,Alta: texto extraido del PDF,0,1,0,,Alarde,Referencia localizada por barrido textual,"rren marabila bailitzan. Eta ze demontre!, alarde-",Todos los documentos del catalogo forman parte del corpus sanmarcialero local; las pistas automaticas deben contrastarse con la fuente original.
4e4e2b2867bc,1997,1997-07-09,Egunkaria,1997-07-09,Prensa o revista,/home/gaizka/Alarde/Revistas y periodicos/1997/1997-07-09 - Egunkaria.pdf,Catalogado con pistas automaticas pendientes de verificacion,Alta: texto extraido del PDF,0,3,0,,Alarde,Referencia localizada por barrido textual,"Alarde tradizionala defendatzen zutenei eman zien azkenean ban- | Eta iritsi zen San Martzial eguna, eta Irunen des- Zenbait | nak sortutako ganadutegi horren Manuel Caballero: Jaioterria eta Pedro (Avila), 1991-111-30 (Auxilio",Todos los documentos del catalogo forman parte del corpus sanmarcialero local; las pistas automaticas deben contrastarse con la fuente original.
489c20478c42,1997,1997-07-10,Egunkaria,1997-07-10,Prensa o revista,/home/gaizka/Alarde/Revistas y periodicos/1997/1997-07-10 - Egunkaria.pdf,Catalogado con pistas automaticas pendientes de verificacion,Alta: texto extraido del PDF,0,1,0,,Alarde,Referencia localizada por barrido textual,dadin derrigorrez behar due- datorren irailaren Bko alarde-,Todos los documentos del catalogo forman parte del corpus sanmarcialero local; las pistas automaticas deben contrastarse con la fuente original.
43c907d8a275,1997,1997-07-11,Egunkaria,1997-07-11,Prensa o revista,/home/gaizka/Alarde/Revistas y periodicos/1997/1997-07-11 - Egunkaria.pdf,Catalogado con pistas automaticas pendientes de verificacion,Alta: texto extraido del PDF,0,4,0,,"Alarde, ritual",Referencia localizada por barrido textual,"C'undazioko patronatoa eta ba- tura borobildu» egiten Ermitage «hondamendi San | ermitan, Mala vida | na egin duten bere faena, zezen- da sariguztiak eskuratu dituen bat dirá. Entzierrotan, San Fer- ani | suna, hiru letretan esaten da. Ez arriskutsuago. Hugo Banzerrek baita. Beraiek ez dute nahi Alarde konstltuzionalis-",Todos los documentos del catalogo forman parte del corpus sanmarcialero local; las pistas automaticas deben contrastarse con la fuente original.
1adc1896a147,1997,1997-09-01,Bidasoan - PH IRUN 0002,1997-09-01,Prensa o revista,/home/gaizka/Alarde/Revistas y periodicos/1997/1997-09-01 - Bidasoan - PH IRUN 0002.pdf,Catalogado con pistas automaticas pendientes de verificacion,Alta: texto extraido del PDF,0,7,0,,"Alarde, cantineras, companias, mandos, musica, ritual",Referencia localizada por barrido textual,"EL ALARDE DE SAN MARCIAL A TORO PASADO | La Bandera de Hondarribia y el Alarde del 8 de Setiembre | Pueblo de Hondarribia conio Burgomaestre del Alarde algo que | bas compañero de la lozana bidasotarra, debemos indicarle a la esconderte, dándoles armas a los gusa | la mañana siguiente, San Marcial, de “irundarras”.",Todos los documentos del catalogo forman parte del corpus sanmarcialero local; las pistas automaticas deben contrastarse con la fuente original.
b8ee7655b08e,1997,1997-12-01,Bidasoan - PH IRUN 0002,1997-12-01,Prensa o revista,/home/gaizka/Alarde/Revistas y periodicos/1997/1997-12-01 - Bidasoan - PH IRUN 0002.pdf,Catalogado con pistas automaticas pendientes de verificacion,Alta: texto extraido del PDF,0,8,0,,"Alarde, companias, mandos, musica",Referencia localizada por barrido textual,"9 cm. y los saltos que dan los viajeros son impresionantes. Se está comentando, de acompañar con el | AQ Femmes contre Femmes ¿Alarde privado o disparates públicos? | FUSILAMIENTO DE LA PLAZA SAN JUAN | nal -basta con ser un papanatas- puede una persona mediana­ | ración todavía tenem os expertos que nos acompañan en sus I.- Que nos han colocado para siempre [?]",Todos los documentos del catalogo forman parte del corpus sanmarcialero local; las pistas automaticas deben contrastarse con la fuente original.
016477083385,1997,1997-12-01,El Irunés - Año 9 - Numero 43,1997-12-01,Prensa o revista,/home/gaizka/Alarde/Revistas y periodicos/1997/1997-12-01 - El Irunés - Año 9 - Numero 43.pdf,Catalogado con pistas automaticas pendientes de verificacion,Alta: texto extraido del PDF,0,5,0,,"cantineras, companias, mandos, musica, ritual, suspensiones/cambios",Referencia localizada por barrido textual,"C o rp o rac ió n M u n icip al y el C lero presidiendo al Alarde de Hondarribia 1.997 (Foto Llor) | Con récord de participación en el Alarde | El cabildo Parroquial y | de los prim eros chilibitos y tam bores, CatHldo Parroquial de Hondarribia presidiendo el Alarde connnemorativo del | en lo s c a m p o s d e H o n d a r rib ia y El Doctor Gamarra en compañía del resto de galardonados",Todos los documentos del catalogo forman parte del corpus sanmarcialero local; las pistas automaticas deben contrastarse con la fuente original.
8c027a1da522,1998,1998-02-01,El Irunés - Año 10 - Numero 44,1998-02-01,Prensa o revista,/home/gaizka/Alarde/Revistas y periodicos/1998/1998-02-01 - El Irunés - Año 10 - Numero 44.pdf,Catalogado con pistas automaticas pendientes de verificacion,Alta: texto extraido del PDF,0,8,0,,"Alarde, cantineras, companias, mandos, ritual",Referencia localizada por barrido textual,"Alarde de San Marcial, Música, | EL ALARDE EN TRANCE DE SU DESAPARICION? | EN 1.976 EL ALARDE DE SAN MARCIALA | EN 1976 EL ALARDE DE SAN MARCIAL..... 24 | Los defensores del Alarde tradicional de Irún y Hondarribia, han mostrado su SUMBILLA Y LOS ALARDES DE",Todos los documentos del catalogo forman parte del corpus sanmarcialero local; las pistas automaticas deben contrastarse con la fuente original.
be599846e38f,1998,1998-03-01,Bidasoan - PH IRUN 0002,1998-03-01,Prensa o revista,/home/gaizka/Alarde/Revistas y periodicos/1998/1998-03-01 - Bidasoan - PH IRUN 0002.pdf,Catalogado con pistas automaticas pendientes de verificacion,Alta: texto extraido del PDF,0,4,0,,"Alarde, companias, mandos, musica, ritual, suspensiones/cambios",Referencia localizada por barrido textual,"Portada histórica: ""Ermita de los Dolores"" colaboración o artículo para su publicación lo | Y PARA COLMO, LO AFIRMA UIM PROFESOR DE LA U.P.V. | puestos, y para demostraries, claramente, que el Alarde de San Marcial, procede, única y exclusivame | tramo), aceso al colegio Anaka y Diana, Se",Todos los documentos del catalogo forman parte del corpus sanmarcialero local; las pistas automaticas deben contrastarse con la fuente original.
c8791c9bda6d,1998,1998-03-01,El Irunés - Año 10 - Numero 45,1998-03-01,Prensa o revista,/home/gaizka/Alarde/Revistas y periodicos/1998/1998-03-01 - El Irunés - Año 10 - Numero 45.pdf,Catalogado con pistas automaticas pendientes de verificacion,Alta: texto extraido del PDF,0,6,0,,"Alarde, companias, mandos",Referencia localizada por barrido textual,"DEL ALARDE DE SAN MARCIAL | El Chef Iñaki Izaguirre degustando la sabrosa cocina en compañía del periodista El Chef Mikel y su p | gel, c o m e n z ó su a n d a d u ra c o n p aso Maritxu, durante muchos años la única anticuarla de | lla m a d a ""alarde"" no tien e p o r q u é re ­ | llam ada ""alarde"" no tien e p o r q u é re ­",Todos los documentos del catalogo forman parte del corpus sanmarcialero local; las pistas automaticas deben contrastarse con la fuente original.
55ebb8de879f,1998,1998-04-01,El Irunés - Año 10 - Numero 46,1998-04-01,Prensa o revista,/home/gaizka/Alarde/Revistas y periodicos/1998/1998-04-01 - El Irunés - Año 10 - Numero 46.pdf,Catalogado con pistas automaticas pendientes de verificacion,Alta: texto extraido del PDF,0,7,0,,"Alarde, cantineras, companias, mandos, ritual",Referencia localizada por barrido textual,"ACUERDO PARA REVITALIZAR | INCIDENTES DEL ALARDE DE | LA BIBLIA Y EL ALARDE ir | OPINIONES SOBRE EL ALARDE | m ar que es im prescindible que el d e­ Cantinera de la Compañía del Alarde de San Marcial: Meaka, Sta. Irene Serrano",Todos los documentos del catalogo forman parte del corpus sanmarcialero local; las pistas automaticas deben contrastarse con la fuente original.
60d93c97285e,1998,1998-06-01,Bidasoan - PH IRUN 0002,1998-06-01,Prensa o revista,/home/gaizka/Alarde/Revistas y periodicos/1998/1998-06-01 - Bidasoan - PH IRUN 0002.pdf,Catalogado con pistas automaticas pendientes de verificacion,Alta: texto extraido del PDF,0,8,0,,"Alarde, cantineras, companias, mandos, musica, ritual, suspensiones/cambios",Referencia localizada por barrido textual,"El opinara que las mujeres deban de participar o no eñ el Alarde como esco­ | Mandos, General del Alarde de San M arcial Saber, además, que es | PRESENTACION DE LAS CANTINERAS DEL ALARDE DEL PUEBLO 1998 | SALUDA DEL ALCALDE | SALUDO DE LA JUNTA DEL AUWDE DE SAN MARCIAL /",Todos los documentos del catalogo forman parte del corpus sanmarcialero local; las pistas automaticas deben contrastarse con la fuente original.
f9bf92917642,1998,1998-06-01,El Irunés - Año 10 - Numero 47,1998-06-01,Prensa o revista,/home/gaizka/Alarde/Revistas y periodicos/1998/1998-06-01 - El Irunés - Año 10 - Numero 47.pdf,Catalogado con pistas automaticas pendientes de verificacion,Alta: texto extraido del PDF,0,7,0,,"Alarde, cantineras, companias, mandos, musica",Referencia localizada por barrido textual,"(Irunés residente en Vitoria) CANTINERAS DEL ALARDE MUNICIPAL.... 39 EXITO DE LOS CAMPEONATOS | ALARDE DE IRUN | Beñardo Urtizberea, General del Alarde tradicional Alarde de San Marcial, La Junta del A larde está inte­ | Cristina Sansinenea, cantinera de San Miguel durante el excepcional desfile de | DOS AiARDES DE SAN MARCIAL...",Todos los documentos del catalogo forman parte del corpus sanmarcialero local; las pistas automaticas deben contrastarse con la fuente original.
a44b1a6f0a1c,1998,1998-06-17,Egunkaria,1998-06-17,Prensa o revista,/home/gaizka/Alarde/Revistas y periodicos/1998/1998-06-17 - Egunkaria.pdf,Catalogado con pistas automaticas pendientes de verificacion,Alta: texto extraido del PDF,0,6,0,,Alarde,Referencia localizada por barrido textual,Alarde alternatiboaren babesleek ez dute bide alternatibotik | IRUNGO Alarde Ofizialeko Behin- l a °a | Mendizalea eta arkeologoa gu- Eta eguna iritsi zen. Ikasleak urduri: hitz tzen ari diren alarde bietako bakoitzaren | alarde ez ofizialean | guk laz ohiko ibilbidetik kanpo ibili ziren Irungo alarde ez ofizialeko partaideak keztu du Auzitegi Gorenar®,Todos los documentos del catalogo forman parte del corpus sanmarcialero local; las pistas automaticas deben contrastarse con la fuente original.
21867f52afad,1998,1998-06-18,Egunkaria,1998-06-18,Prensa o revista,/home/gaizka/Alarde/Revistas y periodicos/1998/1998-06-18 - Egunkaria.pdf,Catalogado con pistas automaticas pendientes de verificacion,Alta: texto extraido del PDF,0,4,0,,"Alarde, musica",Referencia localizada por barrido textual,"EKAINAREN 30ean «Alarde bakar nahi da honekin? Honekin gaine- direnak hor jarraitzen dute ema- 30ean | egon daitezen Alarde ofi- garenok, ezin gaitezke egun ko betebeharrak eg | gorekin kontaktuan jaftzeko diana eta San Joan Martxa | rik», usté du Egizan taldeak. Alarde ofiziala antolatzen ari diren idatzi «irakurtezin eta lotsa- a",Todos los documentos del catalogo forman parte del corpus sanmarcialero local; las pistas automaticas deben contrastarse con la fuente original.
a75032612649,1998,1998-06-20,Egunkaria,1998-06-20,Prensa o revista,/home/gaizka/Alarde/Revistas y periodicos/1998/1998-06-20 - Egunkaria.pdf,Catalogado con pistas automaticas pendientes de verificacion,Alta: texto extraido del PDF,0,3,0,,Alarde,Referencia localizada por barrido textual,alarde ofizial eta alternatiboko ordezkariek hilera Albe | eta betiko ibilbidearekin. Alarde Ofizialaren Batzordeak ez | ■ Alarde tradizionalaren aldeko manifestazioa,Todos los documentos del catalogo forman parte del corpus sanmarcialero local; las pistas automaticas deben contrastarse con la fuente original.
dc64f2d74949,1998,1998-06-21,Egunkaria,1998-06-21,Prensa o revista,/home/gaizka/Alarde/Revistas y periodicos/1998/1998-06-21 - Egunkaria.pdf,Catalogado con pistas automaticas pendientes de verificacion,Alta: texto extraido del PDF,0,8,0,,Alarde,Referencia localizada por barrido textual,"?te Alarde kin harremanak izateagatik. Alfredo Perez Rubal- baztertzailea egitea egotzi zion EAJri. Joseba Egi- | Irungo Alarde ofizialeko behin-behineko batzordeko kideak, | Uen alarde | Urdanibia plaza- bildu dirá alarde tradizionalaren | dio Alarde ofizialak Barne Sailari ■ 'Sugearen iraultza'",Todos los documentos del catalogo forman parte del corpus sanmarcialero local; las pistas automaticas deben contrastarse con la fuente original.
07c02677edc1,1998,1998-06-23,Egunkaria,1998-06-23,Prensa o revista,/home/gaizka/Alarde/Revistas y periodicos/1998/1998-06-23 - Egunkaria.pdf,Catalogado con pistas automaticas pendientes de verificacion,Alta: texto extraido del PDF,0,3,0,,Alarde,Referencia localizada por barrido textual,egingo Irungo bi alarde® | elkarrekln topo egin eta iskan- Alarde ofiziala | ibiliko den Alarde ofizialarekin jartzea. X,Todos los documentos del catalogo forman parte del corpus sanmarcialero local; las pistas automaticas deben contrastarse con la fuente original.
3867365fa27b,1998,1998-06-25,Egunkaria,1998-06-25,Prensa o revista,/home/gaizka/Alarde/Revistas y periodicos/1998/1998-06-25 - Egunkaria.pdf,Catalogado con pistas automaticas pendientes de verificacion,Alta: texto extraido del PDF,0,2,0,,"Alarde, ritual",Referencia localizada por barrido textual,"Bi alarde ezberdin ordea, bortxatzailea Valentin | zutenak gero San Joan ermitan",Todos los documentos del catalogo forman parte del corpus sanmarcialero local; las pistas automaticas deben contrastarse con la fuente original.
66a70c583367,1998,1998-06-27,Egunkaria,1998-06-27,Prensa o revista,/home/gaizka/Alarde/Revistas y periodicos/1998/1998-06-27 - Egunkaria.pdf,Catalogado con pistas automaticas pendientes de verificacion,Alta: texto extraido del PDF,0,5,0,,"Alarde, musica, ritual",Referencia localizada por barrido textual,"bikoizteko, Ermitagaña, Donibane eta Iturraman lerro berria sortzeko eta Batxilergo enbat | eta txi- tzi Karmele Iriazabalek Irungo al- zioak eragozterajo badu ere orain Alarde tradizionalaren alde Eko | ko Alde Zaharreko San Francisco soberan diren ikasleak beste Iturrama eta Ermitagaña auzoe- Batxiler | txaranga. «Nik dakidala betida- 09:00: Diana. | txategik. «Herrizaingo Sailarenja- Alarde hori ez du behar bezala Aipatu erabakia apirilean",Todos los documentos del catalogo forman parte del corpus sanmarcialero local; las pistas automaticas deben contrastarse con la fuente original.
4b164d1fc319,1998,1998-06-28,Egunkaria,1998-06-28,Prensa o revista,/home/gaizka/Alarde/Revistas y periodicos/1998/1998-06-28 - Egunkaria.pdf,Catalogado con pistas automaticas pendientes de verificacion,Alta: texto extraido del PDF,0,8,0,,"Alarde, cantineras, companias",Referencia localizada por barrido textual,"*-en, ordea, Alarde horri roago gertatu zen, Fontella- | Alarde aterako baitira, bata ofizi- Istripuaren ondorioz | Cantinera izatea aldarrlkatu eta lortzeko» arriskua eki- lakotzat jotzera bultzatzen dute gizartea. | Suri tokirik uzten». Alarde tradizionala legez kanpokoa déla diote Bidasoaldeko Emakumeek. gertatu zen istripua. Mur- | an dutenek. Izan ere, Herrizain- rrean. Bertan, alkateak azaldu plazaratu zuen atzo Alarde ofizia- h",Todos los documentos del catalogo forman parte del corpus sanmarcialero local; las pistas automaticas deben contrastarse con la fuente original.
4e43f08f193e,1998,1998-06-30,Egunkaria,1998-06-30,Prensa o revista,/home/gaizka/Alarde/Revistas y periodicos/1998/1998-06-30 - Egunkaria.pdf,Catalogado con pistas automaticas pendientes de verificacion,Alta: texto extraido del PDF,0,8,0,,"Alarde, companias",Referencia localizada por barrido textual,"Ados jarri ezin, eta aurten ere banaturik ibiliko dirá irundarrak San Martzial | Alarde tradizionala goizeko 07:00etan aterako da eta Malatxak | Auzitegi Nagu- na», esan zuen, «eta herritarrén tzaile, Alarde tradizionalaren ere, bi alardeetako k | alarde egin ziren. Gaur ere, bi laguntza pare- | egin zuten atzo. Goian, Alarde ofizialeko hainbat kide. egin",Todos los documentos del catalogo forman parte del corpus sanmarcialero local; las pistas automaticas deben contrastarse con la fuente original.
1d1f0824432e,1998,1998-07-01,Egunkaria,1998-07-01,Prensa o revista,/home/gaizka/Alarde/Revistas y periodicos/1998/1998-07-01 - Egunkaria.pdf,Catalogado con pistas automaticas pendientes de verificacion,Alta: texto extraido del PDF,0,7,0,,"Alarde, ritual",Referencia localizada por barrido textual,"9 IRUNDARRAK bi taldetan banatu ziren atzo, San Martzial | Imnen, iazko bidetik, bi alarde egin ziren | Tentsio une batzuk izan arren, festa giroa nagusitu zen Irungo egun handian, atzo San martzial baitzen | ZURI-GORRI-BELTZEZ Alarde tradizionalaren urteetako liskar, iskanbilak eta ekimenez. ere, zenbait kasutan, gainera, | guztiak Alarde tradizio- Alarde ofizialean Ban- aurrenengoz andrez- Beste hainbat emaku- ber, muturrekoren bat eman—",Todos los documentos del catalogo forman parte del corpus sanmarcialero local; las pistas automaticas deben contrastarse con la fuente original.
9af577da435a,1998,1998-07-01,El Irunés - Año 10 - Numero 48,1998-07-01,Prensa o revista,/home/gaizka/Alarde/Revistas y periodicos/1998/1998-07-01 - El Irunés - Año 10 - Numero 48.pdf,Catalogado con pistas automaticas pendientes de verificacion,Alta: texto extraido del PDF,0,7,0,,"Alarde, cantineras, mandos",Referencia localizada por barrido textual,"A l ig u a l q u e e n la v ís p e ra o Cartel que presentó el Alarde del Pueblo de Irún durante los | ALARDE DE SAN MARCIAL-98 | D e sd e h ace tres m eses y m edio, La Cantinera del Barrio San Miguel d eo, re a liz a d o en tre | La Salle, objeto de la reunión Alarde S.M. | S U A /IA R IO",Todos los documentos del catalogo forman parte del corpus sanmarcialero local; las pistas automaticas deben contrastarse con la fuente original.
b9f1d412020b,1998,1998-09-01,Bidasoan - PH IRUN 0002,1998-09-01,Prensa o revista,/home/gaizka/Alarde/Revistas y periodicos/1998/1998-09-01 - Bidasoan - PH IRUN 0002.pdf,Catalogado con pistas automaticas pendientes de verificacion,Alta: texto extraido del PDF,0,5,0,,"Alarde, cantineras, companias, musica, ritual, suspensiones/cambios",Referencia localizada por barrido textual,"A las doce y cuarto.- Los GIGANTES Y CABEZUDOS acompañados por los DIANA. | Alarde de Hondarribia • Homenaje a Pepito Ardaiz Albizu | DIA 8 - MARTES | FEMENINO ""FIESTAS.DE HONDARRIBIA"" en el Frontón Soroeta. | REALIZA: losu Noain. EN LA REVISTA QUE EDITA: “BIDASOAN”. LA RESPONSABILIDAD CORRE A CARGO EXCLUSIVAMENTE DE SU AUTOR.",Todos los documentos del catalogo forman parte del corpus sanmarcialero local; las pistas automaticas deben contrastarse con la fuente original.
fa50fa065d77,1998,1998-12-01,Bidasoan - PH IRUN 0002,1998-12-01,Prensa o revista,/home/gaizka/Alarde/Revistas y periodicos/1998/1998-12-01 - Bidasoan - PH IRUN 0002.pdf,Catalogado con pistas automaticas pendientes de verificacion,Alta: texto extraido del PDF,0,6,0,,"companias, mandos, ritual",Referencia localizada por barrido textual,"Esta marquesina está en la Esta joya que pueden apre­ La entrada a la ermita de | MEAKA; PATRIMONIO HISTORICO Y NATURAL | Venía siempre acompañado de un joven contrahecho que fué | ca tienen un protagonismo único y absoluto. Gaxpar, como le lla­ A su familia y muy en particular a | denominado “Meaka, Aiako H arriak Parke Un pian de actuación en el barrio de Meaka y",Todos los documentos del catalogo forman parte del corpus sanmarcialero local; las pistas automaticas deben contrastarse con la fuente original.
4fc141a7fc9a,1999,1999-01-01,El Irunés - Año 11 - Numero 49,1999-01-01,Prensa o revista,/home/gaizka/Alarde/Revistas y periodicos/1999/1999-01-01 - El Irunés - Año 11 - Numero 49.pdf,Catalogado con pistas automaticas pendientes de verificacion,Alta: texto extraido del PDF,0,8,0,,"Alarde, cantineras, companias, mandos, ritual",Referencia localizada por barrido textual,"ALARDE DE HONDARRIBIA......................... i......................... 30 | El ingeniero irunés D. Patxi Sansierra, acompañado de su esposa Ana, hija Anita y to a entidades púb | LA SALLE SAN MARCIAL, 50 AÑOS 1948-1998 ...................... 67 | Las obras de reordenación del Monte San Marcial facilitará la llegada a la Ermita. de plantaciones que si no se hacen | Manzano, presidiendo el alarde 1.998, conmemorativo a la gesta histórica de 1.638.",Todos los documentos del catalogo forman parte del corpus sanmarcialero local; las pistas automaticas deben contrastarse con la fuente original.
8c63cde8fcdb,1999,1999-03-01,Bidasoan - PH IRUN 0002,1999-03-01,Prensa o revista,/home/gaizka/Alarde/Revistas y periodicos/1999/1999-03-01 - Bidasoan - PH IRUN 0002.pdf,Catalogado con pistas automaticas pendientes de verificacion,Alta: texto extraido del PDF,0,5,0,,"Alarde, companias, mandos, musica, ritual",Referencia localizada por barrido textual,"chan atentamente las disquisiciones del ""capitán"". El barco surca suave­ su visión de toda la masa d | ción, porque el bar es una pequeña marea humana, y se vuelve al Stadium, el 15 de mayo para el de ""S | lugar junto al A ltar Mayor, Pasos les acompañan hileras de hombres lle­ | morosas, de un gran realismo, sobre el Alarde de San Marcial. Cuando vol­ | sión- un panorama de ensueño. ""Hendaya, Biriatou, Béhobie, San Marcial, NOTAS",Todos los documentos del catalogo forman parte del corpus sanmarcialero local; las pistas automaticas deben contrastarse con la fuente original.
34517e61fe37,1999,1999-04-01,El Irunés - Año 11 - Numero 50,1999-04-01,Prensa o revista,/home/gaizka/Alarde/Revistas y periodicos/1999/1999-04-01 - El Irunés - Año 11 - Numero 50.pdf,Catalogado con pistas automaticas pendientes de verificacion,Alta: texto extraido del PDF,0,7,0,,"Alarde, companias, mandos",Referencia localizada por barrido textual,"ALARDE DE SAN MARCIAL | ALARDE DE SAN MARCIAL | Alarde de San Jornada organizada por la Cámara de Comercio de Gipuzitoa en homenaje a Ant | E n el alarde irunés le sucedió su 1953, es decir en el m es de las F ies­ Manolo Pedrós mató aun novillo de un | H O N D U R R IB in HONDARRIBIA",Todos los documentos del catalogo forman parte del corpus sanmarcialero local; las pistas automaticas deben contrastarse con la fuente original.
0e0846b56fb9,1999,1999-06-01,Bidasoan - PH IRUN 0002,1999-06-01,Prensa o revista,/home/gaizka/Alarde/Revistas y periodicos/1999/1999-06-01 - Bidasoan - PH IRUN 0002.pdf,Catalogado con pistas automaticas pendientes de verificacion,Alta: texto extraido del PDF,0,7,0,,"Alarde, cantineras, companias, mandos, musica, ritual",Referencia localizada por barrido textual,"Alarde y el Pueblo como principalprotapo- El nonagenario semanario irunés “El Bidasoa) (H .N .B .) 78 | C ) Alardeko Bandak, VILLARROBLEDOREN ('"") La Banda del Alarde interpretará la DIANA DE | En Irún lo venimos padeciendo últimamen­ rigen nuestro ayuntamiento. La mayoría de mos celebrar nues | SAN SEBASTIAN ERRAZU,11 | hiendo recipetuoMJ con lo que Lu Ordenanzaj noj dugula jakinik.",Todos los documentos del catalogo forman parte del corpus sanmarcialero local; las pistas automaticas deben contrastarse con la fuente original.
b45f4badd526,1999,1999-06-01,El Irunés - Año 11 - Numero 51,1999-06-01,Prensa o revista,/home/gaizka/Alarde/Revistas y periodicos/1999/1999-06-01 - El Irunés - Año 11 - Numero 51.pdf,Catalogado con pistas automaticas pendientes de verificacion,Alta: texto extraido del PDF,0,8,0,,"Alarde, cantineras, companias, mandos, ritual",Referencia localizada por barrido textual,"Juan A n tonio L ecuona CERCA DE MEDIO SIGLO EN EL ALARDE DE SAN MARCIAL................ .................... 28 | PUBLICACION INDEPENDIENTE DEL BIDASOA Y EUSKAL HERRIA-AQUITANI | TALG O IR U N -M A D R ID | beza? El alarde de la Ciudad, con los concejales, autoridades e invitados en el balcón de la Casa | cantada. R.- M e ha dado m ucha alegría V ictoriano N arvarte Gal; Cantinera:",Todos los documentos del catalogo forman parte del corpus sanmarcialero local; las pistas automaticas deben contrastarse con la fuente original.
6e8f01abfebe,1999,1999-07-01,El Irunés - Año 11 - Numero 52,1999-07-01,Prensa o revista,/home/gaizka/Alarde/Revistas y periodicos/1999/1999-07-01 - El Irunés - Año 11 - Numero 52.pdf,Catalogado con pistas automaticas pendientes de verificacion,Alta: texto extraido del PDF,0,8,0,,"Alarde, cantineras, companias, mandos, ritual",Referencia localizada por barrido textual,"A sim ism o , se ap ro b ó la m o d ifi­ B id aso a T u rism o im p u lsa un año LA JUNTA DEL ALARDE | AÑO 11 N2 52 JULIO / UZTAILA 1999 EXTRAORDINARIO SAN MARCIAL Y VERANO - IRUN 300 Pts. - 1î | COMPAÑIA DEL CASINO DE | ELIRUNES OTRO GRAN ALARDE DE SAN MARCIAL................................................................18 | La escuadra de Hacheros del Alarde de San Marcial,",Todos los documentos del catalogo forman parte del corpus sanmarcialero local; las pistas automaticas deben contrastarse con la fuente original.
76af7c3418ff,1999,1999-09-01,Bidasoan - PH IRUN 0002,1999-09-01,Prensa o revista,/home/gaizka/Alarde/Revistas y periodicos/1999/1999-09-01 - Bidasoan - PH IRUN 0002.pdf,Catalogado con pistas automaticas pendientes de verificacion,Alta: texto extraido del PDF,0,5,0,,"cantineras, companias, musica, ritual",Referencia localizada por barrido textual,"379-86-SS El pendón de San Marcial (Jaime Rodríguez) 71 | Renomremo.t, como de viene haciendo de,ide 1639 el Voto de gatik eskerrak eniateko, gure zaindari de | ción de las cantineras del presente año, con acom pañam iento de la | compañeros de diferentes colectivos anti­ de pelota y trinquete) en esta revista no | pre hemos estado en contra del Alarde o",Todos los documentos del catalogo forman parte del corpus sanmarcialero local; las pistas automaticas deben contrastarse con la fuente original.
82bb407d5f14,1999,1999-09-01,El Irunés - Año 11 - Numero 53,1999-09-01,Prensa o revista,/home/gaizka/Alarde/Revistas y periodicos/1999/1999-09-01 - El Irunés - Año 11 - Numero 53.pdf,Catalogado con pistas automaticas pendientes de verificacion,Alta: texto extraido del PDF,0,7,0,,"cantineras, companias, mandos, musica, ritual",Referencia localizada por barrido textual,"DURANTE LOS DIAS 6,7,8,9,10 Y 11 DE SETIEMBRE DE 1.999. | Desfile del Alarde de Hondarribia | ED U V IG IO T IF E , 54 AÑOS C O R N ETIN , ALARDE DE HO ND A RRIBIA ...... 9 | KANTALDI de ANJE DUHALDE en Santiago kalea. | Los GIGANTES Y CABEZUDOS acompañados por los gru­ A las tres y media de la tarde",Todos los documentos del catalogo forman parte del corpus sanmarcialero local; las pistas automaticas deben contrastarse con la fuente original.
179825ca9dde,1999,1999-12-01,Bidasoan - PH IRUN 0002,1999-12-01,Prensa o revista,/home/gaizka/Alarde/Revistas y periodicos/1999/1999-12-01 - Bidasoan - PH IRUN 0002.pdf,Catalogado con pistas automaticas pendientes de verificacion,Alta: texto extraido del PDF,0,5,0,,"Alarde, companias, mandos, ritual",Referencia localizada por barrido textual,"En el anterior número de BIDASOAN, 1.635, el concejo irunés (hoy. Corporación plena iglesia. El alca | ciar la M nblanza que ofrece la llegada de la La festividad de la Virgen y el origen del alarde (Pedro M .' C.) 90 | m ijn w número c a ji cien artículos jobre el Alarde, vu<to | pre-entrehamlento ha sido intenso, y , segura­ carretera camino de la ermita de San Marcial. | un compañero suyo, se movía regocijado y",Todos los documentos del catalogo forman parte del corpus sanmarcialero local; las pistas automaticas deben contrastarse con la fuente original.
82668dce87a0,1999,1999-12-01,El Irunés - Año 11 - Numero 54,1999-12-01,Prensa o revista,/home/gaizka/Alarde/Revistas y periodicos/1999/1999-12-01 - El Irunés - Año 11 - Numero 54.pdf,Catalogado con pistas automaticas pendientes de verificacion,Alta: texto extraido del PDF,0,5,0,,"Alarde, cantineras, mandos, ritual",Referencia localizada por barrido textual,"BATALLA DE SAN MARCIAL DE | Fue aprobado con los votos fa­ llosos el prem io, consistente en tres | Imagen de San Marcial, en la Ermita evocadora de la batalla ganada por los | UNA IRUNESA ELEGIDA ""MISS BIARRITZ"" | m undo encanado, entre los pistaches, hacheros le envían un saludo cari­",Todos los documentos del catalogo forman parte del corpus sanmarcialero local; las pistas automaticas deben contrastarse con la fuente original.
0fcf1cdd22ed,2000,2000-01-01,El Irunés - Año 12 - Numero 55,2000-01-01,Prensa o revista,/home/gaizka/Alarde/Revistas y periodicos/2000/2000-01-01 - El Irunés - Año 12 - Numero 55.pdf,Catalogado con pistas automaticas pendientes de verificacion,Alta: texto extraido del PDF,0,6,0,,"cantineras, companias, mandos, musica",Referencia localizada por barrido textual,"Alcalde, Burgomaestre y cantineras del Alarde de Hondarribia. (Foto archivo) | INDISCUTIBLE FIGURA DEL ALARDE 2.000 | Publicación Independiente del JOSETXO ALZAGA INDISCUTIBLE FIGURA DEL ALARDE 2000 .... 9 | dos milenios, Compañía | luego de Capitán, sucediéndo a otra CANTINERAS DEL FUERTE",Todos los documentos del catalogo forman parte del corpus sanmarcialero local; las pistas automaticas deben contrastarse con la fuente original.
b028db9e9dc2,2000,2000-03-01,Bidasoan - PH IRUN 0002,2000-03-01,Prensa o revista,/home/gaizka/Alarde/Revistas y periodicos/2000/2000-03-01 - Bidasoan - PH IRUN 0002.pdf,Catalogado con pistas automaticas pendientes de verificacion,Alta: texto extraido del PDF,0,5,0,,"Alarde, mandos, ritual",Referencia localizada por barrido textual,"HOMENAJE A L DOCTOR JU A R IST I | La primera foto de-1900, con el General ()el Alarde Jodé Indart. La últi­ | do lo,! d 'uparaban en e l Alarde)... do b u scar un resquicio por donde poder | si San M arcial, el monte, la ermita, ""seguían en se han producido por estos ruidos insoporta­ | su ermita. Durante la guerra y el largo exilio",Todos los documentos del catalogo forman parte del corpus sanmarcialero local; las pistas automaticas deben contrastarse con la fuente original.
b62a951ae6f1,2000,2000-03-01,El Irunés - Año 12 - Numero 56,2000-03-01,Prensa o revista,/home/gaizka/Alarde/Revistas y periodicos/2000/2000-03-01 - El Irunés - Año 12 - Numero 56.pdf,Catalogado con pistas automaticas pendientes de verificacion,Alta: texto extraido del PDF,0,6,0,,"Alarde, companias, ritual",Referencia localizada por barrido textual,ALARDE DE SAN MARCIAL d e la c o m p a ñ ía d e S a n tia g o ) se re ­ | JUNTA DEL ALARDE DE | a la Ermita de Santiagotxo. | a te n d e r a n u a lm e n te u n a m ed ia c e r­ Ermita de San Marcial. (Foto Archivo) | n es d e la b ib lio te c a so n el fo n d o DEL ALARDE DE SAN la sen d a d e la ra cio n alid ad to d o este,Todos los documentos del catalogo forman parte del corpus sanmarcialero local; las pistas automaticas deben contrastarse con la fuente original.
ac584c3bed87,2000,2000-05-01,El Irunés - Año 12 - Numero 57,2000-05-01,Prensa o revista,/home/gaizka/Alarde/Revistas y periodicos/2000/2000-05-01 - El Irunés - Año 12 - Numero 57.pdf,Catalogado con pistas automaticas pendientes de verificacion,Alta: texto extraido del PDF,0,7,0,,"Alarde, companias, mandos, ritual",Referencia localizada por barrido textual,"1990) en el momento emotivo de su intervención Restaurant Monte San Marcial. | Estación del Ferrocarril, Compañía del Norte. (Foto archivo) | N icolás «El inquieto» y Teodoro fecho de sí m ism o se levantó de su supuestas ordenanzas m unicipa | Preciosa portada del Programa del «Alarde del Pueblo» de 1998. Costeado por la colaboración del pueblo de Irun. | discrim inatorio, llam ado oficial o años de las descargas del Batallón de un único Alarde de San Marcial.",Todos los documentos del catalogo forman parte del corpus sanmarcialero local; las pistas automaticas deben contrastarse con la fuente original.
20f696b5c067,2000,2000-06-01,Bidasoan - PH IRUN 0002,2000-06-01,Prensa o revista,/home/gaizka/Alarde/Revistas y periodicos/2000/2000-06-01 - Bidasoan - PH IRUN 0002.pdf,Catalogado con pistas automaticas pendientes de verificacion,Alta: texto extraido del PDF,0,8,0,,"Alarde, cantineras, companias, mandos, musica, ritual, suspensiones/cambios",Referencia localizada por barrido textual,"Cartas al director ¿Queremos un solo Alarde? | D IC H A BANDERA. IR U N RECH A ZA M O S. “El mal llamado alarde oficial"". | Edita; La cantinera y el periodista ..................... (N)..... 14 | Irungo Jaiak 2000 | Meaka-Iparla en Benidorm (Axut) 76",Todos los documentos del catalogo forman parte del corpus sanmarcialero local; las pistas automaticas deben contrastarse con la fuente original.
aa048fa7994f,2000,2000-06-01,El Irunés - Año 12 - Numero 58,2000-06-01,Prensa o revista,/home/gaizka/Alarde/Revistas y periodicos/2000/2000-06-01 - El Irunés - Año 12 - Numero 58.pdf,Catalogado con pistas automaticas pendientes de verificacion,Alta: texto extraido del PDF,0,7,0,,"Alarde, cantineras, companias, mandos, ritual",Referencia localizada por barrido textual,"ALARDE DE LA COCINA VASCA T R A D IC IO N A L EN IBARLAKO J U A N IT A .. 80 | Alarde, por la G uerra E uropea (1 9 1 4 -1 9 1 8 ) | C A N TIN E R A S DEL ALARDE DE SAN M A R C IA L ..................................................... ... 24 | Juan, San M arcial, Sargia, L arretxipi, Erm ita, M olino plim iento del voto hecho por los C abildo | L Idoia Olasagasti Abad, cantinera del R eal Unión en 1987, arreglando el",Todos los documentos del catalogo forman parte del corpus sanmarcialero local; las pistas automaticas deben contrastarse con la fuente original.
dd4084ddee29,2000,2000-07-01,El Irunés - Año 12 - Numero 59,2000-07-01,Prensa o revista,/home/gaizka/Alarde/Revistas y periodicos/2000/2000-07-01 - El Irunés - Año 12 - Numero 59.pdf,Catalogado con pistas automaticas pendientes de verificacion,Alta: texto extraido del PDF,0,5,0,,"Alarde, cantineras, companias, mandos",Referencia localizada por barrido textual,"AÑO 12 - N° 59 JULIO / UZTAILA 2000 - IRUN 300 Pts. - EXTRAORDINARIO SAN MARCIAL Y VERANO | LA CANTINERA DE AZKEN PORTU EN JM PELUQUEROS , ' "" | de la presentación de las cantineras | para el día de San Marcial. | senciar el histórico Alarde de",Todos los documentos del catalogo forman parte del corpus sanmarcialero local; las pistas automaticas deben contrastarse con la fuente original.
376fc48e2abc,2000,2000-09-01,Bidasoan - PH IRUN 0002,2000-09-01,Prensa o revista,/home/gaizka/Alarde/Revistas y periodicos/2000/2000-09-01 - Bidasoan - PH IRUN 0002.pdf,Catalogado con pistas automaticas pendientes de verificacion,Alta: texto extraido del PDF,0,8,0,,"Alarde, cantineras, companias, musica, ritual, suspensiones/cambios",Referencia localizada por barrido textual,"1.638. IRAILAK 8 OSTIRALA | Apch. Correoj, 70 Las cosas del Alarde (Guadalupe Serrano) 10 | Ararteko y Alarde | Arratsaldeko seietan. ERRALDOI ETA BURUHAUNDIAK | CENTRO COMERCIAL TXINGUDI",Todos los documentos del catalogo forman parte del corpus sanmarcialero local; las pistas automaticas deben contrastarse con la fuente original.
d4d71a22f450,2000,2000-09-01,El Irunés - Año 12 - Numero 60,2000-09-01,Prensa o revista,/home/gaizka/Alarde/Revistas y periodicos/2000/2000-09-01 - El Irunés - Año 12 - Numero 60.pdf,Catalogado con pistas automaticas pendientes de verificacion,Alta: texto extraido del PDF,0,6,0,,"Alarde, cantineras, companias, ritual",Referencia localizada por barrido textual,"Compañía de la gerente del | DURANTE LOS DÍAS 6, 7, 8, 9,10 Y 11 DE SEPTIEMBRE DE 2000 | Más de 30 años vistiendo a las Compañías del Alarde de Hondarribia | SUSANA CALAVIA AGUINAGALDE FOTOCOPIAS Tel. 943 62 33 03 - IRUN | podía ser de otra forma, también tuvo de los caballeros del Jaun de AItzate.",Todos los documentos del catalogo forman parte del corpus sanmarcialero local; las pistas automaticas deben contrastarse con la fuente original.
3191094bf2dd,2000,2000-10-01,El Irunés - Año 12 - Numero 61,2000-10-01,Prensa o revista,/home/gaizka/Alarde/Revistas y periodicos/2000/2000-10-01 - El Irunés - Año 12 - Numero 61.pdf,Catalogado con pistas automaticas pendientes de verificacion,Alta: texto extraido del PDF,0,7,0,,"Alarde, cantineras, companias, mandos, musica, ritual",Referencia localizada por barrido textual,"A lard e, ca rg o q u e o cu p é en 1995 y La escuadra de Hacheros del Alarde de Hondarribia con la Tamborrada a su | CANTINERAS DEL ALARDE DE HONDARRIBIA...................... 26 LA MAESTRIA DEL JOVEN PIANISTA AITOR ODRIOZOLA...... 70 | EX-BURGOMAESTRE DEL ALARDE | El Burgomaestre del Alarde de Hondarribia en la campa de Guadalupe, con | LAS CANTINERAS DEL ALARDE",Todos los documentos del catalogo forman parte del corpus sanmarcialero local; las pistas automaticas deben contrastarse con la fuente original.
298c87124fee,2000,2000-12-01,Bidasoan - PH IRUN 0002,2000-12-01,Prensa o revista,/home/gaizka/Alarde/Revistas y periodicos/2000/2000-12-01 - Bidasoan - PH IRUN 0002.pdf,Catalogado con pistas automaticas pendientes de verificacion,Alta: texto extraido del PDF,0,5,0,,"Alarde, companias, mandos, musica, ritual",Referencia localizada por barrido textual,"20500 Irán Cuando se pretende mixtificar el Alarde de San Marcial (M anterola) 6 | edad, ciudadanos franceses adscritos al y su bella y exquisita compañera Begoña demoArado una vez má | el Alarde de San Marcial I | peta al hombro. El Alarde de San feccionando un libro que bajo el título | sentación, por fortuna, tuvieron la suerte cer y nominar como socios de honor, a los su exquisita y",Todos los documentos del catalogo forman parte del corpus sanmarcialero local; las pistas automaticas deben contrastarse con la fuente original.
58d739f6f2bf,2000,2000-12-01,El Irunés - Año 12 - Numero 62,2000-12-01,Prensa o revista,/home/gaizka/Alarde/Revistas y periodicos/2000/2000-12-01 - El Irunés - Año 12 - Numero 62.pdf,Catalogado con pistas automaticas pendientes de verificacion,Alta: texto extraido del PDF,0,7,0,,"Alarde, cantineras, companias, mandos, ritual, suspensiones/cambios",Referencia localizada por barrido textual,"ALARDE MIXTO b a jo el títu lo : “ P ro m e sa s | El histórico alarde de Hondarribia al pie del Castillo de Carlos V. lu g a r d e e n c u e n tro de c iu d a d a n o s y | Ermita de San Marcial en Irun. (Foto Cástor) | Estamos en: C/ San Marcial, 9 - IRUN | LOS HORARIO.S DEL ALARDE",Todos los documentos del catalogo forman parte del corpus sanmarcialero local; las pistas automaticas deben contrastarse con la fuente original.
b44ae34fc9d0,2001,2001-03-01,Bidasoan - PH IRUN 0002,2001-03-01,Prensa o revista,/home/gaizka/Alarde/Revistas y periodicos/2001/2001-03-01 - Bidasoan - PH IRUN 0002.pdf,Catalogado con pistas automaticas pendientes de verificacion,Alta: texto extraido del PDF,0,8,0,,"Alarde, companias, mandos, musica, ritual, suspensiones/cambios",Referencia localizada por barrido textual,"Precio del ejemplar: Reunión anual de los ex-alumnos del colegio de San Marcial-La Salle (C.A.D.) 43 | ciones, y tanto mi compañera como yo, pudimos acceder al | compañera, Inmaculada, que regentando el Morondo BerrI, tienen, y para ser más felices, tener la sue | dicha unidad de nuestro Alarde. Dicho arti­ | ermita coronando el verde nwnte.",Todos los documentos del catalogo forman parte del corpus sanmarcialero local; las pistas automaticas deben contrastarse con la fuente original.
49e5b8c5ac78,2001,2001-03-01,El Irunés - Año 13 - Numero 63,2001-03-01,Prensa o revista,/home/gaizka/Alarde/Revistas y periodicos/2001/2001-03-01 - El Irunés - Año 13 - Numero 63.pdf,Catalogado con pistas automaticas pendientes de verificacion,Alta: texto extraido del PDF,0,7,0,,"Alarde, cantineras, companias, mandos, musica, ritual",Referencia localizada por barrido textual,"Bidasoa, nuestro río internacional, lo teníam os en el consulado desde chocolate...cuando un caballe | Cultural Banda de Música Ciudad de acompañase la querida obra vasca. de GIBANTZAR, especialmente de | MANOS LA MARCHA DE SAN MARCIAL | Si en el Alarde todos los años | TORNO AL ALARDE DE SAN",Todos los documentos del catalogo forman parte del corpus sanmarcialero local; las pistas automaticas deben contrastarse con la fuente original.
f84406bcfb3f,2001,2001-06-01,Bidasoan - PH IRUN 0002,2001-06-01,Prensa o revista,/home/gaizka/Alarde/Revistas y periodicos/2001/2001-06-01 - Bidasoan - PH IRUN 0002.pdf,Catalogado con pistas automaticas pendientes de verificacion,Alta: texto extraido del PDF,0,6,0,,"Alarde, companias, mandos, musica, ritual, suspensiones/cambios",Referencia localizada por barrido textual,"Alarde a la vista. la z garbi erakutji genuenez, | Gora San Martzial! | Irungo Jaiak 2001 | San Marcial. Obispo de Limoges (Josefa M- Setién) 11 | momento m uy emotivo de nuestro Alarde de",Todos los documentos del catalogo forman parte del corpus sanmarcialero local; las pistas automaticas deben contrastarse con la fuente original.
c284d9014917,2001,2001-06-01,El Irunés - Año 13 - Numero 64,2001-06-01,Prensa o revista,/home/gaizka/Alarde/Revistas y periodicos/2001/2001-06-01 - El Irunés - Año 13 - Numero 64.pdf,Catalogado con pistas automaticas pendientes de verificacion,Alta: texto extraido del PDF,0,7,0,,"cantineras, companias, mandos, musica",Referencia localizada por barrido textual,Alarde en el que tantos años desfiló bien de | EXTRAORDINARIO VERANO Y TRADICIONALES FIESTAS DE SAN PEDRO Y SAN MARCIAL | Gora San Martzial! | LAS DECANAS DE CANTINERAS DEL ALARDE | NUESTRA CANTINERA (MEAKA),Todos los documentos del catalogo forman parte del corpus sanmarcialero local; las pistas automaticas deben contrastarse con la fuente original.
2464a0ff8a2f,2001,2001-07-01,El Irunés - Año 13 - Numero 65,2001-07-01,Prensa o revista,/home/gaizka/Alarde/Revistas y periodicos/2001/2001-07-01 - El Irunés - Año 13 - Numero 65.pdf,Catalogado con pistas automaticas pendientes de verificacion,Alta: texto extraido del PDF,0,7,0,,"cantineras, companias, mandos, musica, ritual, suspensiones/cambios",Referencia localizada por barrido textual,"A 4É j La Compañía del barrio Bidasoa a su salida en dirección a | CERCA DE 8.000 HOMBRES Y 19 CANTINERAS | EXTRAORDINARIO VERANO Y BALANCE DE FIESTAS DE SAN PEDRO Y SAN MARCIAL | El Comandante del Alarde, Javier Iriarte, durante la concentración | Grupo de soldados del Alarde de San Marcial. (Foto Goiko, Bera)",Todos los documentos del catalogo forman parte del corpus sanmarcialero local; las pistas automaticas deben contrastarse con la fuente original.
7ed6a9c18789,2001,2001-09-01,Bidasoan - PH IRUN 0002,2001-09-01,Prensa o revista,/home/gaizka/Alarde/Revistas y periodicos/2001/2001-09-01 - Bidasoan - PH IRUN 0002.pdf,Catalogado con pistas automaticas pendientes de verificacion,Alta: texto extraido del PDF,0,6,0,,"Alarde, cantineras, companias, mandos, musica, ritual",Referencia localizada por barrido textual,"Aun cuando no recuerdo con exactitud, creo que fue en 1.983 cuando publiqué el libro ""Orígenes del A | DIA 6 - JU EV ES IRAIEAK 6 - OSTEGUNA | Juan Ignacio Viednia • El alarde de 1881 ...y de 1880 (Jesús Rubio Pilarte) 41 | Seguidam ente la Tamborrada recorrerá las calles de Ta Ciudad, | sin'en de homenaje a todo un pueblo que cele­ Alarde de 1880 en la prensa donostiarra (S. Colina) 1 1 0",Todos los documentos del catalogo forman parte del corpus sanmarcialero local; las pistas automaticas deben contrastarse con la fuente original.
8cba0f4fe977,2001,2001-09-01,El Irunés - Año 13 - Numero 66,2001-09-01,Prensa o revista,/home/gaizka/Alarde/Revistas y periodicos/2001/2001-09-01 - El Irunés - Año 13 - Numero 66.pdf,Catalogado con pistas automaticas pendientes de verificacion,Alta: texto extraido del PDF,0,5,0,,"Alarde, cantineras, companias, musica, ritual, suspensiones/cambios",Referencia localizada por barrido textual,23:30: CONCIERTO EXTRAORDINA­ | Alarde y todos los actos y festejos | CANTINERAS DEL ALARDE DE H O N D A R R IB IA ............... 14 | La corporación municipal de Hondarribia en el desfile del histórico Alarde. (Foto Llor) | MONSENOR SPELLMAN DEVOTO DE G UA DALUPE....... 28 CAFETERIAS RISCO Y CIABOGA APUESTAN POR IRUN 64,Todos los documentos del catalogo forman parte del corpus sanmarcialero local; las pistas automaticas deben contrastarse con la fuente original.
c9e0bbdbb9ab,2001,2001-10-01,El Irunés - Año 13 - Numero 67,2001-10-01,Prensa o revista,/home/gaizka/Alarde/Revistas y periodicos/2001/2001-10-01 - El Irunés - Año 13 - Numero 67.pdf,Catalogado con pistas automaticas pendientes de verificacion,Alta: texto extraido del PDF,0,5,0,,"Alarde, cantineras, companias, mandos, musica",Referencia localizada por barrido textual,"COM PONENTES EN EL ALARDE | D. Luis Rodríguez, popular General del Alarde de San Marcial | DE IRUN EN EL ALARDE DE | INFORM ACION Y FOTOS ALARDE HOND ARRIBIA .......... .................... 5 Gale | Olearso Arrantzaleen Kofradia Artillería",Todos los documentos del catalogo forman parte del corpus sanmarcialero local; las pistas automaticas deben contrastarse con la fuente original.
e2ac5a7d48a4,2001,2001-12-01,Bidasoan - PH IRUN 0002,2001-12-01,Prensa o revista,/home/gaizka/Alarde/Revistas y periodicos/2001/2001-12-01 - Bidasoan - PH IRUN 0002.pdf,Catalogado con pistas automaticas pendientes de verificacion,Alta: texto extraido del PDF,0,7,0,,"Alarde, companias, suspensiones/cambios",Referencia localizada por barrido textual,"1-7-01 tnu la celebración M Alarde Se San M arcial en la citi- | Publicidad; El Alarde del Pueblo de Irún (Antonio Aram buru) 56 | del alejamiento ideoLígico de siu tesis respecto a l Alarde, de la organizar siempre todas las ac­ n | durante las fiestas de San Marcial. Por for­ folios. Además, quitaría esta nota el tono de | lue otro niño despechado, por haberse enterado de los mismo a través de otra niña rado algo para aco",Todos los documentos del catalogo forman parte del corpus sanmarcialero local; las pistas automaticas deben contrastarse con la fuente original.
0b92074ccf15,2001,2001-12-01,El Irunés - Año 13 - Numero 68,2001-12-01,Prensa o revista,/home/gaizka/Alarde/Revistas y periodicos/2001/2001-12-01 - El Irunés - Año 13 - Numero 68.pdf,Catalogado con pistas automaticas pendientes de verificacion,Alta: texto extraido del PDF,0,3,0,,"Alarde, companias",Referencia localizada por barrido textual,VETERANO S DEL BA R R IO DE | a los hacheros que inician los desfiles | sus aguas mineral extrai'do en las cercanas minas. Alarde de armas en procesión hasta el Santuario,Todos los documentos del catalogo forman parte del corpus sanmarcialero local; las pistas automaticas deben contrastarse con la fuente original.
daf34f6eeba8,2002,2002-01-01,El Irunés - Año 14 - Numero 69,2002-01-01,Prensa o revista,/home/gaizka/Alarde/Revistas y periodicos/2002/2002-01-01 - El Irunés - Año 14 - Numero 69.pdf,Catalogado con pistas automaticas pendientes de verificacion,Alta: texto extraido del PDF,0,4,0,,"Alarde, mandos, ritual",Referencia localizada por barrido textual,"20302 IRUN 20100 RENTERIA | Jaizkibel, en este últim o caso a través Ferm ín L ecuona com o capitán y en | algunas de las señaladas por el célebre P a m p lo n a , ten ía n en la “ R u ta del Santa M aría de | celebraban San Marcial^ reuniéndose",Todos los documentos del catalogo forman parte del corpus sanmarcialero local; las pistas automaticas deben contrastarse con la fuente original.
7e7e4e6dbe21,2002,2002-03-01,Bidasoan - PH IRUN 0002,2002-03-01,Prensa o revista,/home/gaizka/Alarde/Revistas y periodicos/2002/2002-03-01 - Bidasoan - PH IRUN 0002.pdf,Catalogado con pistas automaticas pendientes de verificacion,Alta: texto extraido del PDF,0,5,0,,"Alarde, cantineras, companias, musica, ritual, suspensiones/cambios",Referencia localizada por barrido textual,"""l3os trajes de cantinera, 40-80 ptas.; es bien claro, cu an d o dice: “E n los | K erexeta, al no p oder dem o strar la fueron de caballería en el a la rd e ”, y en ble, y d ejarem | Las misas en la ermita de San Marcial (Antonio A ram buru) | del im presentable ""informe histórico” ""Por poco que revisemos nuestra histo­ exhibición anual"", el alarde de armas), al | “alarde"" de 1868 hallam os un a cu en ta M á s m e n tira s m o rro c o tu d a s. D ice",Todos los documentos del catalogo forman parte del corpus sanmarcialero local; las pistas automaticas deben contrastarse con la fuente original.
a28e7c6bb955,2002,2002-03-01,El Irunés - Año 14 - Numero 70,2002-03-01,Prensa o revista,/home/gaizka/Alarde/Revistas y periodicos/2002/2002-03-01 - El Irunés - Año 14 - Numero 70.pdf,Catalogado con pistas automaticas pendientes de verificacion,Alta: texto extraido del PDF,0,5,0,,"Alarde, companias, mandos, ritual, suspensiones/cambios",Referencia localizada por barrido textual,"Alarde de San M arcial y las viejas | Marín, que el trazado cruza ocho veces. fiestas de 1976, entregando un obsequio al p o p u la r irun | en la localidad bidasotarra de Ituren en Alarde de San Marcial, entiende en un | fachada exterior siguen siendo de piedra en Madrid y posteriormente en Brasil teniendo por compañero | y la N-121 B (Dancharinea). granja avícola en la calle Ermita de Irún",Todos los documentos del catalogo forman parte del corpus sanmarcialero local; las pistas automaticas deben contrastarse con la fuente original.
6438c21e0dde,2002,2002-06-01,Bidasoan - PH IRUN 0002,2002-06-01,Prensa o revista,/home/gaizka/Alarde/Revistas y periodicos/2002/2002-06-01 - Bidasoan - PH IRUN 0002.pdf,Catalogado con pistas automaticas pendientes de verificacion,Alta: texto extraido del PDF,0,8,0,,"Alarde, companias, mandos, ritual",Referencia localizada por barrido textual,"Alarde de regím enes de particip ación tan disjuntos es una asign a­ T ra s lo s e n o rm e s f r a | Estamos en: C/ San Marcial, 9 • IRUN | FOTOGRÁFICO POPULAR D E SAN MARCIAL. ""Cario"" antzezlana antzeztuko du. Eguraldi txarra egiten badu AMAIA KZn | TICA A SAN MARCIAL organizada por Bidasoa Atletico Taldea. 11:30 Urdanibia plazatik irtengo dira BIDASOAKO lOALDUNAK, | de Bidasoari, como nuevo General del Alarde.",Todos los documentos del catalogo forman parte del corpus sanmarcialero local; las pistas automaticas deben contrastarse con la fuente original.
d00cda060b26,2002,2002-06-01,El Irunés - Año 14 - Numero 71,2002-06-01,Prensa o revista,/home/gaizka/Alarde/Revistas y periodicos/2002/2002-06-01 - El Irunés - Año 14 - Numero 71.pdf,Catalogado con pistas automaticas pendientes de verificacion,Alta: texto extraido del PDF,0,7,0,,"cantineras, companias, mandos, musica",Referencia localizada por barrido textual,"C A B A L L E R IA 5"" P R IM E R A D E L P U E B L O , | Desfile del Alarde de S^n Marcial desde la Plazoleta del Juncal. (Foto Lamia). | EXTRAORDINARIO TRADICIONALES FIESTAS DE SAN PEDRO Y SAN MARCIAL | FIESTAS DE SAN PEDRO Y SAN MARCIAL 2002 | Gora San Martzial!",Todos los documentos del catalogo forman parte del corpus sanmarcialero local; las pistas automaticas deben contrastarse con la fuente original.
b2fe7b417f67,2002,2002-07-01,El Irunés - Año 14 - Numero 72,2002-07-01,Prensa o revista,/home/gaizka/Alarde/Revistas y periodicos/2002/2002-07-01 - El Irunés - Año 14 - Numero 72.pdf,Catalogado con pistas automaticas pendientes de verificacion,Alta: texto extraido del PDF,0,7,0,,"cantineras, companias, mandos, musica, ritual",Referencia localizada por barrido textual,"ALREDEDOR DE 8.000 PARTICIPANTES EN EL ALARDE ... 5 O PIN ION -CARTAS-COM EN TARIOS................. | Anual del Alarde “sanmarcialero”, | BAR SALON IRUÑA CON LA COMPAÑIA SAN MIGUEL 25 | CON 19 CANTINERAS EN EL ALARDE DE IRÚN | EXTRAORDINARIO DE VERANO Y BALANCE DE FIESTAS DE SAN PEDRO Y SAN MARCIAL",Todos los documentos del catalogo forman parte del corpus sanmarcialero local; las pistas automaticas deben contrastarse con la fuente original.
92cfa8771459,2002,2002-08-01,El Irunés - Año 14 - Numero 73,2002-08-01,Prensa o revista,/home/gaizka/Alarde/Revistas y periodicos/2002/2002-08-01 - El Irunés - Año 14 - Numero 73.pdf,Catalogado con pistas automaticas pendientes de verificacion,Alta: texto extraido del PDF,0,5,0,,"cantineras, companias, musica, ritual",Referencia localizada por barrido textual,12:00 ATRACCIONES INFAN­ | CANTINERAS DEL ALARDE DE H O N D A R R IB IA . 10 REPRESENTACION PAMPLONESA EN LAS FIESTAS DE BA IO NA . 48 | DIA 9 -L U N E S | Descarga de Artillería por parte de la | San Telmo de TIRO CON ARCO,Todos los documentos del catalogo forman parte del corpus sanmarcialero local; las pistas automaticas deben contrastarse con la fuente original.
12bc8727b6ee,2002,2002-09-01,Bidasoan - PH IRUN 0002,2002-09-01,Prensa o revista,/home/gaizka/Alarde/Revistas y periodicos/2002/2002-09-01 - Bidasoan - PH IRUN 0002.pdf,Catalogado con pistas automaticas pendientes de verificacion,Alta: texto extraido del PDF,0,4,0,,"Alarde, companias, musica, ritual",Referencia localizada por barrido textual,"18:00 • VIII CO N CU R SO DE GRAFITI juvenil y III CO N ­ | Alarde Fundazioak hondarríbitar giiztioi Alarde Fundazioa desea a todos los | Seguidamente la Tamborrada recorrerá las calles de la Ciudad. | del Jubilado, recorrerán las calles de la ciudad acompañando a",Todos los documentos del catalogo forman parte del corpus sanmarcialero local; las pistas automaticas deben contrastarse con la fuente original.
c5d26fd32e05,2002,2002-10-01,El Irunés - Año 14 - Numero 74,2002-10-01,Prensa o revista,/home/gaizka/Alarde/Revistas y periodicos/2002/2002-10-01 - El Irunés - Año 14 - Numero 74.pdf,Catalogado con pistas automaticas pendientes de verificacion,Alta: texto extraido del PDF,0,8,0,,"Alarde, cantineras, companias",Referencia localizada por barrido textual,"Alarde de Hondarribia 2002 | EXTRAORDINARIO OTOÑO - BALANCE DEL VERANO Y TRADICIONALES FIESTAS DE HONDARRIBIA | GRANDEZA DEL HISTORICO ALARDE DE HONDARRIBIA 2002....... 7 | H O NDARRIBIA, LA CIUDAD M ARCIAL | HABRIA GUSTADO SER CANTINERA DE",Todos los documentos del catalogo forman parte del corpus sanmarcialero local; las pistas automaticas deben contrastarse con la fuente original.
61651e9ae661,2002,2002-12-01,Bidasoan - PH IRUN 0002,2002-12-01,Prensa o revista,/home/gaizka/Alarde/Revistas y periodicos/2002/2002-12-01 - Bidasoan - PH IRUN 0002.pdf,Catalogado con pistas automaticas pendientes de verificacion,Alta: texto extraido del PDF,0,4,0,,"Alarde, companias, ritual",Referencia localizada por barrido textual,"Alarde efectúa sus descargas. Cortijo) | Estamos en: C/ San Marcial, 9 • IRU^ | do, va a camiar fundamentalmente comercios. El Alarde de San dijo el poeta, o alguien que pasaba | tabique en su casa, asi como hacer trabajos su personaje Maria , oyó los tres silbidos de (2) En la",Todos los documentos del catalogo forman parte del corpus sanmarcialero local; las pistas automaticas deben contrastarse con la fuente original.
8a09697cb96c,2002,2002-12-01,El Irunés - Año 14 - Numero 75,2002-12-01,Prensa o revista,/home/gaizka/Alarde/Revistas y periodicos/2002/2002-12-01 - El Irunés - Año 14 - Numero 75.pdf,Catalogado con pistas automaticas pendientes de verificacion,Alta: texto extraido del PDF,0,6,0,,"Alarde, cantineras, companias, mandos, ritual",Referencia localizada por barrido textual,"55 M IL L O N E S 518.356 Desfile del Alarde de San Marcial en 1902. Descendiendo la calle Escuelas dirección a la | Alarde de San Marcial y Teniente de Alcalde de la Ciudad de Irún. (Foto Archivo). | El paraje de Ibarla (barrio irunés de Meaka). (Foto Iñaki Lekuona). a ver la revista, por el enorm e | María Elena Etxegoyen GaztelumendI, Cantinera de la Caballería del Alarde de San Marcial | Vasco. a 800 francos el kilo, anteriorm ente pasacalles, misas rezadas en la Ermita",Todos los documentos del catalogo forman parte del corpus sanmarcialero local; las pistas automaticas deben contrastarse con la fuente original.
5d2ab1309218,2003,2003-03-01,Bidasoan - PH IRUN 0002,2003-03-01,Prensa o revista,/home/gaizka/Alarde/Revistas y periodicos/2003/2003-03-01 - Bidasoan - PH IRUN 0002.pdf,Catalogado con pistas automaticas pendientes de verificacion,Alta: texto extraido del PDF,0,5,0,,"Alarde, companias",Referencia localizada por barrido textual,"Se acompañan estH s c a r t a s , que un idas a la s a n t e r i o r e s , ejcpresan | bre que con su comportamiento caballeroso el más práctico afinamiento del espíritu de sus cas. Otros | laridades del D erecho respecto al Alarde de San Marcial, en ese | navarro e irunés de adopción, este caballero de gran (1) ...quisiera reflejar también, que el sacerd | í'^P^^erPs y otras compañeras, como son ""Isabel"", tratados, justifican, que unas y otros, avalan sob",Todos los documentos del catalogo forman parte del corpus sanmarcialero local; las pistas automaticas deben contrastarse con la fuente original.
525e82707e42,2003,2003-06-01,Bidasoan - PH IRUN 0002,2003-06-01,Prensa o revista,/home/gaizka/Alarde/Revistas y periodicos/2003/2003-06-01 - Bidasoan - PH IRUN 0002.pdf,Catalogado con pistas automaticas pendientes de verificacion,Alta: texto extraido del PDF,0,8,0,,"Alarde, cantineras, companias",Referencia localizada por barrido textual,"20:00 horas En la Plaza San Juan, ESPECTÁCULO CIRCENSE. Actuación de la 20:00etan San Juan plazan, Z | 23 DE JUNIO (LUNES) EKAINAK 23 (ASTELEHENA) | Cora San Pedro e ta San M a rtz ia l! C ora Iru n ! ¡Viva San Pedro y San Marcial!, ¡Viva Irun! | Estamos en: C/ San Marcial, 9 • IRUN | Gora San Martzial!",Todos los documentos del catalogo forman parte del corpus sanmarcialero local; las pistas automaticas deben contrastarse con la fuente original.
aaff5ff351f6,2003,2003-09-01,Bidasoan - PH IRUN 0002,2003-09-01,Prensa o revista,/home/gaizka/Alarde/Revistas y periodicos/2003/2003-09-01 - Bidasoan - PH IRUN 0002.pdf,Catalogado con pistas automaticas pendientes de verificacion,Alta: texto extraido del PDF,0,8,0,,"Alarde, cantineras, companias, musica, ritual, suspensiones/cambios",Referencia localizada por barrido textual,IR A IL A K ll -OSTEGUNA | IRAILAK 7 - IGANDEA | IRUN- 1 0 -0 7 -2 0 0 3 Relación de personas que han ostentado el cargo de burgom aestre del Alarde' | JOXE ALBERDI ARRILLAGA Guadalupekoa! | Javier Iriarte com andante del Alarde del pueblo,Todos los documentos del catalogo forman parte del corpus sanmarcialero local; las pistas automaticas deben contrastarse con la fuente original.
b7f09c4baef2,2003,2003-12-01,Bidasoan - PH IRUN 0002,2003-12-01,Prensa o revista,/home/gaizka/Alarde/Revistas y periodicos/2003/2003-12-01 - Bidasoan - PH IRUN 0002.pdf,Catalogado con pistas automaticas pendientes de verificacion,Alta: texto extraido del PDF,0,7,0,,"Alarde, companias",Referencia localizada por barrido textual,"Autopista Vasco-Aragonesa, y en su com etido supo ganarse el aprecio de sus superiores y compañeros. | Estamos en: C/ San Marcial, 9 •IRUN | Ricardo Corros B o m b ita las cosas a nivel económico. Llegadas las fiestas de San Marcial | afecto dé sus compañeros que veían en él un compañero más, siempre dispuesto a cooperar en cualquier | entusiasmo a su trabajo en la denominada fonda ""Urkia"" en la parte baja de la calle de San Marcial. Allí colaboró con",Todos los documentos del catalogo forman parte del corpus sanmarcialero local; las pistas automaticas deben contrastarse con la fuente original.
fdb58144d76a,2004,2004-06-01,Bidasoan - PH IRUN 0002,2004-06-01,Prensa o revista,/home/gaizka/Alarde/Revistas y periodicos/2004/2004-06-01 - Bidasoan - PH IRUN 0002.pdf,Catalogado con pistas automaticas pendientes de verificacion,Alta: texto extraido del PDF,0,8,0,,"Alarde, cantineras, companias, musica, ritual",Referencia localizada por barrido textual,"CES presentará el espectáculo ""Flam enco y Poesía"". 2 0 :0 0 e ta n : San Juan Plazan, ZIRKO IKUSKIZ | CURSO DE ESCAPARATES CIUDAD DE IRUN-SAN MARCIAL LEIHOEN XII. TXAPELKETAko sarien banaketa. M ugan-lrungo | E. LASHERAS San Marcial. Sirvan estas para desear a todos | Estamos en: C/ San Marcial, 9 •IRUN | San Pedro y San Marcial 2004, que se desarrollarán entre los días 23 de junio y 1 de julio.",Todos los documentos del catalogo forman parte del corpus sanmarcialero local; las pistas automaticas deben contrastarse con la fuente original.
6c4a61bf8e3c,2004,2004-09-01,Bidasoan - PH IRUN 0002,2004-09-01,Prensa o revista,/home/gaizka/Alarde/Revistas y periodicos/2004/2004-09-01 - Bidasoan - PH IRUN 0002.pdf,Catalogado con pistas automaticas pendientes de verificacion,Alta: texto extraido del PDF,0,4,0,,"cantineras, mandos, musica, ritual",Referencia localizada por barrido textual,AGRADECIMIENTO: | G. S. BERROTARAN < | i# O | GRAFFITI LEHIAKETA G ernikako Arbolan. | da TITI-BILITI joaz.,Todos los documentos del catalogo forman parte del corpus sanmarcialero local; las pistas automaticas deben contrastarse con la fuente original.
6075fd239476,2005,2005-06-01,Bidasoan - PH IRUN 0002,2005-06-01,Prensa o revista,/home/gaizka/Alarde/Revistas y periodicos/2005/2005-06-01 - Bidasoan - PH IRUN 0002.pdf,Catalogado con pistas automaticas pendientes de verificacion,Alta: texto extraido del PDF,0,6,0,,"Alarde, cantineras, companias, mandos, musica, ritual",Referencia localizada por barrido textual,"- ....... ............. - Cesto y sonrisa de las cantineras | MOBILIARIO Y DECORACION Gora San Martzial! | de gastadores, una compañía de granade­ | en nuestras calles el número de San Marcial 2005. | haiek. acompañarán en nuestro pensamiento.",Todos los documentos del catalogo forman parte del corpus sanmarcialero local; las pistas automaticas deben contrastarse con la fuente original.
29b8f74e591a,2005,2005-09-01,Bidasoan - PH IRUN 0002,2005-09-01,Prensa o revista,/home/gaizka/Alarde/Revistas y periodicos/2005/2005-09-01 - Bidasoan - PH IRUN 0002.pdf,Catalogado con pistas automaticas pendientes de verificacion,Alta: texto extraido del PDF,0,5,0,,"Alarde, companias",Referencia localizada por barrido textual,"10 Compañía de arcabuceros para el Alarde de Hondarribia 2 0 3 0 0 Irún | Una compañía | acompañado de su esposa Maria Paz Ibeas y de sus dos había permanecido intacto, al correr de los sig | al Alarde, no lo verán el día 8 en | ble, presenciaba el Alarde honda-",Todos los documentos del catalogo forman parte del corpus sanmarcialero local; las pistas automaticas deben contrastarse con la fuente original.
b6b944f98fdb,2005,2005-12-01,Bidasoan - PH IRUN 0002,2005-12-01,Prensa o revista,/home/gaizka/Alarde/Revistas y periodicos/2005/2005-12-01 - Bidasoan - PH IRUN 0002.pdf,Catalogado con pistas automaticas pendientes de verificacion,Alta: texto extraido del PDF,0,4,0,,"Alarde, companias",Referencia localizada por barrido textual,"...Y confiamos que con las fiestas de San Marcial las vitaminas que te faltan te lleguen y | BAR IRUNGO ATSEGIÑA - calle San Marcial 9 (Irún) - tel. 943 628 934 | Parecían una compañía de espectros, arrastrados p o r aquel viento gélido y m etálico | Reservas; Tel. 943 62 89 34 / 943 62 07 11 • C/ San Marcial, 9 ■IRUN",Todos los documentos del catalogo forman parte del corpus sanmarcialero local; las pistas automaticas deben contrastarse con la fuente original.
4cea1681e8de,2006,2006-03-01,Bidasoan - PH IRUN 0002,2006-03-01,Prensa o revista,/home/gaizka/Alarde/Revistas y periodicos/2006/2006-03-01 - Bidasoan - PH IRUN 0002.pdf,Catalogado con pistas automaticas pendientes de verificacion,Alta: texto extraido del PDF,0,3,0,,"Alarde, companias",Referencia localizada por barrido textual,"Ah, lógicamente, nos veremos de nuevo en el número extraordinario de San Marcial 2006. | San Marcial. | tro querido ""topo"" allá por 1913. Todo ello acompañado de una magnifica aportación gráfica",Todos los documentos del catalogo forman parte del corpus sanmarcialero local; las pistas automaticas deben contrastarse con la fuente original.
60843e69f067,2006,2006-06-01,Bidasoan - PH IRUN 0002,2006-06-01,Prensa o revista,/home/gaizka/Alarde/Revistas y periodicos/2006/2006-06-01 - Bidasoan - PH IRUN 0002.pdf,Catalogado con pistas automaticas pendientes de verificacion,Alta: texto extraido del PDF,0,8,0,,"Alarde, cantineras, companias, mandos, musica, ritual",Referencia localizada por barrido textual,"C / San Marcial^ 9 | Estitxu O rto ia t Gora Irun! Gora San Marcial! | Fiestas de San Pedro y San Marcial 2006 | Hablar del sin fin de anécdotas, acontecimientos y también emociones del Alarde de San | Para este número extraordinario de Fiestas de San Marcial 2006, hemos dado otro paso inclu",Todos los documentos del catalogo forman parte del corpus sanmarcialero local; las pistas automaticas deben contrastarse con la fuente original.
01163d102f44,2006,2006-09-01,Bidasoan - PH IRUN 0002,2006-09-01,Prensa o revista,/home/gaizka/Alarde/Revistas y periodicos/2006/2006-09-01 - Bidasoan - PH IRUN 0002.pdf,Catalogado con pistas automaticas pendientes de verificacion,Alta: texto extraido del PDF,0,5,0,,"cantineras, companias, mandos, ritual",Referencia localizada por barrido textual,"También podrás conocer cómo fue alguna compañía del Alarde de Hondarribiá en otro tiempo | barderos, bajando la calle mayor acompañando a una cantinera. | el 11 de Agosto en que el capitán gene­ Diera hasta el últim o atiento."" do primero del dueño de la | ko, era berean eskertu nahi d ie t Korporazioko kide guztiei otros, a E.A. su trabajo en equipo, a t | ver soldados de otra coníipañia, aunque la cantinera sigue al",Todos los documentos del catalogo forman parte del corpus sanmarcialero local; las pistas automaticas deben contrastarse con la fuente original.
9cce75c7ad4b,2006,2006-12-01,Bidasoan - PH IRUN 0002,2006-12-01,Prensa o revista,/home/gaizka/Alarde/Revistas y periodicos/2006/2006-12-01 - Bidasoan - PH IRUN 0002.pdf,Catalogado con pistas automaticas pendientes de verificacion,Alta: texto extraido del PDF,0,6,0,,"Alarde, cantineras, companias, musica, ritual",Referencia localizada por barrido textual,"36. Del Bidasoa al Guadiana | Alarde. Contestó, con razonada rotundidad, que no ... incinerada. La cosa está muy enconada, demasiado, y las pos­ | esa ayuda llegue a destinatarios que la necesitan con angustia. Por otra parte, la foto que acompaña | está Introduciendo la manía del “¿No salís.?.” Dicho con tanta San Marcial, en la calle de este nomb | re prometí' que te tendría al corriente de lo que para Fuenterrabía como para Irun, será el Alarde de siempre.",Todos los documentos del catalogo forman parte del corpus sanmarcialero local; las pistas automaticas deben contrastarse con la fuente original.
e8ce19dcc7fc,2007,2007-03-01,Bidasoan - PH IRUN 0002,2007-03-01,Prensa o revista,/home/gaizka/Alarde/Revistas y periodicos/2007/2007-03-01 - Bidasoan - PH IRUN 0002.pdf,Catalogado con pistas automaticas pendientes de verificacion,Alta: texto extraido del PDF,0,5,0,,"Alarde, companias, mandos",Referencia localizada por barrido textual,"acompañado de uno gran firmeza descriptiva. En otros palabras: o través de su pincel lo pin­ | brado en un ambiente de gran cordialidad. Algunos de Criado y su compañero Froi, Joaquín Zuaztegi, J | compaña electoral que se avecina, y nos vemos ya, en el siguiente número de fiestas | dos por el capitán Purguet, se habían algún modo su independencia, aun­ tras que Antonio Aromburu re | semejante conducta. El rey, aunque aún no estaba obsesiona­ del caballero gascón. El sieur volvió a",Todos los documentos del catalogo forman parte del corpus sanmarcialero local; las pistas automaticas deben contrastarse con la fuente original.
f87005101d2f,2007,2007-06-01,Bidasoan - PH IRUN 0002,2007-06-01,Prensa o revista,/home/gaizka/Alarde/Revistas y periodicos/2007/2007-06-01 - Bidasoan - PH IRUN 0002.pdf,Catalogado con pistas automaticas pendientes de verificacion,Alta: texto extraido del PDF,0,8,0,,"Alarde, cantineras, companias, mandos, ritual",Referencia localizada por barrido textual,"1. Portada 31. San Marcial 1954 | Fiestas de San Pedro y San Marcial 2007 | SAN MARCIAL | San Marcial, quiero dirigirnne nuevamente o vosotros, para haceros llegar, | San Martzial Jaiak Fiestas de San Marcial 2007",Todos los documentos del catalogo forman parte del corpus sanmarcialero local; las pistas automaticas deben contrastarse con la fuente original.
c9adb4eb74df,2007,2007-09-01,Bidasoan - PH IRUN 0002,2007-09-01,Prensa o revista,/home/gaizka/Alarde/Revistas y periodicos/2007/2007-09-01 - Bidasoan - PH IRUN 0002.pdf,Catalogado con pistas automaticas pendientes de verificacion,Alta: texto extraido del PDF,0,6,0,,"Alarde, companias, mandos, ritual",Referencia localizada por barrido textual,"7. Saludo Alarde Fundazioa 41. La entrada del general | Alardearekin. Alarde, nuestra tradición más sentida. | a ño q ue iba a salir h a cie n d o el alarde con mi podre, en en el rostro. Luego él, siguió pasánd | foto: w w w .alarde-fundazioa.org | primer alarde, y lo em oción le desbordaba, tiasta tal genial y en honor a nuestra Virgen, me d e d ic a ré o pescar",Todos los documentos del catalogo forman parte del corpus sanmarcialero local; las pistas automaticas deben contrastarse con la fuente original.
f1593c977440,2007,2007-12-01,Bidasoan - PH IRUN 0002,2007-12-01,Prensa o revista,/home/gaizka/Alarde/Revistas y periodicos/2007/2007-12-01 - Bidasoan - PH IRUN 0002.pdf,Catalogado con pistas automaticas pendientes de verificacion,Alta: texto extraido del PDF,0,4,0,,"Alarde, cantineras, companias",Referencia localizada por barrido textual,"No comment “MEAKAKO ADIXKIDEAK” | grupo de amigos le habían propues­ cóm o unos ojos seguían todos sus los cantineras o la ciudad, pri | parecer tam bién juguetones. Él le deseaban llevario de cantinera en decepción por no haber sido ele | seguía nadie, salvo unas voces distantes que todavía se ción, com o parecía y, sin dudo, ero el caba",Todos los documentos del catalogo forman parte del corpus sanmarcialero local; las pistas automaticas deben contrastarse con la fuente original.
cee28ef21323,2012,2012,El Bidasoa Mexicano - BM 2012,2012,Prensa o revista,/home/gaizka/Alarde/Revistas y periodicos/2012/2012 - El Bidasoa Mexicano - BM 2012.pdf,Catalogado con pistas automaticas pendientes de verificacion,Alta: texto extraido del PDF,0,8,0,,"Alarde, companias, mandos",Referencia localizada por barrido textual,"San Marcial, Edición del recuerdo, México, D.F., 30 de junio de 1955, p. 5 | a Antonio de la Serna acompañado de prácticamente todos sus amigos y a quienes, | alarde, su Real Unión, su Aduana, su estación terminal, su Paseo Colón, su | bañan las aguas del Bidasoa, en recordación de su patrón San Marcial. | escenarios se presentarían las más diversas obras, compañías y artistas de todas las",Todos los documentos del catalogo forman parte del corpus sanmarcialero local; las pistas automaticas deben contrastarse con la fuente original.
956f0f612abe,2016,2016,Ordenanzas,2016,Ordenanza,/home/gaizka/Alarde/Ordenanzas/2016.pdf,Catalogado con pistas automaticas pendientes de verificacion,Alta: texto extraido del PDF,0,7,0,,"cantineras, companias, mandos, musica, ritual, suspensiones/cambios",Referencia localizada por barrido textual,ANEXO Partituras de las músicas del Alarde de San Marcial...................................... 32 | De la Escolta de Caballería del General | ORDENANZA DEL ALARDE DE | ORDENANZA DEL ALARDE DE SAN MARCIAL DE IRUN | ORDENANZA DEL ALARDE DE SAN MARCIAL DE IRUN,Todos los documentos del catalogo forman parte del corpus sanmarcialero local; las pistas automaticas deben contrastarse con la fuente original.
aacb5ff1ed76,,ELITXU_0540_ARCHIVO - ENTRADA_1503_001,Cuentas municipales,ELITXU_0540_ARCHIVO - ENTRADA_1503_001,Documento municipal,/home/gaizka/Alarde/Cuentas municipales/ELITXU_0540_ARCHIVO - ENTRADA_1503_001.pdf,Catalogado; pendiente de indice humano,Media/baja: OCR visual sin pasajes detectados,0,0,0,,,,,Todos los documentos del catalogo forman parte del corpus sanmarcialero local; las pistas automaticas deben contrastarse con la fuente original.
4aab1842358d,,Recortes,Alarde de San Marcial origen y evolucion - Sagrario Arrizabalaga Marin - Recortes,Recortes,Libro o recorte de libro,/home/gaizka/Alarde/Alarde de San Marcial origen y evolucion - Sagrario Arrizabalaga Marin - Recortes/Recortes.pdf,Catalogado con pistas automaticas pendientes de verificacion,Media/baja: OCR visual con pasajes detectados,0,8,8,"1, 2, 3, 4, 5, 6, 7, 8","caballeria, cantineras, companias, conflicto contemporaneo, mandos, musica, ritual",Referencia localizada por OCR visual; revisar contra imagen original,"Alarde de San Marcial: origen y evolución 197 HORARIO ESTABLECIDO EN LOS PROGRAMAS OFICIALES PARA LAS DISTINTAS FUNCIONE | Alarde de San Marcial: origen y evolución 201 GENERALES DEL ALARDE (1881-1899) Año Identidad 1880 Lino Rodríguez, barón | í Alarde de San Marcial: origen y evolución 223 . | — EEE N — l Alarde de San Marcial: origen y evolución 243 % ¡ ; HORARIO ESTABLECIDO PARA LAS DISTINTAS FUNCIONES RELACIO | G Alorde de San Marcial: origen y evolución 253 1912 | Arreglo de todos los maletines 12/00 pros.",Todos los documentos del catalogo forman parte del corpus sanmarcialero local; las pistas automaticas deben contrastarse con la fuente original.
