Documento,Publicacion,Fecha / numero,Caracteres extraidos,Estado de texto,Pasajes localizados
/home/gaizka/Alarde/Alarde de San Marcial origen y evolucion - Sagrario Arrizabalaga Marin - Recortes/Recortes.pdf,Alarde de San Marcial origen y evolucion - Sagrario Arrizabalaga Marin - Recortes,Recortes,103,sin texto suficiente,0
/home/gaizka/Alarde/Cuentas municipales/ELITXU_0540_ARCHIVO - ENTRADA_1503_001.pdf,Cuentas municipales,ELITXU_0540_ARCHIVO - ENTRADA_1503_001,1,sin texto suficiente,0
/home/gaizka/Alarde/Ordenanzas/2016.pdf,Ordenanzas,2016,84364,texto extraido,7
/home/gaizka/Alarde/Programas de fiestas/1906.pdf,Programa de fiestas,1906,2,sin texto suficiente,0
/home/gaizka/Alarde/Programas de fiestas/1912.pdf,Programa de fiestas,1912,9,sin texto suficiente,0
/home/gaizka/Alarde/Programas de fiestas/1913.pdf,Programa de fiestas,1913,9,sin texto suficiente,0
/home/gaizka/Alarde/Programas de fiestas/1913CENTENARIO.pdf,Programa de fiestas,1913CENTENARIO,5,sin texto suficiente,0
/home/gaizka/Alarde/Programas de fiestas/1914.pdf,Programa de fiestas,1914,10,sin texto suficiente,0
/home/gaizka/Alarde/Programas de fiestas/1916.pdf,Programa de fiestas,1916,4,sin texto suficiente,0
/home/gaizka/Alarde/Programas de fiestas/1917.pdf,Programa de fiestas,1917,4,sin texto suficiente,0
/home/gaizka/Alarde/Programas de fiestas/1919.pdf,Programa de fiestas,1919,8,sin texto suficiente,0
/home/gaizka/Alarde/Programas de fiestas/1920.pdf,Programa de fiestas,1920,10,sin texto suficiente,0
/home/gaizka/Alarde/Programas de fiestas/1921.pdf,Programa de fiestas,1921,10,sin texto suficiente,0
/home/gaizka/Alarde/Programas de fiestas/1922.pdf,Programa de fiestas,1922,10,sin texto suficiente,0
/home/gaizka/Alarde/Programas de fiestas/1923A.pdf,Programa de fiestas,1923A,6,sin texto suficiente,0
/home/gaizka/Alarde/Programas de fiestas/1923B.pdf,Programa de fiestas,1923B,6,sin texto suficiente,0
/home/gaizka/Alarde/Programas de fiestas/1923C.pdf,Programa de fiestas,1923C,6,sin texto suficiente,0
/home/gaizka/Alarde/Programas de fiestas/1923D.pdf,Programa de fiestas,1923D,6,sin texto suficiente,0
/home/gaizka/Alarde/Programas de fiestas/1924A.pdf,Programa de fiestas,1924A,6,sin texto suficiente,0
/home/gaizka/Alarde/Programas de fiestas/1924B.pdf,Programa de fiestas,1924B,6,sin texto suficiente,0
/home/gaizka/Alarde/Programas de fiestas/1924C.pdf,Programa de fiestas,1924C,9,sin texto suficiente,0
/home/gaizka/Alarde/Programas de fiestas/1925A.pdf,Programa de fiestas,1925A,6,sin texto suficiente,0
/home/gaizka/Alarde/Programas de fiestas/1925A_Bolsillo.pdf,Programa de fiestas,1925A_Bolsillo,6,sin texto suficiente,0
/home/gaizka/Alarde/Programas de fiestas/1925B.pdf,Programa de fiestas,1925B,5,sin texto suficiente,0
/home/gaizka/Alarde/Programas de fiestas/1925B_Bolsillo.pdf,Programa de fiestas,1925B_Bolsillo,6,sin texto suficiente,0
/home/gaizka/Alarde/Programas de fiestas/1925C_Bolsillo.pdf,Programa de fiestas,1925C_Bolsillo,6,sin texto suficiente,0
/home/gaizka/Alarde/Programas de fiestas/1925D_Bolsillo.pdf,Programa de fiestas,1925D_Bolsillo,4,sin texto suficiente,0
/home/gaizka/Alarde/Programas de fiestas/1926A.pdf,Programa de fiestas,1926A,6,sin texto suficiente,0
/home/gaizka/Alarde/Programas de fiestas/1926B.pdf,Programa de fiestas,1926B,5,sin texto suficiente,0
/home/gaizka/Alarde/Programas de fiestas/1926C.pdf,Programa de fiestas,1926C,7,sin texto suficiente,0
/home/gaizka/Alarde/Programas de fiestas/1926D.pdf,Programa de fiestas,1926D,7,sin texto suficiente,0
/home/gaizka/Alarde/Programas de fiestas/1927A.pdf,Programa de fiestas,1927A,6,sin texto suficiente,0
/home/gaizka/Alarde/Programas de fiestas/1927B.pdf,Programa de fiestas,1927B,6,sin texto suficiente,0
/home/gaizka/Alarde/Programas de fiestas/1927C.pdf,Programa de fiestas,1927C,6,sin texto suficiente,0
/home/gaizka/Alarde/Programas de fiestas/1927D.pdf,Programa de fiestas,1927D,6,sin texto suficiente,0
/home/gaizka/Alarde/Programas de fiestas/1928A.pdf,Programa de fiestas,1928A,6,sin texto suficiente,0
/home/gaizka/Alarde/Programas de fiestas/1928B.pdf,Programa de fiestas,1928B,6,sin texto suficiente,0
/home/gaizka/Alarde/Programas de fiestas/1928C.pdf,Programa de fiestas,1928C,7,sin texto suficiente,0
/home/gaizka/Alarde/Programas de fiestas/1928D.pdf,Programa de fiestas,1928D,8,sin texto suficiente,0
/home/gaizka/Alarde/Programas de fiestas/1929A.pdf,Programa de fiestas,1929A,6,sin texto suficiente,0
/home/gaizka/Alarde/Programas de fiestas/1929B.pdf,Programa de fiestas,1929B,6,sin texto suficiente,0
/home/gaizka/Alarde/Programas de fiestas/1929C.pdf,Programa de fiestas,1929C,6,sin texto suficiente,0
/home/gaizka/Alarde/Programas de fiestas/1929D.pdf,Programa de fiestas,1929D,10,sin texto suficiente,0
/home/gaizka/Alarde/Programas de fiestas/1930A.pdf,Programa de fiestas,1930A,7,sin texto suficiente,0
/home/gaizka/Alarde/Programas de fiestas/1930B.pdf,Programa de fiestas,1930B,6,sin texto suficiente,0
/home/gaizka/Alarde/Programas de fiestas/1930C.pdf,Programa de fiestas,1930C,6,sin texto suficiente,0
/home/gaizka/Alarde/Programas de fiestas/1930D.pdf,Programa de fiestas,1930D,7,sin texto suficiente,0
/home/gaizka/Alarde/Programas de fiestas/1931A.pdf,Programa de fiestas,1931A,6,sin texto suficiente,0
/home/gaizka/Alarde/Programas de fiestas/1931B.pdf,Programa de fiestas,1931B,6,sin texto suficiente,0
/home/gaizka/Alarde/Programas de fiestas/1931C.pdf,Programa de fiestas,1931C,7,sin texto suficiente,0
/home/gaizka/Alarde/Programas de fiestas/1931D.pdf,Programa de fiestas,1931D,9,sin texto suficiente,0
/home/gaizka/Alarde/Programas de fiestas/1932A.pdf,Programa de fiestas,1932A,5,sin texto suficiente,0
/home/gaizka/Alarde/Programas de fiestas/1932B.pdf,Programa de fiestas,1932B,3,sin texto suficiente,0
/home/gaizka/Alarde/Programas de fiestas/1933A.pdf,Programa de fiestas,1933A,6,sin texto suficiente,0
/home/gaizka/Alarde/Programas de fiestas/1933B.pdf,Programa de fiestas,1933B,6,sin texto suficiente,0
/home/gaizka/Alarde/Programas de fiestas/1933C.pdf,Programa de fiestas,1933C,7,sin texto suficiente,0
/home/gaizka/Alarde/Programas de fiestas/1933D.pdf,Programa de fiestas,1933D,7,sin texto suficiente,0
/home/gaizka/Alarde/Programas de fiestas/1934A.pdf,Programa de fiestas,1934A,6,sin texto suficiente,0
/home/gaizka/Alarde/Programas de fiestas/1934B.pdf,Programa de fiestas,1934B,6,sin texto suficiente,0
/home/gaizka/Alarde/Programas de fiestas/1934C.pdf,Programa de fiestas,1934C,6,sin texto suficiente,0
/home/gaizka/Alarde/Programas de fiestas/1934D.pdf,Programa de fiestas,1934D,6,sin texto suficiente,0
/home/gaizka/Alarde/Programas de fiestas/1935A.pdf,Programa de fiestas,1935A,6,sin texto suficiente,0
/home/gaizka/Alarde/Programas de fiestas/1935B.pdf,Programa de fiestas,1935B,6,sin texto suficiente,0
/home/gaizka/Alarde/Programas de fiestas/1935C.pdf,Programa de fiestas,1935C,6,sin texto suficiente,0
/home/gaizka/Alarde/Programas de fiestas/1935D.pdf,Programa de fiestas,1935D,7,sin texto suficiente,0
/home/gaizka/Alarde/Programas de fiestas/1936A.pdf,Programa de fiestas,1936A,6,sin texto suficiente,0
/home/gaizka/Alarde/Programas de fiestas/1936B.pdf,Programa de fiestas,1936B,6,sin texto suficiente,0
/home/gaizka/Alarde/Programas de fiestas/1936C.pdf,Programa de fiestas,1936C,6,sin texto suficiente,0
/home/gaizka/Alarde/Programas de fiestas/1936COLOR-A.pdf,Programa de fiestas,1936COLOR-A,6,sin texto suficiente,0
/home/gaizka/Alarde/Programas de fiestas/1936COLOR-B.pdf,Programa de fiestas,1936COLOR-B,6,sin texto suficiente,0
/home/gaizka/Alarde/Programas de fiestas/1936COLOR-C.pdf,Programa de fiestas,1936COLOR-C,6,sin texto suficiente,0
/home/gaizka/Alarde/Programas de fiestas/1936COLOR-D.pdf,Programa de fiestas,1936COLOR-D,6,sin texto suficiente,0
/home/gaizka/Alarde/Programas de fiestas/1936COLOR-E.pdf,Programa de fiestas,1936COLOR-E,6,sin texto suficiente,0
/home/gaizka/Alarde/Programas de fiestas/1936COLOR-F.pdf,Programa de fiestas,1936COLOR-F,6,sin texto suficiente,0
/home/gaizka/Alarde/Programas de fiestas/1936COLOR-G.pdf,Programa de fiestas,1936COLOR-G,6,sin texto suficiente,0
/home/gaizka/Alarde/Programas de fiestas/1936COLOR-H.pdf,Programa de fiestas,1936COLOR-H,9,sin texto suficiente,0
/home/gaizka/Alarde/Programas de fiestas/1936D.pdf,Programa de fiestas,1936D,6,sin texto suficiente,0
/home/gaizka/Alarde/Programas de fiestas/1936E.pdf,Programa de fiestas,1936E,6,sin texto suficiente,0
/home/gaizka/Alarde/Programas de fiestas/1936F.pdf,Programa de fiestas,1936F,6,sin texto suficiente,0
/home/gaizka/Alarde/Programas de fiestas/1936G.pdf,Programa de fiestas,1936G,6,sin texto suficiente,0
/home/gaizka/Alarde/Programas de fiestas/1936H.pdf,Programa de fiestas,1936H,4,sin texto suficiente,0
/home/gaizka/Alarde/Programas de fiestas/1937.pdf,Programa de fiestas,1937,2,sin texto suficiente,0
/home/gaizka/Alarde/Programas de fiestas/1938.pdf,Programa de fiestas,1938,2,sin texto suficiente,0
/home/gaizka/Alarde/Programas de fiestas/1939.pdf,Programa de fiestas,1939,2,sin texto suficiente,0
/home/gaizka/Alarde/Programas de fiestas/1940.pdf,Programa de fiestas,1940,2,sin texto suficiente,0
/home/gaizka/Alarde/Programas de fiestas/1941.pdf,Programa de fiestas,1941,2,sin texto suficiente,0
/home/gaizka/Alarde/Programas de fiestas/1942.pdf,Programa de fiestas,1942,6,sin texto suficiente,0
/home/gaizka/Alarde/Programas de fiestas/1943.pdf,Programa de fiestas,1943,7,sin texto suficiente,0
/home/gaizka/Alarde/Programas de fiestas/1944.pdf,Programa de fiestas,1944,6,sin texto suficiente,0
/home/gaizka/Alarde/Programas de fiestas/1945.pdf,Programa de fiestas,1945,7,sin texto suficiente,0
/home/gaizka/Alarde/Programas de fiestas/1946.pdf,Programa de fiestas,1946,7,sin texto suficiente,0
/home/gaizka/Alarde/Programas de fiestas/1947.pdf,Programa de fiestas,1947,7,sin texto suficiente,0
/home/gaizka/Alarde/Programas de fiestas/1948.pdf,Programa de fiestas,1948,7,sin texto suficiente,0
/home/gaizka/Alarde/Programas de fiestas/1949.pdf,Programa de fiestas,1949,6,sin texto suficiente,0
/home/gaizka/Alarde/Programas de fiestas/1950.pdf,Programa de fiestas,1950,8,sin texto suficiente,0
/home/gaizka/Alarde/Programas de fiestas/1951(Frances).pdf,Programa de fiestas,1951(Frances),96278,texto extraido,4
/home/gaizka/Alarde/Programas de fiestas/1951.pdf,Programa de fiestas,1951,8,sin texto suficiente,0
/home/gaizka/Alarde/Programas de fiestas/1952.pdf,Programa de fiestas,1952,4,sin texto suficiente,0
/home/gaizka/Alarde/Programas de fiestas/1952Buenos_Aires.pdf,Programa de fiestas,1952Buenos_Aires,11,sin texto suficiente,0
/home/gaizka/Alarde/Programas de fiestas/1953.pdf,Programa de fiestas,1953,4,sin texto suficiente,0
/home/gaizka/Alarde/Programas de fiestas/1954.pdf,Programa de fiestas,1954,4,sin texto suficiente,0
/home/gaizka/Alarde/Programas de fiestas/1955.pdf,Programa de fiestas,1955,4,sin texto suficiente,0
/home/gaizka/Alarde/Programas de fiestas/1956.pdf,Programa de fiestas,1956,4,sin texto suficiente,0
/home/gaizka/Alarde/Programas de fiestas/1957.pdf,Programa de fiestas,1957,6,sin texto suficiente,0
/home/gaizka/Alarde/Programas de fiestas/1958.pdf,Programa de fiestas,1958,7,sin texto suficiente,0
/home/gaizka/Alarde/Programas de fiestas/1959.pdf,Programa de fiestas,1959,6,sin texto suficiente,0
/home/gaizka/Alarde/Programas de fiestas/1960.pdf,Programa de fiestas,1960,6,sin texto suficiente,0
/home/gaizka/Alarde/Programas de fiestas/1961.pdf,Programa de fiestas,1961,6,sin texto suficiente,0
/home/gaizka/Alarde/Programas de fiestas/1962.pdf,Programa de fiestas,1962,6,sin texto suficiente,0
/home/gaizka/Alarde/Programas de fiestas/1963.pdf,Programa de fiestas,1963,6,sin texto suficiente,0
/home/gaizka/Alarde/Programas de fiestas/1964.pdf,Programa de fiestas,1964,6,sin texto suficiente,0
/home/gaizka/Alarde/Programas de fiestas/1965.pdf,Programa de fiestas,1965,6,sin texto suficiente,0
/home/gaizka/Alarde/Programas de fiestas/1966.pdf,Programa de fiestas,1966,8,sin texto suficiente,0
/home/gaizka/Alarde/Programas de fiestas/1966_Buenos_Aires_1.pdf,Programa de fiestas,1966_Buenos_Aires_1,4,sin texto suficiente,0
/home/gaizka/Alarde/Programas de fiestas/1966_Buenos_Aires_2.pdf,Programa de fiestas,1966_Buenos_Aires_2,5,sin texto suficiente,0
/home/gaizka/Alarde/Programas de fiestas/1967A.pdf,Programa de fiestas,1967A,4,sin texto suficiente,0
/home/gaizka/Alarde/Programas de fiestas/1967B.pdf,Programa de fiestas,1967B,4,sin texto suficiente,0
/home/gaizka/Alarde/Programas de fiestas/1968A.pdf,Programa de fiestas,1968A,4,sin texto suficiente,0
/home/gaizka/Alarde/Programas de fiestas/1968B.pdf,Programa de fiestas,1968B,4,sin texto suficiente,0
/home/gaizka/Alarde/Programas de fiestas/1969A.pdf,Programa de fiestas,1969A,4,sin texto suficiente,0
/home/gaizka/Alarde/Programas de fiestas/1969B.pdf,Programa de fiestas,1969B,4,sin texto suficiente,0
/home/gaizka/Alarde/Programas de fiestas/1969_Buenos_Aires.pdf,Programa de fiestas,1969_Buenos_Aires,4,sin texto suficiente,0
/home/gaizka/Alarde/Programas de fiestas/1970A.pdf,Programa de fiestas,1970A,4,sin texto suficiente,0
/home/gaizka/Alarde/Programas de fiestas/1970B.pdf,Programa de fiestas,1970B,4,sin texto suficiente,0
/home/gaizka/Alarde/Programas de fiestas/1971A.pdf,Programa de fiestas,1971A,5,sin texto suficiente,0
/home/gaizka/Alarde/Programas de fiestas/1971B.pdf,Programa de fiestas,1971B,7,sin texto suficiente,0
/home/gaizka/Alarde/Programas de fiestas/1971Buenos_Aires.pdf,Programa de fiestas,1971Buenos_Aires,5,sin texto suficiente,0
/home/gaizka/Alarde/Programas de fiestas/1972A.pdf,Programa de fiestas,1972A,5,sin texto suficiente,0
/home/gaizka/Alarde/Programas de fiestas/1972B.pdf,Programa de fiestas,1972B,5,sin texto suficiente,0
/home/gaizka/Alarde/Programas de fiestas/1972Buenos_Aires_A.pdf,Programa de fiestas,1972Buenos_Aires_A,4,sin texto suficiente,0
/home/gaizka/Alarde/Programas de fiestas/1972Buenos_Aires_B.pdf,Programa de fiestas,1972Buenos_Aires_B,4,sin texto suficiente,0
/home/gaizka/Alarde/Programas de fiestas/1973A.pdf,Programa de fiestas,1973A,4,sin texto suficiente,0
/home/gaizka/Alarde/Programas de fiestas/1973B.pdf,Programa de fiestas,1973B,4,sin texto suficiente,0
/home/gaizka/Alarde/Programas de fiestas/1974A.pdf,Programa de fiestas,1974A,4,sin texto suficiente,0
/home/gaizka/Alarde/Programas de fiestas/1974B.pdf,Programa de fiestas,1974B,4,sin texto suficiente,0
/home/gaizka/Alarde/Programas de fiestas/1974Buenos_Aires_A.pdf,Programa de fiestas,1974Buenos_Aires_A,5,sin texto suficiente,0
/home/gaizka/Alarde/Programas de fiestas/1974Buenos_Aires_B.pdf,Programa de fiestas,1974Buenos_Aires_B,4,sin texto suficiente,0
/home/gaizka/Alarde/Programas de fiestas/1975A.pdf,Programa de fiestas,1975A,7,sin texto suficiente,0
/home/gaizka/Alarde/Programas de fiestas/1975B.pdf,Programa de fiestas,1975B,6,sin texto suficiente,0
/home/gaizka/Alarde/Programas de fiestas/1976A.pdf,Programa de fiestas,1976A,5,sin texto suficiente,0
/home/gaizka/Alarde/Programas de fiestas/1976B.pdf,Programa de fiestas,1976B,5,sin texto suficiente,0
/home/gaizka/Alarde/Programas de fiestas/1977A.pdf,Programa de fiestas,1977A,5,sin texto suficiente,0
/home/gaizka/Alarde/Programas de fiestas/1977B.pdf,Programa de fiestas,1977B,5,sin texto suficiente,0
/home/gaizka/Alarde/Programas de fiestas/1978A.pdf,Programa de fiestas,1978A,6,sin texto suficiente,0
/home/gaizka/Alarde/Programas de fiestas/1978B.pdf,Programa de fiestas,1978B,4,sin texto suficiente,0
/home/gaizka/Alarde/Programas de fiestas/1978C.pdf,Programa de fiestas,1978C,19,sin texto suficiente,0
/home/gaizka/Alarde/Programas de fiestas/1978D.pdf,Programa de fiestas,1978D,17,sin texto suficiente,0
/home/gaizka/Alarde/Programas de fiestas/1979A.pdf,Programa de fiestas,1979A,6,sin texto suficiente,0
/home/gaizka/Alarde/Programas de fiestas/1979B.pdf,Programa de fiestas,1979B,6,sin texto suficiente,0
/home/gaizka/Alarde/Programas de fiestas/1980A.pdf,Programa de fiestas,1980A,6,sin texto suficiente,0
/home/gaizka/Alarde/Programas de fiestas/1980B.pdf,Programa de fiestas,1980B,6,sin texto suficiente,0
/home/gaizka/Alarde/Programas de fiestas/1981A.pdf,Programa de fiestas,1981A,9,sin texto suficiente,0
/home/gaizka/Alarde/Programas de fiestas/1981B.pdf,Programa de fiestas,1981B,9,sin texto suficiente,0
/home/gaizka/Alarde/Programas de fiestas/1982A.pdf,Programa de fiestas,1982A,6,sin texto suficiente,0
/home/gaizka/Alarde/Programas de fiestas/1982B.pdf,Programa de fiestas,1982B,6,sin texto suficiente,0
/home/gaizka/Alarde/Programas de fiestas/1982C.pdf,Programa de fiestas,1982C,6,sin texto suficiente,0
/home/gaizka/Alarde/Programas de fiestas/1983A.pdf,Programa de fiestas,1983A,6,sin texto suficiente,0
/home/gaizka/Alarde/Programas de fiestas/1983B.pdf,Programa de fiestas,1983B,6,sin texto suficiente,0
/home/gaizka/Alarde/Programas de fiestas/1983C.pdf,Programa de fiestas,1983C,6,sin texto suficiente,0
/home/gaizka/Alarde/Programas de fiestas/1984A.pdf,Programa de fiestas,1984A,7,sin texto suficiente,0
/home/gaizka/Alarde/Programas de fiestas/1984B.pdf,Programa de fiestas,1984B,6,sin texto suficiente,0
/home/gaizka/Alarde/Programas de fiestas/1984C.pdf,Programa de fiestas,1984C,5,sin texto suficiente,0
/home/gaizka/Alarde/Programas de fiestas/1985A.pdf,Programa de fiestas,1985A,6,sin texto suficiente,0
/home/gaizka/Alarde/Programas de fiestas/1985B.pdf,Programa de fiestas,1985B,6,sin texto suficiente,0
/home/gaizka/Alarde/Programas de fiestas/1985C.pdf,Programa de fiestas,1985C,6,sin texto suficiente,0
/home/gaizka/Alarde/Programas de fiestas/1986A.pdf,Programa de fiestas,1986A,7,sin texto suficiente,0
/home/gaizka/Alarde/Programas de fiestas/1986B.pdf,Programa de fiestas,1986B,6,sin texto suficiente,0
/home/gaizka/Alarde/Programas de fiestas/1986C.pdf,Programa de fiestas,1986C,6,sin texto suficiente,0
/home/gaizka/Alarde/Programas de fiestas/1986D.pdf,Programa de fiestas,1986D,6,sin texto suficiente,0
/home/gaizka/Alarde/Programas de fiestas/1986E.pdf,Programa de fiestas,1986E,6,sin texto suficiente,0
/home/gaizka/Alarde/Programas de fiestas/1986F.pdf,Programa de fiestas,1986F,6,sin texto suficiente,0
/home/gaizka/Alarde/Programas de fiestas/1986G.pdf,Programa de fiestas,1986G,6,sin texto suficiente,0
/home/gaizka/Alarde/Programas de fiestas/1986H.pdf,Programa de fiestas,1986H,6,sin texto suficiente,0
/home/gaizka/Alarde/Programas de fiestas/1986I.pdf,Programa de fiestas,1986I,5,sin texto suficiente,0
/home/gaizka/Alarde/Programas de fiestas/1987A.pdf,Programa de fiestas,1987A,6,sin texto suficiente,0
/home/gaizka/Alarde/Programas de fiestas/1987B.pdf,Programa de fiestas,1987B,6,sin texto suficiente,0
/home/gaizka/Alarde/Programas de fiestas/1987C.pdf,Programa de fiestas,1987C,6,sin texto suficiente,0
/home/gaizka/Alarde/Programas de fiestas/1987D.pdf,Programa de fiestas,1987D,6,sin texto suficiente,0
/home/gaizka/Alarde/Programas de fiestas/1987E.pdf,Programa de fiestas,1987E,6,sin texto suficiente,0
/home/gaizka/Alarde/Programas de fiestas/1987F.pdf,Programa de fiestas,1987F,6,sin texto suficiente,0
/home/gaizka/Alarde/Programas de fiestas/1987G.pdf,Programa de fiestas,1987G,6,sin texto suficiente,0
/home/gaizka/Alarde/Programas de fiestas/1987H.pdf,Programa de fiestas,1987H,6,sin texto suficiente,0
/home/gaizka/Alarde/Programas de fiestas/1987I.pdf,Programa de fiestas,1987I,4,sin texto suficiente,0
/home/gaizka/Alarde/Programas de fiestas/1988A.pdf,Programa de fiestas,1988A,6,sin texto suficiente,0
/home/gaizka/Alarde/Programas de fiestas/1988B.pdf,Programa de fiestas,1988B,6,sin texto suficiente,0
/home/gaizka/Alarde/Programas de fiestas/1988C.pdf,Programa de fiestas,1988C,6,sin texto suficiente,0
/home/gaizka/Alarde/Programas de fiestas/1988D.pdf,Programa de fiestas,1988D,6,sin texto suficiente,0
/home/gaizka/Alarde/Programas de fiestas/1988E.pdf,Programa de fiestas,1988E,6,sin texto suficiente,0
/home/gaizka/Alarde/Programas de fiestas/1988F.pdf,Programa de fiestas,1988F,6,sin texto suficiente,0
/home/gaizka/Alarde/Programas de fiestas/1988G.pdf,Programa de fiestas,1988G,6,sin texto suficiente,0
/home/gaizka/Alarde/Programas de fiestas/1988H.pdf,Programa de fiestas,1988H,10,sin texto suficiente,0
/home/gaizka/Alarde/Programas de fiestas/1989A.pdf,Programa de fiestas,1989A,7,sin texto suficiente,0
/home/gaizka/Alarde/Programas de fiestas/1989B.pdf,Programa de fiestas,1989B,6,sin texto suficiente,0
/home/gaizka/Alarde/Programas de fiestas/1989C.pdf,Programa de fiestas,1989C,6,sin texto suficiente,0
/home/gaizka/Alarde/Programas de fiestas/1989D.pdf,Programa de fiestas,1989D,6,sin texto suficiente,0
/home/gaizka/Alarde/Programas de fiestas/1989E.pdf,Programa de fiestas,1989E,6,sin texto suficiente,0
/home/gaizka/Alarde/Programas de fiestas/1989F.pdf,Programa de fiestas,1989F,6,sin texto suficiente,0
/home/gaizka/Alarde/Programas de fiestas/1989G.pdf,Programa de fiestas,1989G,6,sin texto suficiente,0
/home/gaizka/Alarde/Programas de fiestas/1989H.pdf,Programa de fiestas,1989H,6,sin texto suficiente,0
/home/gaizka/Alarde/Programas de fiestas/1989I.pdf,Programa de fiestas,1989I,7,sin texto suficiente,0
/home/gaizka/Alarde/Programas de fiestas/1990A.pdf,Programa de fiestas,1990A,6,sin texto suficiente,0
/home/gaizka/Alarde/Programas de fiestas/1990B.pdf,Programa de fiestas,1990B,6,sin texto suficiente,0
/home/gaizka/Alarde/Programas de fiestas/1990C.pdf,Programa de fiestas,1990C,6,sin texto suficiente,0
/home/gaizka/Alarde/Programas de fiestas/1990D.pdf,Programa de fiestas,1990D,6,sin texto suficiente,0
/home/gaizka/Alarde/Programas de fiestas/1990E.pdf,Programa de fiestas,1990E,6,sin texto suficiente,0
/home/gaizka/Alarde/Programas de fiestas/1990F.pdf,Programa de fiestas,1990F,6,sin texto suficiente,0
/home/gaizka/Alarde/Programas de fiestas/1990G.pdf,Programa de fiestas,1990G,6,sin texto suficiente,0
/home/gaizka/Alarde/Programas de fiestas/1990H.pdf,Programa de fiestas,1990H,6,sin texto suficiente,0
/home/gaizka/Alarde/Programas de fiestas/1990I.pdf,Programa de fiestas,1990I,8,sin texto suficiente,0
/home/gaizka/Alarde/Programas de fiestas/1991A.pdf,Programa de fiestas,1991A,6,sin texto suficiente,0
/home/gaizka/Alarde/Programas de fiestas/1991B.pdf,Programa de fiestas,1991B,6,sin texto suficiente,0
/home/gaizka/Alarde/Programas de fiestas/1991C.pdf,Programa de fiestas,1991C,6,sin texto suficiente,0
/home/gaizka/Alarde/Programas de fiestas/1991D.pdf,Programa de fiestas,1991D,6,sin texto suficiente,0
/home/gaizka/Alarde/Programas de fiestas/1991E.pdf,Programa de fiestas,1991E,6,sin texto suficiente,0
/home/gaizka/Alarde/Programas de fiestas/1991F.pdf,Programa de fiestas,1991F,6,sin texto suficiente,0
/home/gaizka/Alarde/Programas de fiestas/1991G.pdf,Programa de fiestas,1991G,6,sin texto suficiente,0
/home/gaizka/Alarde/Programas de fiestas/1991H.pdf,Programa de fiestas,1991H,10,sin texto suficiente,0
/home/gaizka/Alarde/Programas de fiestas/1992A.pdf,Programa de fiestas,1992A,6,sin texto suficiente,0
/home/gaizka/Alarde/Programas de fiestas/1992B.pdf,Programa de fiestas,1992B,6,sin texto suficiente,0
/home/gaizka/Alarde/Programas de fiestas/1992C.pdf,Programa de fiestas,1992C,6,sin texto suficiente,0
/home/gaizka/Alarde/Programas de fiestas/1992D.pdf,Programa de fiestas,1992D,6,sin texto suficiente,0
/home/gaizka/Alarde/Programas de fiestas/1992E.pdf,Programa de fiestas,1992E,6,sin texto suficiente,0
/home/gaizka/Alarde/Programas de fiestas/1992F.pdf,Programa de fiestas,1992F,6,sin texto suficiente,0
/home/gaizka/Alarde/Programas de fiestas/1992G.pdf,Programa de fiestas,1992G,6,sin texto suficiente,0
/home/gaizka/Alarde/Programas de fiestas/1992H.pdf,Programa de fiestas,1992H,6,sin texto suficiente,0
/home/gaizka/Alarde/Programas de fiestas/1992I.pdf,Programa de fiestas,1992I,6,sin texto suficiente,0
/home/gaizka/Alarde/Programas de fiestas/1993A.pdf,Programa de fiestas,1993A,6,sin texto suficiente,0
/home/gaizka/Alarde/Programas de fiestas/1993B.pdf,Programa de fiestas,1993B,6,sin texto suficiente,0
/home/gaizka/Alarde/Programas de fiestas/1993C.pdf,Programa de fiestas,1993C,6,sin texto suficiente,0
/home/gaizka/Alarde/Programas de fiestas/1993D.pdf,Programa de fiestas,1993D,6,sin texto suficiente,0
/home/gaizka/Alarde/Programas de fiestas/1993E.pdf,Programa de fiestas,1993E,6,sin texto suficiente,0
/home/gaizka/Alarde/Programas de fiestas/1993F.pdf,Programa de fiestas,1993F,6,sin texto suficiente,0
/home/gaizka/Alarde/Programas de fiestas/1993G.pdf,Programa de fiestas,1993G,6,sin texto suficiente,0
/home/gaizka/Alarde/Programas de fiestas/1993H.pdf,Programa de fiestas,1993H,6,sin texto suficiente,0
/home/gaizka/Alarde/Programas de fiestas/1993I.pdf,Programa de fiestas,1993I,6,sin texto suficiente,0
/home/gaizka/Alarde/Programas de fiestas/1994A.pdf,Programa de fiestas,1994A,6,sin texto suficiente,0
/home/gaizka/Alarde/Programas de fiestas/1994B.pdf,Programa de fiestas,1994B,6,sin texto suficiente,0
/home/gaizka/Alarde/Programas de fiestas/1994C.pdf,Programa de fiestas,1994C,6,sin texto suficiente,0
/home/gaizka/Alarde/Programas de fiestas/1994D.pdf,Programa de fiestas,1994D,6,sin texto suficiente,0
/home/gaizka/Alarde/Programas de fiestas/1994E.pdf,Programa de fiestas,1994E,6,sin texto suficiente,0
/home/gaizka/Alarde/Programas de fiestas/1994F.pdf,Programa de fiestas,1994F,6,sin texto suficiente,0
/home/gaizka/Alarde/Programas de fiestas/1994G.pdf,Programa de fiestas,1994G,6,sin texto suficiente,0
/home/gaizka/Alarde/Programas de fiestas/1994H.pdf,Programa de fiestas,1994H,10,sin texto suficiente,0
/home/gaizka/Alarde/Programas de fiestas/1995A.pdf,Programa de fiestas,1995A,6,sin texto suficiente,0
/home/gaizka/Alarde/Programas de fiestas/1995B.pdf,Programa de fiestas,1995B,6,sin texto suficiente,0
/home/gaizka/Alarde/Programas de fiestas/1995C.pdf,Programa de fiestas,1995C,6,sin texto suficiente,0
/home/gaizka/Alarde/Programas de fiestas/1995D.pdf,Programa de fiestas,1995D,6,sin texto suficiente,0
/home/gaizka/Alarde/Programas de fiestas/1995E.pdf,Programa de fiestas,1995E,6,sin texto suficiente,0
/home/gaizka/Alarde/Programas de fiestas/1995F.pdf,Programa de fiestas,1995F,6,sin texto suficiente,0
/home/gaizka/Alarde/Programas de fiestas/1995G.pdf,Programa de fiestas,1995G,6,sin texto suficiente,0
/home/gaizka/Alarde/Programas de fiestas/1995H.pdf,Programa de fiestas,1995H,5,sin texto suficiente,0
/home/gaizka/Alarde/Programas de fiestas/1995I.pdf,Programa de fiestas,1995I,5,sin texto suficiente,0
/home/gaizka/Alarde/Programas de fiestas/1996A.pdf,Programa de fiestas,1996A,6,sin texto suficiente,0
/home/gaizka/Alarde/Programas de fiestas/1996B.pdf,Programa de fiestas,1996B,6,sin texto suficiente,0
/home/gaizka/Alarde/Programas de fiestas/1996C.pdf,Programa de fiestas,1996C,6,sin texto suficiente,0
/home/gaizka/Alarde/Programas de fiestas/1996D.pdf,Programa de fiestas,1996D,6,sin texto suficiente,0
/home/gaizka/Alarde/Programas de fiestas/1996E.pdf,Programa de fiestas,1996E,5,sin texto suficiente,0
/home/gaizka/Alarde/Programas de fiestas/1996F.pdf,Programa de fiestas,1996F,5,sin texto suficiente,0
/home/gaizka/Alarde/Programas de fiestas/1996G.pdf,Programa de fiestas,1996G,5,sin texto suficiente,0
/home/gaizka/Alarde/Programas de fiestas/1996H.pdf,Programa de fiestas,1996H,5,sin texto suficiente,0
/home/gaizka/Alarde/Programas de fiestas/1997A.pdf,Programa de fiestas,1997A,6,sin texto suficiente,0
/home/gaizka/Alarde/Programas de fiestas/1997B.pdf,Programa de fiestas,1997B,6,sin texto suficiente,0
/home/gaizka/Alarde/Programas de fiestas/1997C.pdf,Programa de fiestas,1997C,6,sin texto suficiente,0
/home/gaizka/Alarde/Programas de fiestas/1997D.pdf,Programa de fiestas,1997D,6,sin texto suficiente,0
/home/gaizka/Alarde/Programas de fiestas/1997E.pdf,Programa de fiestas,1997E,5,sin texto suficiente,0
/home/gaizka/Alarde/Programas de fiestas/1997F.pdf,Programa de fiestas,1997F,5,sin texto suficiente,0
/home/gaizka/Alarde/Programas de fiestas/1997G.pdf,Programa de fiestas,1997G,5,sin texto suficiente,0
/home/gaizka/Alarde/Programas de fiestas/1997H.pdf,Programa de fiestas,1997H,5,sin texto suficiente,0
/home/gaizka/Alarde/Revistas y periodicos/1880/1880-06-25 - Urumea.pdf,Urumea,1880-06-25,4,sin texto suficiente,0
/home/gaizka/Alarde/Revistas y periodicos/1880/1880-06-27 - El Bidasoa.pdf,El Bidasoa,1880-06-27,84331,texto extraido,0
/home/gaizka/Alarde/Revistas y periodicos/1880/1880-06-30 - El Urumea.pdf,El Urumea,1880-06-30,21380,texto extraido,0
/home/gaizka/Alarde/Revistas y periodicos/1880/1880-07-03 - El Urumea.pdf,El Urumea,1880-07-03,23570,texto extraido,3
/home/gaizka/Alarde/Revistas y periodicos/1880/1880-07-04 - El Bidasoa.pdf,El Bidasoa,1880-07-04,71213,texto extraido,2
/home/gaizka/Alarde/Revistas y periodicos/1880/1880-07-16 - El Liberal.pdf,El Liberal,1880-07-16,296866,texto extraido,4
/home/gaizka/Alarde/Revistas y periodicos/1881/1881-06-10 - El Bidasoa.pdf,El Bidasoa,1881-06-10,130057,texto extraido,4
/home/gaizka/Alarde/Revistas y periodicos/1881/1881-07-03 - El Bidasoa.pdf,El Bidasoa,1881-07-03,141390,texto extraido,0
/home/gaizka/Alarde/Revistas y periodicos/1882/1882-06-25 - El Bidasoa.pdf,El Bidasoa,1882-06-25,61450,texto extraido,0
/home/gaizka/Alarde/Revistas y periodicos/1882/1882-07-02 - El Bidasoa.pdf,El Bidasoa,1882-07-02,27390,texto extraido,5
/home/gaizka/Alarde/Revistas y periodicos/1882/1882-07-09 - El Bidasoa.pdf,El Bidasoa,1882-07-09,46983,texto extraido,1
/home/gaizka/Alarde/Revistas y periodicos/1883/1883-07-01 - El Bidasoa.pdf,El Bidasoa,1883-07-01,31906,texto extraido,4
/home/gaizka/Alarde/Revistas y periodicos/1884/1884-06-29 - El Bidasoa.pdf,El Bidasoa,1884-06-29,4,sin texto suficiente,0
/home/gaizka/Alarde/Revistas y periodicos/1884/1884-07-06 - El Bidasoa.pdf,El Bidasoa,1884-07-06,4,sin texto suficiente,0
/home/gaizka/Alarde/Revistas y periodicos/1885/1885-06-14 - El Bidasoa.pdf,El Bidasoa,1885-06-14,4,sin texto suficiente,0
/home/gaizka/Alarde/Revistas y periodicos/1885/1885-06-28 - El Bidasoa.pdf,El Bidasoa,1885-06-28,4,sin texto suficiente,0
/home/gaizka/Alarde/Revistas y periodicos/1886/1886-06-27 - El Bidasoa.pdf,El Bidasoa,1886-06-27,4,sin texto suficiente,0
/home/gaizka/Alarde/Revistas y periodicos/1886/1886-07-04 - El Bidasoa.pdf,El Bidasoa,1886-07-04,4,sin texto suficiente,0
/home/gaizka/Alarde/Revistas y periodicos/1887/1887-06-19 - El Bidasoa.pdf,El Bidasoa,1887-06-19,4,sin texto suficiente,0
/home/gaizka/Alarde/Revistas y periodicos/1887/1887-07-03 - El Bidasoa.pdf,El Bidasoa,1887-07-03,4,sin texto suficiente,0
/home/gaizka/Alarde/Revistas y periodicos/1889/1889-06-30 - El Guipuzcoano.pdf,El Guipuzcoano,1889-06-30,4,sin texto suficiente,0
/home/gaizka/Alarde/Revistas y periodicos/1889/1889-06-30 - La Voz de Guipúzcoa - Diario Republicano.pdf,La Voz de Guipúzcoa - Diario Republicano,1889-06-30,4,sin texto suficiente,0
/home/gaizka/Alarde/Revistas y periodicos/1889/1889-07-01 - El Guipuzcoano.pdf,El Guipuzcoano,1889-07-01,4,sin texto suficiente,0
/home/gaizka/Alarde/Revistas y periodicos/1889/1889-07-01 - La Libertad.pdf,La Libertad,1889-07-01,4,sin texto suficiente,0
/home/gaizka/Alarde/Revistas y periodicos/1889/1889-07-01 - La Unión Liberal.pdf,La Unión Liberal,1889-07-01,4,sin texto suficiente,0
/home/gaizka/Alarde/Revistas y periodicos/1889/1889-07-01 - La Voz de Guipúzcoa - Diario Republicano.pdf,La Voz de Guipúzcoa - Diario Republicano,1889-07-01,4,sin texto suficiente,0
/home/gaizka/Alarde/Revistas y periodicos/1889/1889-07-02 - La Voz de Guipúzcoa - Diario Republicano.pdf,La Voz de Guipúzcoa - Diario Republicano,1889-07-02,4,sin texto suficiente,0
/home/gaizka/Alarde/Revistas y periodicos/1889/1889-07-07 - La Patria.pdf,La Patria,1889-07-07,121265,texto extraido,6
/home/gaizka/Alarde/Revistas y periodicos/1890/1890-06-30 - La Voz de Guipúzcoa - Diario Republicano.pdf,La Voz de Guipúzcoa - Diario Republicano,1890-06-30,4,sin texto suficiente,0
/home/gaizka/Alarde/Revistas y periodicos/1890/1890-07-01 - El Guipuzcoano.pdf,El Guipuzcoano,1890-07-01,4,sin texto suficiente,0
/home/gaizka/Alarde/Revistas y periodicos/1890/1890-07-01 - La Libertad.pdf,La Libertad,1890-07-01,4,sin texto suficiente,0
/home/gaizka/Alarde/Revistas y periodicos/1890/1890-07-01 - La Voz de Guipúzcoa - Diario Republicano.pdf,La Voz de Guipúzcoa - Diario Republicano,1890-07-01,4,sin texto suficiente,0
/home/gaizka/Alarde/Revistas y periodicos/1892/1892-06-08 - El Correo Español.pdf,El Correo Español,1892-06-08,249137,texto extraido,4
/home/gaizka/Alarde/Revistas y periodicos/1892/1892-06-30 - La Voz de Guipúzcoa - Diario Republicano.pdf,La Voz de Guipúzcoa - Diario Republicano,1892-06-30,4,sin texto suficiente,0
/home/gaizka/Alarde/Revistas y periodicos/1892/1892-07-01 - La Voz de Guipúzcoa - Diario Republicano.pdf,La Voz de Guipúzcoa - Diario Republicano,1892-07-01,4,sin texto suficiente,0
/home/gaizka/Alarde/Revistas y periodicos/1893/1893-06-30 - La Voz de Guipúzcoa - Diario Republicano.pdf,La Voz de Guipúzcoa - Diario Republicano,1893-06-30,4,sin texto suficiente,0
/home/gaizka/Alarde/Revistas y periodicos/1893/1893-07-01 - La Voz de Guipúzcoa - Diario Republicano.pdf,La Voz de Guipúzcoa - Diario Republicano,1893-07-01,4,sin texto suficiente,0
/home/gaizka/Alarde/Revistas y periodicos/1894/1894-06-30 - La Voz de Guipúzcoa - Diario Republicano.pdf,La Voz de Guipúzcoa - Diario Republicano,1894-06-30,4,sin texto suficiente,0
/home/gaizka/Alarde/Revistas y periodicos/1894/1894-07-01 - La Voz de Guipúzcoa - Diario Republicano.pdf,La Voz de Guipúzcoa - Diario Republicano,1894-07-01,4,sin texto suficiente,0
/home/gaizka/Alarde/Revistas y periodicos/1895/1895-06-30 - La Voz de Guipúzcoa - Diario Republicano.pdf,La Voz de Guipúzcoa - Diario Republicano,1895-06-30,4,sin texto suficiente,0
/home/gaizka/Alarde/Revistas y periodicos/1895/1895-07-01 - La Voz de Guipúzcoa - Diario Republicano.pdf,La Voz de Guipúzcoa - Diario Republicano,1895-07-01,4,sin texto suficiente,0
/home/gaizka/Alarde/Revistas y periodicos/1896/1896-06-30 - La Voz de Guipúzcoa - Diario Republicano.pdf,La Voz de Guipúzcoa - Diario Republicano,1896-06-30,4,sin texto suficiente,0
/home/gaizka/Alarde/Revistas y periodicos/1896/1896-07-01 - La Voz de Guipúzcoa - Diario Republicano.pdf,La Voz de Guipúzcoa - Diario Republicano,1896-07-01,4,sin texto suficiente,0
/home/gaizka/Alarde/Revistas y periodicos/1897/1897-06-30 - La Voz de Guipúzcoa - Diario Republicano.pdf,La Voz de Guipúzcoa - Diario Republicano,1897-06-30,4,sin texto suficiente,0
/home/gaizka/Alarde/Revistas y periodicos/1897/1897-07-02 - La Voz de Guipúzcoa - Diario Republicano.pdf,La Voz de Guipúzcoa - Diario Republicano,1897-07-02,4,sin texto suficiente,0
/home/gaizka/Alarde/Revistas y periodicos/1898/1898-06-30 - La Voz de Guipúzcoa - Diario Republicano.pdf,La Voz de Guipúzcoa - Diario Republicano,1898-06-30,4,sin texto suficiente,0
/home/gaizka/Alarde/Revistas y periodicos/1899/1899-06-30 - La Voz de Guipúzcoa - Diario Republicano.pdf,La Voz de Guipúzcoa - Diario Republicano,1899-06-30,4,sin texto suficiente,0
/home/gaizka/Alarde/Revistas y periodicos/1899/1899-07-01 - El Correo de Guipúzcoa.pdf,El Correo de Guipúzcoa,1899-07-01,4,sin texto suficiente,0
/home/gaizka/Alarde/Revistas y periodicos/1899/1899-07-01 - La Voz de Guipúzcoa - Diario Republicano.pdf,La Voz de Guipúzcoa - Diario Republicano,1899-07-01,4,sin texto suficiente,0
/home/gaizka/Alarde/Revistas y periodicos/1900/1900-06-30 - La Voz de Guipúzcoa - Diario Republicano.pdf,La Voz de Guipúzcoa - Diario Republicano,1900-06-30,4,sin texto suficiente,0
/home/gaizka/Alarde/Revistas y periodicos/1900/1900-07-01 - La Voz de Guipúzcoa - Diario Republicano.pdf,La Voz de Guipúzcoa - Diario Republicano,1900-07-01,4,sin texto suficiente,0
/home/gaizka/Alarde/Revistas y periodicos/1900/1900-07-02 - El Correo de Guipúzcoa.pdf,El Correo de Guipúzcoa,1900-07-02,4,sin texto suficiente,0
/home/gaizka/Alarde/Revistas y periodicos/1901/1901-01-01 - Euskal Herria revista bascongada.pdf,Euskal Herria revista bascongada,1901-01-01,593,texto extraido,0
/home/gaizka/Alarde/Revistas y periodicos/1901/1901-06-30 - La Voz de Guipúzcoa - Diario Republicano.pdf,La Voz de Guipúzcoa - Diario Republicano,1901-06-30,4,sin texto suficiente,0
/home/gaizka/Alarde/Revistas y periodicos/1901/1901-07-01 - El correo de Guipuzcoa.pdf,El correo de Guipuzcoa,1901-07-01,4,sin texto suficiente,0
/home/gaizka/Alarde/Revistas y periodicos/1901/1901-07-01 - La Patria.pdf,La Patria,1901-07-01,186832,texto extraido,4
/home/gaizka/Alarde/Revistas y periodicos/1901/1901-07-01 - La Voz de Guipúzcoa - Diario Republicano.pdf,La Voz de Guipúzcoa - Diario Republicano,1901-07-01,4,sin texto suficiente,0
/home/gaizka/Alarde/Revistas y periodicos/1902/1902-06-30 - La Voz de Guipúzcoa - Diario Republicano.pdf,La Voz de Guipúzcoa - Diario Republicano,1902-06-30,4,sin texto suficiente,0
/home/gaizka/Alarde/Revistas y periodicos/1903/1903-06-30 - La Voz de Guipúzcoa - Diario Republicano.pdf,La Voz de Guipúzcoa - Diario Republicano,1903-06-30,4,sin texto suficiente,0
/home/gaizka/Alarde/Revistas y periodicos/1903/1903-07-01 - El correo de Guipuzcoa.pdf,El correo de Guipuzcoa,1903-07-01,4,sin texto suficiente,0
/home/gaizka/Alarde/Revistas y periodicos/1904/1904-06-30 - El Pueblo Vasco.pdf,El Pueblo Vasco,1904-06-30,4,sin texto suficiente,0
/home/gaizka/Alarde/Revistas y periodicos/1904/1904-06-30 - La Voz de Guipúzcoa - Diario Republicano.pdf,La Voz de Guipúzcoa - Diario Republicano,1904-06-30,4,sin texto suficiente,0
/home/gaizka/Alarde/Revistas y periodicos/1904/1904-07-01 - El Pueblo Vasco.pdf,El Pueblo Vasco,1904-07-01,4,sin texto suficiente,0
/home/gaizka/Alarde/Revistas y periodicos/1904/1904-07-01 - La Voz de Guipúzcoa - Diario Republicano.pdf,La Voz de Guipúzcoa - Diario Republicano,1904-07-01,4,sin texto suficiente,0
/home/gaizka/Alarde/Revistas y periodicos/1905/1905-06-30 - El Pueblo Vasco.pdf,El Pueblo Vasco,1905-06-30,4,sin texto suficiente,0
/home/gaizka/Alarde/Revistas y periodicos/1905/1905-07-01 - El Pueblo Vasco.pdf,El Pueblo Vasco,1905-07-01,4,sin texto suficiente,0
/home/gaizka/Alarde/Revistas y periodicos/1905/1905-07-01 - La Voz de Guipúzcoa - Diario Republicano.pdf,La Voz de Guipúzcoa - Diario Republicano,1905-07-01,4,sin texto suficiente,0
/home/gaizka/Alarde/Revistas y periodicos/1906/1906-07-01 - La Voz de Guipúzcoa - Diario Republicano.pdf,La Voz de Guipúzcoa - Diario Republicano,1906-07-01,4,sin texto suficiente,0
/home/gaizka/Alarde/Revistas y periodicos/1907/1907-06-30 - El Pueblo Vasco.pdf,El Pueblo Vasco,1907-06-30,4,sin texto suficiente,0
/home/gaizka/Alarde/Revistas y periodicos/1907/1907-06-30 - La Voz de Guipúzcoa - Diario Republicano.pdf,La Voz de Guipúzcoa - Diario Republicano,1907-06-30,4,sin texto suficiente,0
/home/gaizka/Alarde/Revistas y periodicos/1907/1907-07-01 - El Pueblo Vasco.pdf,El Pueblo Vasco,1907-07-01,4,sin texto suficiente,0
/home/gaizka/Alarde/Revistas y periodicos/1908/1908-06-30 - El Pueblo Vasco.pdf,El Pueblo Vasco,1908-06-30,4,sin texto suficiente,0
/home/gaizka/Alarde/Revistas y periodicos/1908/1908-06-30 - La Voz de Guipúzcoa - Diario Republicano.pdf,La Voz de Guipúzcoa - Diario Republicano,1908-06-30,4,sin texto suficiente,0
/home/gaizka/Alarde/Revistas y periodicos/1908/1908-07-01 - El Pueblo Vasco.pdf,El Pueblo Vasco,1908-07-01,4,sin texto suficiente,0
/home/gaizka/Alarde/Revistas y periodicos/1909/1909-04-04 - El eco de Irun - Año I nº 1.pdf,El eco de Irun - Año I nº 1,1909-04-04,99413,texto extraido,0
/home/gaizka/Alarde/Revistas y periodicos/1909/1909-04-11 - El eco de Irun - Año I nº 2.pdf,El eco de Irun - Año I nº 2,1909-04-11,94906,texto extraido,3
/home/gaizka/Alarde/Revistas y periodicos/1909/1909-04-18 - El eco de Irun - Año I nº 3.pdf,El eco de Irun - Año I nº 3,1909-04-18,108908,texto extraido,5
/home/gaizka/Alarde/Revistas y periodicos/1909/1909-05-02 - El eco de Irun - Año I nº 5.pdf,El eco de Irun - Año I nº 5,1909-05-02,107883,texto extraido,3
/home/gaizka/Alarde/Revistas y periodicos/1909/1909-05-09 - El eco de Irun - Año I nº 6.pdf,El eco de Irun - Año I nº 6,1909-05-09,104409,texto extraido,2
/home/gaizka/Alarde/Revistas y periodicos/1909/1909-05-16 - El eco de Irun - Año I nº 7.pdf,El eco de Irun - Año I nº 7,1909-05-16,104030,texto extraido,4
/home/gaizka/Alarde/Revistas y periodicos/1909/1909-06-13 - El eco de Irun - Año I nº 11.pdf,El eco de Irun - Año I nº 11,1909-06-13,118828,texto extraido,3
/home/gaizka/Alarde/Revistas y periodicos/1909/1909-06-20 - El eco de Irun - Año I nº 12.pdf,El eco de Irun - Año I nº 12,1909-06-20,88631,texto extraido,3
/home/gaizka/Alarde/Revistas y periodicos/1909/1909-06-27 - El eco de Irun - Año I nº 13.pdf,El eco de Irun - Año I nº 13,1909-06-27,80096,texto extraido,5
/home/gaizka/Alarde/Revistas y periodicos/1909/1909-06-29 - El eco de Irun - PH IRUN 0020.pdf,El eco de Irun - PH IRUN 0020,1909-06-29,99090,texto extraido,6
/home/gaizka/Alarde/Revistas y periodicos/1909/1909-06-30 - El Pueblo Vasco.pdf,El Pueblo Vasco,1909-06-30,4,sin texto suficiente,0
/home/gaizka/Alarde/Revistas y periodicos/1909/1909-06-30 - La Voz de Guipúzcoa - Diario Republicano.pdf,La Voz de Guipúzcoa - Diario Republicano,1909-06-30,4,sin texto suficiente,0
/home/gaizka/Alarde/Revistas y periodicos/1909/1909-07-11 - El eco de Irun - Año I nº 16.pdf,El eco de Irun - Año I nº 16,1909-07-11,72134,texto extraido,2
/home/gaizka/Alarde/Revistas y periodicos/1909/1909-09-19 - El eco de Irun - Año I nº 26.pdf,El eco de Irun - Año I nº 26,1909-09-19,104332,texto extraido,5
/home/gaizka/Alarde/Revistas y periodicos/1909/1909-09-26 - El eco de Irun - Año I nº 27.pdf,El eco de Irun - Año I nº 27,1909-09-26,91488,texto extraido,3
/home/gaizka/Alarde/Revistas y periodicos/1909/1909-10-03 - El eco de Irun - Año I nº 28.pdf,El eco de Irun - Año I nº 28,1909-10-03,106627,texto extraido,4
/home/gaizka/Alarde/Revistas y periodicos/1909/1909-10-10 - El eco de Irun - Año I nº 29.pdf,El eco de Irun - Año I nº 29,1909-10-10,82664,texto extraido,4
/home/gaizka/Alarde/Revistas y periodicos/1909/1909-10-17 - El eco de Irun - Año I nº 30.pdf,El eco de Irun - Año I nº 30,1909-10-17,116233,texto extraido,4
/home/gaizka/Alarde/Revistas y periodicos/1909/1909-10-24 - El eco de Irun - Año I nº 31.pdf,El eco de Irun - Año I nº 31,1909-10-24,99854,texto extraido,4
/home/gaizka/Alarde/Revistas y periodicos/1909/1909-11-07 - El eco de Irun - Año I nº 33.pdf,El eco de Irun - Año I nº 33,1909-11-07,93348,texto extraido,5
/home/gaizka/Alarde/Revistas y periodicos/1909/1909-11-14 - El eco de Irun - Año I nº 34.pdf,El eco de Irun - Año I nº 34,1909-11-14,80922,texto extraido,3
/home/gaizka/Alarde/Revistas y periodicos/1909/1909-12-12 - El eco de Irun - Año I nº 38.pdf,El eco de Irun - Año I nº 38,1909-12-12,111874,texto extraido,0
/home/gaizka/Alarde/Revistas y periodicos/1910/1910-01-23 - El eco de Irun - Año II nº 44.pdf,El eco de Irun - Año II nº 44,1910-01-23,107462,texto extraido,0
/home/gaizka/Alarde/Revistas y periodicos/1910/1910-01-30 - El eco de Irun - Año II nº 45.pdf,El eco de Irun - Año II nº 45,1910-01-30,109448,texto extraido,3
/home/gaizka/Alarde/Revistas y periodicos/1910/1910-02-20 - El eco de Irun - Año II nº 48.pdf,El eco de Irun - Año II nº 48,1910-02-20,130834,texto extraido,0
/home/gaizka/Alarde/Revistas y periodicos/1910/1910-02-27 - El eco de Irun - Año II nº 49.pdf,El eco de Irun - Año II nº 49,1910-02-27,124301,texto extraido,1
/home/gaizka/Alarde/Revistas y periodicos/1910/1910-04-03 - El eco de Irun - Año II nº 54.pdf,El eco de Irun - Año II nº 54,1910-04-03,125696,texto extraido,0
/home/gaizka/Alarde/Revistas y periodicos/1910/1910-04-17 - El eco de Irun - Año II nº 56.pdf,El eco de Irun - Año II nº 56,1910-04-17,93221,texto extraido,0
/home/gaizka/Alarde/Revistas y periodicos/1910/1910-05-08 - El eco de Irun - Año II nº 59.pdf,El eco de Irun - Año II nº 59,1910-05-08,102323,texto extraido,0
/home/gaizka/Alarde/Revistas y periodicos/1910/1910-06-29 - El buen combate semanario catolico - PH IRUN 0016.pdf,El buen combate semanario catolico - PH IRUN 0016,1910-06-29,81138,texto extraido,6
/home/gaizka/Alarde/Revistas y periodicos/1910/1910-06-29 - El eco de Irun - Año II - Donación Rafael Escales Murguia.pdf,El eco de Irun - Año II - Donación Rafael Escales Murguia,1910-06-29,110917,texto extraido,8
/home/gaizka/Alarde/Revistas y periodicos/1910/1910-06-30 - La Voz de Guipúzcoa - Diario Republicano.pdf,La Voz de Guipúzcoa - Diario Republicano,1910-06-30,4,sin texto suficiente,0
/home/gaizka/Alarde/Revistas y periodicos/1910/1910-07-01 - El Pueblo Vasco.pdf,El Pueblo Vasco,1910-07-01,4,sin texto suficiente,0
/home/gaizka/Alarde/Revistas y periodicos/1910/1910-07-01 - La Voz de Guipúzcoa - Diario Republicano.pdf,La Voz de Guipúzcoa - Diario Republicano,1910-07-01,4,sin texto suficiente,0
/home/gaizka/Alarde/Revistas y periodicos/1910/1910-07-03 - Novedades revista semanal ilustrada.pdf,Novedades revista semanal ilustrada,1910-07-03,144309,texto extraido,0
/home/gaizka/Alarde/Revistas y periodicos/1911/1911-06-24 - El buen combate.pdf,El buen combate,1911-06-24,96869,texto extraido,6
/home/gaizka/Alarde/Revistas y periodicos/1911/1911-06-30 - El Pueblo Vasco.pdf,El Pueblo Vasco,1911-06-30,4,sin texto suficiente,0
/home/gaizka/Alarde/Revistas y periodicos/1911/1911-06-30 - La Voz de Guipúzcoa - Diario Republicano.pdf,La Voz de Guipúzcoa - Diario Republicano,1911-06-30,4,sin texto suficiente,0
/home/gaizka/Alarde/Revistas y periodicos/1911/1911-07-01 - El Correo de Guipúzcoa.pdf,El Correo de Guipúzcoa,1911-07-01,4,sin texto suficiente,0
/home/gaizka/Alarde/Revistas y periodicos/1911/1911-07-01 - El Pueblo Vasco.pdf,El Pueblo Vasco,1911-07-01,4,sin texto suficiente,0
/home/gaizka/Alarde/Revistas y periodicos/1911/1911-07-02 - El buen combate.pdf,El buen combate,1911-07-02,106884,texto extraido,5
/home/gaizka/Alarde/Revistas y periodicos/1911/1911-07-02 - Novedades revista semanal ilustrada.pdf,Novedades revista semanal ilustrada,1911-07-02,145391,texto extraido,5
/home/gaizka/Alarde/Revistas y periodicos/1912/1912-06-22 - La nueva frontera.pdf,La nueva frontera,1912-06-22,93015,texto extraido,6
/home/gaizka/Alarde/Revistas y periodicos/1912/1912-06-28 - La nueva frontera.pdf,La nueva frontera,1912-06-28,83832,texto extraido,8
/home/gaizka/Alarde/Revistas y periodicos/1912/1912-06-30 - El Correo del Norte.pdf,El Correo del Norte,1912-06-30,4,sin texto suficiente,0
/home/gaizka/Alarde/Revistas y periodicos/1912/1912-06-30 - El Pueblo Vasco.pdf,El Pueblo Vasco,1912-06-30,4,sin texto suficiente,0
/home/gaizka/Alarde/Revistas y periodicos/1912/1912-06-30 - La Voz de Guipúzcoa - Diario Republicano.pdf,La Voz de Guipúzcoa - Diario Republicano,1912-06-30,4,sin texto suficiente,0
/home/gaizka/Alarde/Revistas y periodicos/1912/1912-07-01 - El Correo del Norte.pdf,El Correo del Norte,1912-07-01,4,sin texto suficiente,0
/home/gaizka/Alarde/Revistas y periodicos/1912/1912-07-01 - La Voz de Guipúzcoa - Diario Republicano.pdf,La Voz de Guipúzcoa - Diario Republicano,1912-07-01,4,sin texto suficiente,0
/home/gaizka/Alarde/Revistas y periodicos/1912/1912-07-06 - El buen combate.pdf,El buen combate,1912-07-06,138283,texto extraido,4
/home/gaizka/Alarde/Revistas y periodicos/1912/1912-07-06 - La nueva frontera.pdf,La nueva frontera,1912-07-06,77246,texto extraido,7
/home/gaizka/Alarde/Revistas y periodicos/1912/1912-07-07 - Novedades revista semanal ilustrada.pdf,Novedades revista semanal ilustrada,1912-07-07,136955,texto extraido,0
/home/gaizka/Alarde/Revistas y periodicos/1913/1913-06-30 - El Correo del Norte.pdf,El Correo del Norte,1913-06-30,4,sin texto suficiente,0
/home/gaizka/Alarde/Revistas y periodicos/1913/1913-06-30 - El Pueblo Vasco.pdf,El Pueblo Vasco,1913-06-30,6,sin texto suficiente,0
/home/gaizka/Alarde/Revistas y periodicos/1913/1913-06-30 - La Voz de Guipúzcoa - Diario Republicano.pdf,La Voz de Guipúzcoa - Diario Republicano,1913-06-30,4,sin texto suficiente,0
/home/gaizka/Alarde/Revistas y periodicos/1913/1913-07-01 - El Correo del Norte.pdf,El Correo del Norte,1913-07-01,4,sin texto suficiente,0
/home/gaizka/Alarde/Revistas y periodicos/1913/1913-07-01 - La Voz de Guipúzcoa - Diario Republicano.pdf,La Voz de Guipúzcoa - Diario Republicano,1913-07-01,4,sin texto suficiente,0
/home/gaizka/Alarde/Revistas y periodicos/1913/1913-07-06 - Novedades revista semanal ilustrada.pdf,Novedades revista semanal ilustrada,1913-07-06,120304,texto extraido,5
/home/gaizka/Alarde/Revistas y periodicos/1913/1913-08-31 - El correo del norte.pdf,El correo del norte,1913-08-31,217898,texto extraido,4
/home/gaizka/Alarde/Revistas y periodicos/1913/1913-08-31 - España Nueva.pdf,España Nueva,1913-08-31,252146,texto extraido,6
/home/gaizka/Alarde/Revistas y periodicos/1913/1913-08-31 - La Correspondencia de Espana 290.pdf,La Correspondencia de Espana 290,1913-08-31,438780,texto extraido,5
/home/gaizka/Alarde/Revistas y periodicos/1913/1913-08-31 - La Epoca Madrid 573.pdf,La Epoca Madrid 573,1913-08-31,283190,texto extraido,5
/home/gaizka/Alarde/Revistas y periodicos/1913/1913-08-31 - La Tribuna.pdf,La Tribuna,1913-08-31,289764,texto extraido,2
/home/gaizka/Alarde/Revistas y periodicos/1913/1913-09-01 - ABC.pdf,ABC,1913-09-01,20,sin texto suficiente,0
/home/gaizka/Alarde/Revistas y periodicos/1913/1913-09-01 - El Diario Español.pdf,El Diario Español,1913-09-01,210758,texto extraido,7
/home/gaizka/Alarde/Revistas y periodicos/1913/1913-09-01 - El Día de Madrid.pdf,El Día de Madrid,1913-09-01,248300,texto extraido,2
/home/gaizka/Alarde/Revistas y periodicos/1913/1913-09-01 - El Ejército Español.pdf,El Ejército Español,1913-09-01,183966,texto extraido,5
/home/gaizka/Alarde/Revistas y periodicos/1913/1913-09-01 - El buen combate.pdf,El buen combate,1913-09-01,4,sin texto suficiente,0
/home/gaizka/Alarde/Revistas y periodicos/1913/1913-09-01 - El correo español.pdf,El correo español,1913-09-01,4,sin texto suficiente,0
/home/gaizka/Alarde/Revistas y periodicos/1913/1913-09-01 - El imparcial.pdf,El imparcial,1913-09-01,6,sin texto suficiente,0
/home/gaizka/Alarde/Revistas y periodicos/1913/1913-09-01 - El pais.pdf,El pais,1913-09-01,4,sin texto suficiente,0
/home/gaizka/Alarde/Revistas y periodicos/1913/1913-09-01 - El pueblo vasco.pdf,El pueblo vasco,1913-09-01,4,sin texto suficiente,0
/home/gaizka/Alarde/Revistas y periodicos/1913/1913-09-01 - Gran Vida.pdf,Gran Vida,1913-09-01,108771,texto extraido,3
/home/gaizka/Alarde/Revistas y periodicos/1913/1913-09-01 - Heraldo de Madrid.pdf,Heraldo de Madrid,1913-09-01,6,sin texto suficiente,0
/home/gaizka/Alarde/Revistas y periodicos/1913/1913-09-01 - La Correspondencia Militar.pdf,La Correspondencia Militar,1913-09-01,4,sin texto suficiente,0
/home/gaizka/Alarde/Revistas y periodicos/1913/1913-09-01 - La Correspondencia de España.pdf,La Correspondencia de España,1913-09-01,8,sin texto suficiente,0
/home/gaizka/Alarde/Revistas y periodicos/1913/1913-09-01 - La Correspondencia militar 917.pdf,La Correspondencia militar 917,1913-09-01,237874,texto extraido,4
/home/gaizka/Alarde/Revistas y periodicos/1913/1913-09-01 - La Epoca Madrid 574.pdf,La Epoca Madrid 574,1913-09-01,298642,texto extraido,7
/home/gaizka/Alarde/Revistas y periodicos/1913/1913-09-01 - La Prensa.pdf,La Prensa,1913-09-01,159225,texto extraido,7
/home/gaizka/Alarde/Revistas y periodicos/1913/1913-09-01 - La Publicidad.pdf,La Publicidad,1913-09-01,177686,texto extraido,5
/home/gaizka/Alarde/Revistas y periodicos/1913/1913-09-01 - La Tribuna.pdf,La Tribuna,1913-09-01,265616,texto extraido,2
/home/gaizka/Alarde/Revistas y periodicos/1913/1913-09-01 - La voz de Guipuzcoa.pdf,La voz de Guipuzcoa,1913-09-01,6,sin texto suficiente,0
/home/gaizka/Alarde/Revistas y periodicos/1913/1913-09-07 - Novedades.pdf,Novedades,1913-09-07,41125,texto extraido,6
/home/gaizka/Alarde/Revistas y periodicos/1914/1914-01-01 - Euskal Herria revista bascongada.pdf,Euskal Herria revista bascongada,1914-01-01,582,texto extraido,0
/home/gaizka/Alarde/Revistas y periodicos/1914/1914-06-30 - El Pueblo Vasco.pdf,El Pueblo Vasco,1914-06-30,6,sin texto suficiente,0
/home/gaizka/Alarde/Revistas y periodicos/1914/1914-06-30 - La Voz de Guipúzcoa - Diario Republicano.pdf,La Voz de Guipúzcoa - Diario Republicano,1914-06-30,4,sin texto suficiente,0
/home/gaizka/Alarde/Revistas y periodicos/1914/1914-07-01 - El Pueblo Vasco.pdf,El Pueblo Vasco,1914-07-01,6,sin texto suficiente,0
/home/gaizka/Alarde/Revistas y periodicos/1914/1914-07-01 - Euskal Herria revista bascongada.pdf,Euskal Herria revista bascongada,1914-07-01,602,texto extraido,0
/home/gaizka/Alarde/Revistas y periodicos/1914/1914-07-05 - Novedades revista semanal ilustrada.pdf,Novedades revista semanal ilustrada,1914-07-05,141456,texto extraido,4
/home/gaizka/Alarde/Revistas y periodicos/1915/1915-06-30 - La Voz de Guipúzcoa - Diario Republicano.pdf,La Voz de Guipúzcoa - Diario Republicano,1915-06-30,4,sin texto suficiente,0
/home/gaizka/Alarde/Revistas y periodicos/1915/1915-07-01 - El Correo del Norte.pdf,El Correo del Norte,1915-07-01,4,sin texto suficiente,0
/home/gaizka/Alarde/Revistas y periodicos/1915/1915-07-01 - La Voz de Guipúzcoa - Diario Republicano.pdf,La Voz de Guipúzcoa - Diario Republicano,1915-07-01,4,sin texto suficiente,0
/home/gaizka/Alarde/Revistas y periodicos/1915/1915-07-04 - Novedades revista semanal ilustrada.pdf,Novedades revista semanal ilustrada,1915-07-04,155503,texto extraido,3
/home/gaizka/Alarde/Revistas y periodicos/1916/1916-06-11 - El Bidasoa.pdf,El Bidasoa,1916-06-11,114974,texto extraido,6
/home/gaizka/Alarde/Revistas y periodicos/1916/1916-06-18 - El Bidasoa.pdf,El Bidasoa,1916-06-18,102948,texto extraido,6
/home/gaizka/Alarde/Revistas y periodicos/1916/1916-06-24 - Ecos del Jaizkibel - 038 - Año VI n 179 - 1916 junio 24.pdf,Ecos del Jaizkibel - 038 - Año VI n 179 - 1916 junio 24,1916-06-24,85085,texto extraido,7
/home/gaizka/Alarde/Revistas y periodicos/1916/1916-06-25 - El Bidasoa.pdf,El Bidasoa,1916-06-25,107071,texto extraido,6
/home/gaizka/Alarde/Revistas y periodicos/1916/1916-06-30 - El Pueblo Vasco.pdf,El Pueblo Vasco,1916-06-30,4,sin texto suficiente,0
/home/gaizka/Alarde/Revistas y periodicos/1916/1916-07-01 - El Pueblo Vasco.pdf,El Pueblo Vasco,1916-07-01,6,sin texto suficiente,0
/home/gaizka/Alarde/Revistas y periodicos/1916/1916-07-08 - Ecos del Jaizkibel - 040 - Año VI n 181 - 1916 julio 8.pdf,Ecos del Jaizkibel - 040 - Año VI n 181 - 1916 julio 8,1916-07-08,82972,texto extraido,3
/home/gaizka/Alarde/Revistas y periodicos/1916/1916-07-09 - El Bidasoa.pdf,El Bidasoa,1916-07-09,104846,texto extraido,4
/home/gaizka/Alarde/Revistas y periodicos/1917/1917-06-10 - El Bidasoa.pdf,El Bidasoa,1917-06-10,106834,texto extraido,4
/home/gaizka/Alarde/Revistas y periodicos/1917/1917-06-24 - El Bidasoa.pdf,El Bidasoa,1917-06-24,106862,texto extraido,6
/home/gaizka/Alarde/Revistas y periodicos/1917/1917-06-28 - El porvenir.pdf,El porvenir,1917-06-28,99945,texto extraido,6
/home/gaizka/Alarde/Revistas y periodicos/1917/1917-06-29 - El Bidasoa.pdf,El Bidasoa,1917-06-29,113007,texto extraido,8
/home/gaizka/Alarde/Revistas y periodicos/1917/1917-06-30 - La Voz de Guipúzcoa - Diario Republicano.pdf,La Voz de Guipúzcoa - Diario Republicano,1917-06-30,8,sin texto suficiente,0
/home/gaizka/Alarde/Revistas y periodicos/1917/1917-07-01 - La Voz de Guipúzcoa - Diario Republicano.pdf,La Voz de Guipúzcoa - Diario Republicano,1917-07-01,8,sin texto suficiente,0
/home/gaizka/Alarde/Revistas y periodicos/1918/1918-05-26 - El Bidasoa.pdf,El Bidasoa,1918-05-26,125074,texto extraido,7
/home/gaizka/Alarde/Revistas y periodicos/1918/1918-06-02 - El Bidasoa.pdf,El Bidasoa,1918-06-02,116152,texto extraido,4
/home/gaizka/Alarde/Revistas y periodicos/1918/1918-06-29 - El Bidasoa.pdf,El Bidasoa,1918-06-29,122415,texto extraido,8
/home/gaizka/Alarde/Revistas y periodicos/1918/1918-06-30 - La Voz de Guipúzcoa - Diario Republicano.pdf,La Voz de Guipúzcoa - Diario Republicano,1918-06-30,12,sin texto suficiente,0
/home/gaizka/Alarde/Revistas y periodicos/1918/1918-07-01 - El Pueblo Vasco.pdf,El Pueblo Vasco,1918-07-01,6,sin texto suficiente,0
/home/gaizka/Alarde/Revistas y periodicos/1918/1918-07-01 - La información - Diario independiente - La Información diario independiente.pdf,La información - Diario independiente - La Información diario independiente,1918-07-01,6,sin texto suficiente,0
/home/gaizka/Alarde/Revistas y periodicos/1918/1918-07-07 - El Bidasoa.pdf,El Bidasoa,1918-07-07,110689,texto extraido,7
/home/gaizka/Alarde/Revistas y periodicos/1919/1919 - El Alarde - núm. 1.pdf,El Alarde - núm. 1,1919,4,sin texto suficiente,0
/home/gaizka/Alarde/Revistas y periodicos/1919/1919 - El Alarde - núm. 2.pdf,El Alarde - núm. 2,1919,4,sin texto suficiente,0
/home/gaizka/Alarde/Revistas y periodicos/1919/1919 - El Alarde - núm. 3.pdf,El Alarde - núm. 3,1919,4,sin texto suficiente,0
/home/gaizka/Alarde/Revistas y periodicos/1919/1919 - El Alarde - núm. 4.pdf,El Alarde - núm. 4,1919,4,sin texto suficiente,0
/home/gaizka/Alarde/Revistas y periodicos/1919/1919-05-18 - El Bidasoa.pdf,El Bidasoa,1919-05-18,133504,texto extraido,5
/home/gaizka/Alarde/Revistas y periodicos/1919/1919-06-15 - El Bidasoa.pdf,El Bidasoa,1919-06-15,113878,texto extraido,7
/home/gaizka/Alarde/Revistas y periodicos/1919/1919-06-21 - Ecos del Jaizkibel - 092 - Año VII n 334 - 1919 junio 21.pdf,Ecos del Jaizkibel - 092 - Año VII n 334 - 1919 junio 21,1919-06-21,62633,texto extraido,2
/home/gaizka/Alarde/Revistas y periodicos/1919/1919-06-22 - El Bidasoa.pdf,El Bidasoa,1919-06-22,123083,texto extraido,6
/home/gaizka/Alarde/Revistas y periodicos/1919/1919-06-28 - Ecos del Jaizkibel - 093 - Año VII n 335 - 1919 junio 28.pdf,Ecos del Jaizkibel - 093 - Año VII n 335 - 1919 junio 28,1919-06-28,73904,texto extraido,3
/home/gaizka/Alarde/Revistas y periodicos/1919/1919-06-30 - La Voz de Guipúzcoa - Diario Republicano.pdf,La Voz de Guipúzcoa - Diario Republicano,1919-06-30,8,sin texto suficiente,0
/home/gaizka/Alarde/Revistas y periodicos/1919/1919-07-01 - El Pueblo Vasco.pdf,El Pueblo Vasco,1919-07-01,6,sin texto suficiente,0
/home/gaizka/Alarde/Revistas y periodicos/1919/1919-07-01 - La Voz de Guipúzcoa - Diario Republicano.pdf,La Voz de Guipúzcoa - Diario Republicano,1919-07-01,12,sin texto suficiente,0
/home/gaizka/Alarde/Revistas y periodicos/1919/1919-07-01 - La información - Diario independiente - La Información diario independiente.pdf,La información - Diario independiente - La Información diario independiente,1919-07-01,6,sin texto suficiente,0
/home/gaizka/Alarde/Revistas y periodicos/1919/1919-07-03 - La Tribuna (2).pdf,La Tribuna (2),1919-07-03,284247,texto extraido,2
/home/gaizka/Alarde/Revistas y periodicos/1919/1919-07-03 - La Tribuna.pdf,La Tribuna,1919-07-03,284247,texto extraido,2
/home/gaizka/Alarde/Revistas y periodicos/1919/1919-07-04 - El Fígaro.pdf,El Fígaro,1919-07-04,416343,texto extraido,3
/home/gaizka/Alarde/Revistas y periodicos/1919/1919-07-05 - Ecos del Jaizkibel - 094 - Año VII n 336 - 1919 julio 5.pdf,Ecos del Jaizkibel - 094 - Año VII n 336 - 1919 julio 5,1919-07-05,64924,texto extraido,3
/home/gaizka/Alarde/Revistas y periodicos/1919/1919-07-06 - El Bidasoa.pdf,El Bidasoa,1919-07-06,117622,texto extraido,7
/home/gaizka/Alarde/Revistas y periodicos/1920/1920-06-30 - El Pueblo Vasco.pdf,El Pueblo Vasco,1920-06-30,6,sin texto suficiente,0
/home/gaizka/Alarde/Revistas y periodicos/1920/1920-07-01 - El Pueblo Vasco.pdf,El Pueblo Vasco,1920-07-01,6,sin texto suficiente,0
/home/gaizka/Alarde/Revistas y periodicos/1920/1920-07-01 - La Voz de Guipúzcoa - Diario Republicano.pdf,La Voz de Guipúzcoa - Diario Republicano,1920-07-01,12,sin texto suficiente,0
/home/gaizka/Alarde/Revistas y periodicos/1920/1920-07-01 - La información - Diario independiente - La Información diario independiente.pdf,La información - Diario independiente - La Información diario independiente,1920-07-01,8,sin texto suficiente,0
/home/gaizka/Alarde/Revistas y periodicos/1921/1921-06-26 - El Bidasoa.pdf,El Bidasoa,1921-06-26,98860,texto extraido,7
/home/gaizka/Alarde/Revistas y periodicos/1921/1921-06-30 - El Pueblo Vasco.pdf,El Pueblo Vasco,1921-06-30,6,sin texto suficiente,0
/home/gaizka/Alarde/Revistas y periodicos/1921/1921-06-30 - La Voz de Guipúzcoa - Diario Republicano.pdf,La Voz de Guipúzcoa - Diario Republicano,1921-06-30,12,sin texto suficiente,0
/home/gaizka/Alarde/Revistas y periodicos/1921/1921-07-01 - La Voz de Guipúzcoa - Diario Republicano.pdf,La Voz de Guipúzcoa - Diario Republicano,1921-07-01,12,sin texto suficiente,0
/home/gaizka/Alarde/Revistas y periodicos/1921/1921-07-03 - El Bidasoa.pdf,El Bidasoa,1921-07-03,100861,texto extraido,6
/home/gaizka/Alarde/Revistas y periodicos/1922/1922-06-04 - El Bidasoa.pdf,El Bidasoa,1922-06-04,101119,texto extraido,7
/home/gaizka/Alarde/Revistas y periodicos/1922/1922-06-11 - El Bidasoa.pdf,El Bidasoa,1922-06-11,110357,texto extraido,7
/home/gaizka/Alarde/Revistas y periodicos/1922/1922-06-25 - El Bidasoa.pdf,El Bidasoa,1922-06-25,99880,texto extraido,4
/home/gaizka/Alarde/Revistas y periodicos/1922/1922-06-30 - El Pueblo Vasco.pdf,El Pueblo Vasco,1922-06-30,6,sin texto suficiente,0
/home/gaizka/Alarde/Revistas y periodicos/1922/1922-06-30 - La Voz de Guipúzcoa - Diario Republicano.pdf,La Voz de Guipúzcoa - Diario Republicano,1922-06-30,12,sin texto suficiente,0
/home/gaizka/Alarde/Revistas y periodicos/1922/1922-07-01 - El Pueblo Vasco.pdf,El Pueblo Vasco,1922-07-01,12,sin texto suficiente,0
/home/gaizka/Alarde/Revistas y periodicos/1923/1923-06-29 - El Bidasoa.pdf,El Bidasoa,1923-06-29,98971,texto extraido,7
/home/gaizka/Alarde/Revistas y periodicos/1923/1923-06-30 - El País Vasco.pdf,El País Vasco,1923-06-30,8,sin texto suficiente,0
/home/gaizka/Alarde/Revistas y periodicos/1923/1923-06-30 - La Voz de Guipúzcoa - Diario Republicano.pdf,La Voz de Guipúzcoa - Diario Republicano,1923-06-30,16,sin texto suficiente,0
/home/gaizka/Alarde/Revistas y periodicos/1923/1923-07-01 - El País Vasco.pdf,El País Vasco,1923-07-01,8,sin texto suficiente,0
/home/gaizka/Alarde/Revistas y periodicos/1923/1923-07-01 - La Voz de Guipúzcoa - Diario Republicano.pdf,La Voz de Guipúzcoa - Diario Republicano,1923-07-01,14,sin texto suficiente,0
/home/gaizka/Alarde/Revistas y periodicos/1923/1923-07-08 - El Bidasoa.pdf,El Bidasoa,1923-07-08,113285,texto extraido,7
/home/gaizka/Alarde/Revistas y periodicos/1924/1924-05-18 - El Bidasoa.pdf,El Bidasoa,1924-05-18,115964,texto extraido,6
/home/gaizka/Alarde/Revistas y periodicos/1924/1924-05-25 - El Bidasoa.pdf,El Bidasoa,1924-05-25,101449,texto extraido,6
/home/gaizka/Alarde/Revistas y periodicos/1924/1924-06-01 - El Bidasoa.pdf,El Bidasoa,1924-06-01,104315,texto extraido,5
/home/gaizka/Alarde/Revistas y periodicos/1924/1924-06-08 - El Bidasoa.pdf,El Bidasoa,1924-06-08,166299,texto extraido,1
/home/gaizka/Alarde/Revistas y periodicos/1924/1924-06-15 - El Bidasoa.pdf,El Bidasoa,1924-06-15,117154,texto extraido,4
/home/gaizka/Alarde/Revistas y periodicos/1924/1924-06-29 - El Pueblo Vasco.pdf,El Pueblo Vasco,1924-06-29,8,sin texto suficiente,0
/home/gaizka/Alarde/Revistas y periodicos/1924/1924-06-30 - El País Vasco.pdf,El País Vasco,1924-06-30,8,sin texto suficiente,0
/home/gaizka/Alarde/Revistas y periodicos/1924/1924-07-01 - El País Vasco.pdf,El País Vasco,1924-07-01,8,sin texto suficiente,0
/home/gaizka/Alarde/Revistas y periodicos/1924/1924-07-01 - El Pueblo Vasco.pdf,El Pueblo Vasco,1924-07-01,12,sin texto suficiente,0
/home/gaizka/Alarde/Revistas y periodicos/1924/1924-07-01 - La Constancia.pdf,La Constancia,1924-07-01,8,sin texto suficiente,0
/home/gaizka/Alarde/Revistas y periodicos/1924/1924-07-01 - La Voz de Guipúzcoa - Diario Republicano.pdf,La Voz de Guipúzcoa - Diario Republicano,1924-07-01,16,sin texto suficiente,0
/home/gaizka/Alarde/Revistas y periodicos/1924/1924-07-06 - El Bidasoa.pdf,El Bidasoa,1924-07-06,108192,texto extraido,4
/home/gaizka/Alarde/Revistas y periodicos/1924/1924-07-20 - El Bidasoa.pdf,El Bidasoa,1924-07-20,120731,texto extraido,8
/home/gaizka/Alarde/Revistas y periodicos/1925/1925-06-20 - Uranzu.pdf,Uranzu,1925-06-20,4,sin texto suficiente,0
/home/gaizka/Alarde/Revistas y periodicos/1925/1925-06-21 - El Bidasoa.pdf,El Bidasoa,1925-06-21,139058,texto extraido,7
/home/gaizka/Alarde/Revistas y periodicos/1925/1925-06-27 - Uranzu.pdf,Uranzu,1925-06-27,89909,texto extraido,6
/home/gaizka/Alarde/Revistas y periodicos/1925/1925-06-28 - El Bidasoa.pdf,El Bidasoa,1925-06-28,126247,texto extraido,5
/home/gaizka/Alarde/Revistas y periodicos/1925/1925-06-30 - El Pueblo Vasco.pdf,El Pueblo Vasco,1925-06-30,12,sin texto suficiente,0
/home/gaizka/Alarde/Revistas y periodicos/1925/1925-06-30 - La Voz de Guipúzcoa - Diario Republicano.pdf,La Voz de Guipúzcoa - Diario Republicano,1925-06-30,16,sin texto suficiente,0
/home/gaizka/Alarde/Revistas y periodicos/1925/1925-07-01 - La Constancia.pdf,La Constancia,1925-07-01,8,sin texto suficiente,0
/home/gaizka/Alarde/Revistas y periodicos/1925/1925-07-02 - La Voz de Guipúzcoa - Diario Republicano.pdf,La Voz de Guipúzcoa - Diario Republicano,1925-07-02,10,sin texto suficiente,0
/home/gaizka/Alarde/Revistas y periodicos/1925/1925-07-04 - Uranzu.pdf,Uranzu,1925-07-04,85086,texto extraido,6
/home/gaizka/Alarde/Revistas y periodicos/1925/1925-07-05 - El Bidasoa.pdf,El Bidasoa,1925-07-05,136027,texto extraido,7
/home/gaizka/Alarde/Revistas y periodicos/1925/1925-07-11 - Uranzu.pdf,Uranzu,1925-07-11,91956,texto extraido,6
/home/gaizka/Alarde/Revistas y periodicos/1925/1925-07-12 - El Bidasoa.pdf,El Bidasoa,1925-07-12,136046,texto extraido,5
/home/gaizka/Alarde/Revistas y periodicos/1925/1925-07-18 - Uranzu.pdf,Uranzu,1925-07-18,99726,texto extraido,6
/home/gaizka/Alarde/Revistas y periodicos/1925/1925-07-25 - Uranzu.pdf,Uranzu,1925-07-25,91313,texto extraido,7
/home/gaizka/Alarde/Revistas y periodicos/1926/1926-06-06 - El Bidasoa.pdf,El Bidasoa,1926-06-06,102727,texto extraido,0
/home/gaizka/Alarde/Revistas y periodicos/1926/1926-06-12 - Uranzu.pdf,Uranzu,1926-06-12,98847,texto extraido,4
/home/gaizka/Alarde/Revistas y periodicos/1926/1926-06-13 - El Bidasoa.pdf,El Bidasoa,1926-06-13,106423,texto extraido,7
/home/gaizka/Alarde/Revistas y periodicos/1926/1926-06-19 - Uranzu.pdf,Uranzu,1926-06-19,107337,texto extraido,6
/home/gaizka/Alarde/Revistas y periodicos/1926/1926-06-26 - Uranzu.pdf,Uranzu,1926-06-26,101317,texto extraido,7
/home/gaizka/Alarde/Revistas y periodicos/1926/1926-06-29 - El Bidasoa.pdf,El Bidasoa,1926-06-29,220162,texto extraido,4
/home/gaizka/Alarde/Revistas y periodicos/1926/1926-06-29 - La frontera semanario republicano - PH IRUN 0039.pdf,La frontera semanario republicano - PH IRUN 0039,1926-06-29,176225,texto extraido,6
/home/gaizka/Alarde/Revistas y periodicos/1926/1926-06-29 - La frontera.pdf,La frontera,1926-06-29,12,sin texto suficiente,0
/home/gaizka/Alarde/Revistas y periodicos/1926/1926-06-30 - El País Vasco.pdf,El País Vasco,1926-06-30,6,sin texto suficiente,0
/home/gaizka/Alarde/Revistas y periodicos/1926/1926-06-30 - El Pueblo Vasco.pdf,El Pueblo Vasco,1926-06-30,6,sin texto suficiente,0
/home/gaizka/Alarde/Revistas y periodicos/1926/1926-06-30 - La Voz de Guipúzcoa - Diario Republicano.pdf,La Voz de Guipúzcoa - Diario Republicano,1926-06-30,12,sin texto suficiente,0
/home/gaizka/Alarde/Revistas y periodicos/1926/1926-07-01 - El País Vasco.pdf,El País Vasco,1926-07-01,6,sin texto suficiente,0
/home/gaizka/Alarde/Revistas y periodicos/1926/1926-07-01 - El Pueblo Vasco.pdf,El Pueblo Vasco,1926-07-01,6,sin texto suficiente,0
/home/gaizka/Alarde/Revistas y periodicos/1926/1926-07-01 - La Voz de Guipúzcoa - Diario Republicano.pdf,La Voz de Guipúzcoa - Diario Republicano,1926-07-01,16,sin texto suficiente,0
/home/gaizka/Alarde/Revistas y periodicos/1926/1926-07-04 - El Bidasoa.pdf,El Bidasoa,1926-07-04,111339,texto extraido,8
/home/gaizka/Alarde/Revistas y periodicos/1926/1926-07-04 - La frontera semanario republicano - PH IRUN 0039.pdf,La frontera semanario republicano - PH IRUN 0039,1926-07-04,91907,texto extraido,5
/home/gaizka/Alarde/Revistas y periodicos/1926/1926-07-04 - Uranzu.pdf,Uranzu,1926-07-04,99433,texto extraido,4
/home/gaizka/Alarde/Revistas y periodicos/1927/1927-06-26 - El Bidasoa.pdf,El Bidasoa,1927-06-26,117816,texto extraido,5
/home/gaizka/Alarde/Revistas y periodicos/1927/1927-06-29 - La Constancia.pdf,La Constancia,1927-06-29,8,sin texto suficiente,0
/home/gaizka/Alarde/Revistas y periodicos/1927/1927-06-30 - El País Vasco.pdf,El País Vasco,1927-06-30,6,sin texto suficiente,0
/home/gaizka/Alarde/Revistas y periodicos/1927/1927-06-30 - El Pueblo Vasco.pdf,El Pueblo Vasco,1927-06-30,8,sin texto suficiente,0
/home/gaizka/Alarde/Revistas y periodicos/1927/1927-06-30 - La Voz de Guipúzcoa - Diario Republicano.pdf,La Voz de Guipúzcoa - Diario Republicano,1927-06-30,16,sin texto suficiente,0
/home/gaizka/Alarde/Revistas y periodicos/1927/1927-07-01 - El País Vasco.pdf,El País Vasco,1927-07-01,6,sin texto suficiente,0
/home/gaizka/Alarde/Revistas y periodicos/1927/1927-07-01 - El Pueblo Vasco.pdf,El Pueblo Vasco,1927-07-01,8,sin texto suficiente,0
/home/gaizka/Alarde/Revistas y periodicos/1927/1927-07-01 - La Voz de Guipúzcoa - Diario Republicano.pdf,La Voz de Guipúzcoa - Diario Republicano,1927-07-01,16,sin texto suficiente,0
/home/gaizka/Alarde/Revistas y periodicos/1927/1927-07-03 - El Bidasoa.pdf,El Bidasoa,1927-07-03,113959,texto extraido,7
/home/gaizka/Alarde/Revistas y periodicos/1927/1927-07-03 - La Voz de Guipúzcoa - Diario Republicano.pdf,La Voz de Guipúzcoa - Diario Republicano,1927-07-03,16,sin texto suficiente,0
/home/gaizka/Alarde/Revistas y periodicos/1928/1928-06-17 - El Bidasoa.pdf,El Bidasoa,1928-06-17,117057,texto extraido,6
/home/gaizka/Alarde/Revistas y periodicos/1928/1928-06-29 - El Bidasoa.pdf,El Bidasoa,1928-06-29,207493,texto extraido,8
/home/gaizka/Alarde/Revistas y periodicos/1928/1928-06-29 - La Constancia.pdf,La Constancia,1928-06-29,8,sin texto suficiente,0
/home/gaizka/Alarde/Revistas y periodicos/1928/1928-06-30 - El Pueblo Vasco.pdf,El Pueblo Vasco,1928-06-30,8,sin texto suficiente,0
/home/gaizka/Alarde/Revistas y periodicos/1928/1928-06-30 - La Voz de Guipúzcoa - Diario Republicano.pdf,La Voz de Guipúzcoa - Diario Republicano,1928-06-30,12,sin texto suficiente,0
/home/gaizka/Alarde/Revistas y periodicos/1928/1928-07-01 - El País Vasco.pdf,El País Vasco,1928-07-01,8,sin texto suficiente,0
/home/gaizka/Alarde/Revistas y periodicos/1928/1928-07-01 - El Pueblo Vasco.pdf,El Pueblo Vasco,1928-07-01,12,sin texto suficiente,0
/home/gaizka/Alarde/Revistas y periodicos/1928/1928-07-01 - La Constancia.pdf,La Constancia,1928-07-01,8,sin texto suficiente,0
/home/gaizka/Alarde/Revistas y periodicos/1928/1928-07-01 - La Voz de Guipúzcoa - Diario Republicano.pdf,La Voz de Guipúzcoa - Diario Republicano,1928-07-01,14,sin texto suficiente,0
/home/gaizka/Alarde/Revistas y periodicos/1928/1928-07-08 - El Bidasoa.pdf,El Bidasoa,1928-07-08,124554,texto extraido,6
/home/gaizka/Alarde/Revistas y periodicos/1929/1929-06-02 - El Bidasoa.pdf,El Bidasoa,1929-06-02,141001,texto extraido,4
/home/gaizka/Alarde/Revistas y periodicos/1929/1929-06-16 - El Bidasoa.pdf,El Bidasoa,1929-06-16,135287,texto extraido,4
/home/gaizka/Alarde/Revistas y periodicos/1929/1929-06-23 - El Bidasoa.pdf,El Bidasoa,1929-06-23,135832,texto extraido,8
/home/gaizka/Alarde/Revistas y periodicos/1929/1929-06-29 - El Bidasoa.pdf,El Bidasoa,1929-06-29,156329,texto extraido,5
/home/gaizka/Alarde/Revistas y periodicos/1929/1929-06-29 - La Constancia.pdf,La Constancia,1929-06-29,282894,texto extraido,3
/home/gaizka/Alarde/Revistas y periodicos/1929/1929-06-30 - El País Vasco.pdf,El País Vasco,1929-06-30,8,sin texto suficiente,0
/home/gaizka/Alarde/Revistas y periodicos/1929/1929-06-30 - El Pueblo Vasco.pdf,El Pueblo Vasco,1929-06-30,8,sin texto suficiente,0
/home/gaizka/Alarde/Revistas y periodicos/1929/1929-06-30 - La Voz de Guipúzcoa - Diario Republicano.pdf,La Voz de Guipúzcoa - Diario Republicano,1929-06-30,16,sin texto suficiente,0
/home/gaizka/Alarde/Revistas y periodicos/1929/1929-07-01 - El Pueblo Vasco.pdf,El Pueblo Vasco,1929-07-01,12,sin texto suficiente,0
/home/gaizka/Alarde/Revistas y periodicos/1929/1929-07-02 - El País Vasco.pdf,El País Vasco,1929-07-02,8,sin texto suficiente,0
/home/gaizka/Alarde/Revistas y periodicos/1929/1929-07-02 - Estampa Madrid.pdf,Estampa Madrid,1929-07-02,284905,texto extraido,2
/home/gaizka/Alarde/Revistas y periodicos/1929/1929-07-02 - La Voz de Guipúzcoa - Diario Republicano.pdf,La Voz de Guipúzcoa - Diario Republicano,1929-07-02,14,sin texto suficiente,0
/home/gaizka/Alarde/Revistas y periodicos/1929/1929-07-07 - El Bidasoa.pdf,El Bidasoa,1929-07-07,125366,texto extraido,6
/home/gaizka/Alarde/Revistas y periodicos/1929/1929-07-14 - El Bidasoa.pdf,El Bidasoa,1929-07-14,129039,texto extraido,7
/home/gaizka/Alarde/Revistas y periodicos/1930/1930-06-01 - El Bidasoa.pdf,El Bidasoa,1930-06-01,121071,texto extraido,7
/home/gaizka/Alarde/Revistas y periodicos/1930/1930-06-08 - El Bidasoa.pdf,El Bidasoa,1930-06-08,118648,texto extraido,7
/home/gaizka/Alarde/Revistas y periodicos/1930/1930-06-15 - El Bidasoa.pdf,El Bidasoa,1930-06-15,114339,texto extraido,8
/home/gaizka/Alarde/Revistas y periodicos/1930/1930-06-22 - El Bidasoa.pdf,El Bidasoa,1930-06-22,128179,texto extraido,7
/home/gaizka/Alarde/Revistas y periodicos/1930/1930-06-29 - El Bidasoa.pdf,El Bidasoa,1930-06-29,211143,texto extraido,6
/home/gaizka/Alarde/Revistas y periodicos/1930/1930-06-29 - El Dia.pdf,El Dia,1930-06-29,16,sin texto suficiente,0
/home/gaizka/Alarde/Revistas y periodicos/1930/1930-06-29 - La Constancia.pdf,La Constancia,1930-06-29,610612,texto extraido,0
/home/gaizka/Alarde/Revistas y periodicos/1930/1930-07-01 - El Dia.pdf,El Dia,1930-07-01,16,sin texto suficiente,0
/home/gaizka/Alarde/Revistas y periodicos/1930/1930-07-01 - El Pueblo Vasco.pdf,El Pueblo Vasco,1930-07-01,12,sin texto suficiente,0
/home/gaizka/Alarde/Revistas y periodicos/1930/1930-07-01 - La Voz de Guipúzcoa - Diario Republicano.pdf,La Voz de Guipúzcoa - Diario Republicano,1930-07-01,16,sin texto suficiente,0
/home/gaizka/Alarde/Revistas y periodicos/1930/1930-07-06 - El Bidasoa.pdf,El Bidasoa,1930-07-06,127981,texto extraido,5
/home/gaizka/Alarde/Revistas y periodicos/1930/1930-07-12 - La frontera.pdf,La frontera,1930-07-12,4,sin texto suficiente,0
/home/gaizka/Alarde/Revistas y periodicos/1931/1931-06-14 - El Bidasoa.pdf,El Bidasoa,1931-06-14,105454,texto extraido,6
/home/gaizka/Alarde/Revistas y periodicos/1931/1931-06-18 - La Voz de Guipúzcoa - Diario Republicano.pdf,La Voz de Guipúzcoa - Diario Republicano,1931-06-18,2166052,texto extraido,0
/home/gaizka/Alarde/Revistas y periodicos/1931/1931-06-21 - El Bidasoa.pdf,El Bidasoa,1931-06-21,112096,texto extraido,5
/home/gaizka/Alarde/Revistas y periodicos/1931/1931-06-28 - El Bidasoa.pdf,El Bidasoa,1931-06-28,119860,texto extraido,7
/home/gaizka/Alarde/Revistas y periodicos/1931/1931-06-30 - El Dia.pdf,El Dia,1931-06-30,12,sin texto suficiente,0
/home/gaizka/Alarde/Revistas y periodicos/1931/1931-06-30 - El Pueblo Vasco.pdf,El Pueblo Vasco,1931-06-30,12,sin texto suficiente,0
/home/gaizka/Alarde/Revistas y periodicos/1931/1931-07-01 - El Dia.pdf,El Dia,1931-07-01,10,sin texto suficiente,0
/home/gaizka/Alarde/Revistas y periodicos/1931/1931-07-01 - El Pueblo Vasco.pdf,El Pueblo Vasco,1931-07-01,6,sin texto suficiente,0
/home/gaizka/Alarde/Revistas y periodicos/1931/1931-07-01 - La Voz de Guipúzcoa - Diario Republicano.pdf,La Voz de Guipúzcoa - Diario Republicano,1931-07-01,16,sin texto suficiente,0
/home/gaizka/Alarde/Revistas y periodicos/1931/1931-07-02 - Sin frontera.pdf,Sin frontera,1931-07-02,4,sin texto suficiente,0
/home/gaizka/Alarde/Revistas y periodicos/1931/1931-07-05 - El Bidasoa.pdf,El Bidasoa,1931-07-05,106908,texto extraido,8
/home/gaizka/Alarde/Revistas y periodicos/1931/1931-08-08 - Caras y caretas Buenos Aires 714.pdf,Caras y caretas Buenos Aires 714,1931-08-08,648070,texto extraido,0
/home/gaizka/Alarde/Revistas y periodicos/1932/1932-01-01 - Txistulari - AEHTE-HEM-AEHTE6000-1932 01 01 AEHTE7324 AEHTE6288.pdf,Txistulari - AEHTE-HEM-AEHTE6000-1932 01 01 AEHTE7324 AEHTE6288,1932-01-01,4682,texto extraido,2
/home/gaizka/Alarde/Revistas y periodicos/1932/1932-06-04 - El Bidasoa.pdf,El Bidasoa,1932-06-04,118706,texto extraido,4
/home/gaizka/Alarde/Revistas y periodicos/1932/1932-06-11 - El Bidasoa.pdf,El Bidasoa,1932-06-11,136627,texto extraido,7
/home/gaizka/Alarde/Revistas y periodicos/1932/1932-06-18 - El Bidasoa.pdf,El Bidasoa,1932-06-18,109601,texto extraido,6
/home/gaizka/Alarde/Revistas y periodicos/1932/1932-06-25 - El Bidasoa.pdf,El Bidasoa,1932-06-25,105389,texto extraido,8
/home/gaizka/Alarde/Revistas y periodicos/1932/1932-06-29 - Easo.pdf,Easo,1932-06-29,8,sin texto suficiente,0
/home/gaizka/Alarde/Revistas y periodicos/1932/1932-06-30 - El Dia.pdf,El Dia,1932-06-30,10,sin texto suficiente,0
/home/gaizka/Alarde/Revistas y periodicos/1932/1932-06-30 - El Pueblo Vasco.pdf,El Pueblo Vasco,1932-06-30,12,sin texto suficiente,0
/home/gaizka/Alarde/Revistas y periodicos/1932/1932-07-01 - Easo.pdf,Easo,1932-07-01,8,sin texto suficiente,0
/home/gaizka/Alarde/Revistas y periodicos/1932/1932-07-01 - El Dia.pdf,El Dia,1932-07-01,10,sin texto suficiente,0
/home/gaizka/Alarde/Revistas y periodicos/1932/1932-07-01 - El Pueblo Vasco.pdf,El Pueblo Vasco,1932-07-01,8,sin texto suficiente,0
/home/gaizka/Alarde/Revistas y periodicos/1932/1932-07-01 - La Voz de Guipúzcoa - Diario Republicano.pdf,La Voz de Guipúzcoa - Diario Republicano,1932-07-01,16,sin texto suficiente,0
/home/gaizka/Alarde/Revistas y periodicos/1932/1932-07-02 - El Bidasoa.pdf,El Bidasoa,1932-07-02,110900,texto extraido,7
/home/gaizka/Alarde/Revistas y periodicos/1932/1932-07-09 - El Bidasoa.pdf,El Bidasoa,1932-07-09,137785,texto extraido,5
/home/gaizka/Alarde/Revistas y periodicos/1933/1933 - Foto Kruz.pdf,Foto Kruz,1933,1,sin texto suficiente,0
/home/gaizka/Alarde/Revistas y periodicos/1933/1933-06-10 - El Bidasoa.pdf,El Bidasoa,1933-06-10,119591,texto extraido,8
/home/gaizka/Alarde/Revistas y periodicos/1933/1933-06-17 - El Bidasoa.pdf,El Bidasoa,1933-06-17,122922,texto extraido,7
/home/gaizka/Alarde/Revistas y periodicos/1933/1933-06-30 - El Dia.pdf,El Dia,1933-06-30,10,sin texto suficiente,0
/home/gaizka/Alarde/Revistas y periodicos/1933/1933-06-30 - La Constancia.pdf,La Constancia,1933-06-30,382235,texto extraido,2
/home/gaizka/Alarde/Revistas y periodicos/1933/1933-06-30 - La Voz de Guipúzcoa - Diario Republicano.pdf,La Voz de Guipúzcoa - Diario Republicano,1933-06-30,14,sin texto suficiente,0
/home/gaizka/Alarde/Revistas y periodicos/1933/1933-07-01 - El Dia.pdf,El Dia,1933-07-01,10,sin texto suficiente,0
/home/gaizka/Alarde/Revistas y periodicos/1933/1933-07-01 - El Pueblo Vasco.pdf,El Pueblo Vasco,1933-07-01,8,sin texto suficiente,0
/home/gaizka/Alarde/Revistas y periodicos/1933/1933-07-01 - La Voz de Guipúzcoa - Diario Republicano.pdf,La Voz de Guipúzcoa - Diario Republicano,1933-07-01,14,sin texto suficiente,0
/home/gaizka/Alarde/Revistas y periodicos/1933/1933-07-08 - El Bidasoa.pdf,El Bidasoa,1933-07-08,110040,texto extraido,5
/home/gaizka/Alarde/Revistas y periodicos/1933/1933-07-08 - Estampa.pdf,Estampa,1933-07-08,445523,texto extraido,0
/home/gaizka/Alarde/Revistas y periodicos/1934/1934-06-02 - El Bidasoa.pdf,El Bidasoa,1934-06-02,107324,texto extraido,6
/home/gaizka/Alarde/Revistas y periodicos/1934/1934-06-09 - El Bidasoa.pdf,El Bidasoa,1934-06-09,109819,texto extraido,6
/home/gaizka/Alarde/Revistas y periodicos/1934/1934-06-16 - El Bidasoa.pdf,El Bidasoa,1934-06-16,115656,texto extraido,5
/home/gaizka/Alarde/Revistas y periodicos/1934/1934-06-23 - El Bidasoa.pdf,El Bidasoa,1934-06-23,125942,texto extraido,8
/home/gaizka/Alarde/Revistas y periodicos/1934/1934-06-29 - El Bidasoa.pdf,El Bidasoa,1934-06-29,126876,texto extraido,8
/home/gaizka/Alarde/Revistas y periodicos/1934/1934-06-29 - La Constancia.pdf,La Constancia,1934-06-29,385728,texto extraido,3
/home/gaizka/Alarde/Revistas y periodicos/1934/1934-06-30 - El Dia.pdf,El Dia,1934-06-30,10,sin texto suficiente,0
/home/gaizka/Alarde/Revistas y periodicos/1934/1934-06-30 - El Pueblo Vasco.pdf,El Pueblo Vasco,1934-06-30,8,sin texto suficiente,0
/home/gaizka/Alarde/Revistas y periodicos/1934/1934-06-30 - La Constancia.pdf,La Constancia,1934-06-30,451829,texto extraido,2
/home/gaizka/Alarde/Revistas y periodicos/1934/1934-06-30 - La Voz de Guipúzcoa - Diario Republicano.pdf,La Voz de Guipúzcoa - Diario Republicano,1934-06-30,16,sin texto suficiente,0
/home/gaizka/Alarde/Revistas y periodicos/1934/1934-07-01 - El Dia.pdf,El Dia,1934-07-01,10,sin texto suficiente,0
/home/gaizka/Alarde/Revistas y periodicos/1934/1934-07-01 - El Pueblo Vasco.pdf,El Pueblo Vasco,1934-07-01,12,sin texto suficiente,0
/home/gaizka/Alarde/Revistas y periodicos/1934/1934-07-01 - La Constancia.pdf,La Constancia,1934-07-01,431625,texto extraido,1
/home/gaizka/Alarde/Revistas y periodicos/1934/1934-07-01 - La Voz de Guipúzcoa - Diario Republicano.pdf,La Voz de Guipúzcoa - Diario Republicano,1934-07-01,16,sin texto suficiente,0
/home/gaizka/Alarde/Revistas y periodicos/1934/1934-07-03 - La Voz de Guipúzcoa - Diario Republicano.pdf,La Voz de Guipúzcoa - Diario Republicano,1934-07-03,16,sin texto suficiente,0
/home/gaizka/Alarde/Revistas y periodicos/1934/1934-07-07 - El Bidasoa.pdf,El Bidasoa,1934-07-07,115067,texto extraido,7
/home/gaizka/Alarde/Revistas y periodicos/1935/1935-06-01 - El Bidasoa.pdf,El Bidasoa,1935-06-01,114927,texto extraido,6
/home/gaizka/Alarde/Revistas y periodicos/1935/1935-06-08 - El Bidasoa.pdf,El Bidasoa,1935-06-08,121129,texto extraido,7
/home/gaizka/Alarde/Revistas y periodicos/1935/1935-06-15 - El Bidasoa.pdf,El Bidasoa,1935-06-15,103938,texto extraido,8
/home/gaizka/Alarde/Revistas y periodicos/1935/1935-06-29 - El Diario Vasco.pdf,El Diario Vasco,1935-06-29,1028503,texto extraido,1
/home/gaizka/Alarde/Revistas y periodicos/1935/1935-06-29 - La Constancia.pdf,La Constancia,1935-06-29,453290,texto extraido,3
/home/gaizka/Alarde/Revistas y periodicos/1935/1935-06-30 - El Dia.pdf,El Dia,1935-06-30,16,sin texto suficiente,0
/home/gaizka/Alarde/Revistas y periodicos/1935/1935-06-30 - El Diario Vasco.pdf,El Diario Vasco,1935-06-30,760505,texto extraido,2
/home/gaizka/Alarde/Revistas y periodicos/1935/1935-06-30 - El Pueblo Vasco.pdf,El Pueblo Vasco,1935-06-30,14,sin texto suficiente,0
/home/gaizka/Alarde/Revistas y periodicos/1935/1935-06-30 - La Constancia.pdf,La Constancia,1935-06-30,470677,texto extraido,4
/home/gaizka/Alarde/Revistas y periodicos/1935/1935-06-30 - La Voz de Guipúzcoa - Diario Republicano.pdf,La Voz de Guipúzcoa - Diario Republicano,1935-06-30,1911214,texto extraido,0
/home/gaizka/Alarde/Revistas y periodicos/1935/1935-07-01 - El Pueblo Vasco.pdf,El Pueblo Vasco,1935-07-01,10,sin texto suficiente,0
/home/gaizka/Alarde/Revistas y periodicos/1935/1935-07-02 - El Dia.pdf,El Dia,1935-07-02,12,sin texto suficiente,0
/home/gaizka/Alarde/Revistas y periodicos/1935/1935-07-02 - El Diario Vasco.pdf,El Diario Vasco,1935-07-02,813143,texto extraido,4
/home/gaizka/Alarde/Revistas y periodicos/1935/1935-07-02 - La Constancia.pdf,La Constancia,1935-07-02,490926,texto extraido,4
/home/gaizka/Alarde/Revistas y periodicos/1935/1935-07-02 - La Voz de Guipúzcoa - Diario Republicano.pdf,La Voz de Guipúzcoa - Diario Republicano,1935-07-02,16,sin texto suficiente,0
/home/gaizka/Alarde/Revistas y periodicos/1935/1935-07-03 - Ahora.pdf,Ahora,1935-07-03,631583,texto extraido,1
/home/gaizka/Alarde/Revistas y periodicos/1935/1935-07-03 - La Voz de Guipúzcoa - Diario Republicano.pdf,La Voz de Guipúzcoa - Diario Republicano,1935-07-03,16,sin texto suficiente,0
/home/gaizka/Alarde/Revistas y periodicos/1935/1935-07-13 - El Bidasoa.pdf,El Bidasoa,1935-07-13,117265,texto extraido,5
/home/gaizka/Alarde/Revistas y periodicos/1936/1936-06-06 - El Bidasoa.pdf,El Bidasoa,1936-06-06,131446,texto extraido,5
/home/gaizka/Alarde/Revistas y periodicos/1936/1936-06-13 - El Bidasoa.pdf,El Bidasoa,1936-06-13,118672,texto extraido,5
/home/gaizka/Alarde/Revistas y periodicos/1936/1936-06-20 - El Bidasoa.pdf,El Bidasoa,1936-06-20,118206,texto extraido,7
/home/gaizka/Alarde/Revistas y periodicos/1936/1936-06-26 - La Voz de Guipúzcoa - Diario Republicano.pdf,La Voz de Guipúzcoa - Diario Republicano,1936-06-26,2156101,texto extraido,1
/home/gaizka/Alarde/Revistas y periodicos/1936/1936-06-27 - El Bidasoa.pdf,El Bidasoa,1936-06-27,114756,texto extraido,7
/home/gaizka/Alarde/Revistas y periodicos/1936/1936-06-30 - El Dia.pdf,El Dia,1936-06-30,14,sin texto suficiente,0
/home/gaizka/Alarde/Revistas y periodicos/1936/1936-06-30 - El Pueblo Vasco.pdf,El Pueblo Vasco,1936-06-30,10,sin texto suficiente,0
/home/gaizka/Alarde/Revistas y periodicos/1936/1936-06-30 - La Constancia.pdf,La Constancia,1936-06-30,579589,texto extraido,2
/home/gaizka/Alarde/Revistas y periodicos/1936/1936-12-10 - La voz de España.pdf,La voz de España,1936-12-10,16,sin texto suficiente,0
/home/gaizka/Alarde/Revistas y periodicos/1936/1936-12-11 - La voz de España.pdf,La voz de España,1936-12-11,16,sin texto suficiente,0
/home/gaizka/Alarde/Revistas y periodicos/1937/1937-01-01 - El Diario Vasco.pdf,El Diario Vasco,1937-01-01,6,sin texto suficiente,0
/home/gaizka/Alarde/Revistas y periodicos/1937/1937-01-06 - El Diario Vasco.pdf,El Diario Vasco,1937-01-06,6,sin texto suficiente,0
/home/gaizka/Alarde/Revistas y periodicos/1937/1937-01-06 - La voz de España.pdf,La voz de España,1937-01-06,6,sin texto suficiente,0
/home/gaizka/Alarde/Revistas y periodicos/1937/1937-01-07 - El Diario Vasco.pdf,El Diario Vasco,1937-01-07,6,sin texto suficiente,0
/home/gaizka/Alarde/Revistas y periodicos/1937/1937-01-07 - Unidad.pdf,Unidad,1937-01-07,6,sin texto suficiente,0
/home/gaizka/Alarde/Revistas y periodicos/1937/1937-01-08 - El Diario Vasco.pdf,El Diario Vasco,1937-01-08,6,sin texto suficiente,0
/home/gaizka/Alarde/Revistas y periodicos/1937/1937-01-08 - La voz de España.pdf,La voz de España,1937-01-08,8,sin texto suficiente,0
/home/gaizka/Alarde/Revistas y periodicos/1939/1939-06-30 - El Diario Vasco.pdf,El Diario Vasco,1939-06-30,6,sin texto suficiente,0
/home/gaizka/Alarde/Revistas y periodicos/1939/1939-07-01 - El Diario Vasco.pdf,El Diario Vasco,1939-07-01,8,sin texto suficiente,0
/home/gaizka/Alarde/Revistas y periodicos/1939/1939-07-01 - La voz de España.pdf,La voz de España,1939-07-01,8,sin texto suficiente,0
/home/gaizka/Alarde/Revistas y periodicos/1939/1939-07-12 - La voz de España.pdf,La voz de España,1939-07-12,10,sin texto suficiente,0
/home/gaizka/Alarde/Revistas y periodicos/1941/1941-07-01 - El Diario Vasco.pdf,El Diario Vasco,1941-07-01,4,sin texto suficiente,0
/home/gaizka/Alarde/Revistas y periodicos/1942/1942-06-11 - La voz de España.pdf,La voz de España,1942-06-11,8,sin texto suficiente,0
/home/gaizka/Alarde/Revistas y periodicos/1942/1942-06-30 - El Diario Vasco.pdf,El Diario Vasco,1942-06-30,6,sin texto suficiente,0
/home/gaizka/Alarde/Revistas y periodicos/1942/1942-06-30 - La voz de España.pdf,La voz de España,1942-06-30,8,sin texto suficiente,0
/home/gaizka/Alarde/Revistas y periodicos/1942/1942-07-01 - El Diario Vasco.pdf,El Diario Vasco,1942-07-01,6,sin texto suficiente,0
/home/gaizka/Alarde/Revistas y periodicos/1942/1942-07-01 - La voz de España.pdf,La voz de España,1942-07-01,8,sin texto suficiente,0
/home/gaizka/Alarde/Revistas y periodicos/1943/1943-06-29 - El Diario Vasco.pdf,El Diario Vasco,1943-06-29,1192843,texto extraido,5
/home/gaizka/Alarde/Revistas y periodicos/1943/1943-06-30 - El Diario Vasco.pdf,El Diario Vasco,1943-06-30,428784,texto extraido,2
/home/gaizka/Alarde/Revistas y periodicos/1943/1943-07-01 - El Diario Vasco.pdf,El Diario Vasco,1943-07-01,6,sin texto suficiente,0
/home/gaizka/Alarde/Revistas y periodicos/1943/1943-07-01 - La voz de España.pdf,La voz de España,1943-07-01,8,sin texto suficiente,0
/home/gaizka/Alarde/Revistas y periodicos/1944/1944-06-30 - El Diario Vasco.pdf,El Diario Vasco,1944-06-30,6,sin texto suficiente,0
/home/gaizka/Alarde/Revistas y periodicos/1944/1944-07-01 - El Diario Vasco.pdf,El Diario Vasco,1944-07-01,6,sin texto suficiente,0
/home/gaizka/Alarde/Revistas y periodicos/1944/1944-07-01 - La voz de España.pdf,La voz de España,1944-07-01,8,sin texto suficiente,0
/home/gaizka/Alarde/Revistas y periodicos/1945/1945-06-30 - El Diario Vasco.pdf,El Diario Vasco,1945-06-30,6,sin texto suficiente,0
/home/gaizka/Alarde/Revistas y periodicos/1945/1945-07-01 - El Diario Vasco.pdf,El Diario Vasco,1945-07-01,6,sin texto suficiente,0
/home/gaizka/Alarde/Revistas y periodicos/1946/1946-06-01 - El Bidasoa.pdf,El Bidasoa,1946-06-01,118093,texto extraido,8
/home/gaizka/Alarde/Revistas y periodicos/1946/1946-06-08 - El Bidasoa.pdf,El Bidasoa,1946-06-08,251515,texto extraido,6
/home/gaizka/Alarde/Revistas y periodicos/1946/1946-06-22 - El Bidasoa.pdf,El Bidasoa,1946-06-22,141938,texto extraido,5
/home/gaizka/Alarde/Revistas y periodicos/1946/1946-06-28 - El Bidasoa.pdf,El Bidasoa,1946-06-28,609155,texto extraido,6
/home/gaizka/Alarde/Revistas y periodicos/1946/1946-06-30 - El Diario Vasco.pdf,El Diario Vasco,1946-06-30,8,sin texto suficiente,0
/home/gaizka/Alarde/Revistas y periodicos/1946/1946-07-06 - El Bidasoa.pdf,El Bidasoa,1946-07-06,119091,texto extraido,7
/home/gaizka/Alarde/Revistas y periodicos/1946/1946-07-13 - El Bidasoa.pdf,El Bidasoa,1946-07-13,104024,texto extraido,8
/home/gaizka/Alarde/Revistas y periodicos/1946/1946-07-20 - El Bidasoa.pdf,El Bidasoa,1946-07-20,105460,texto extraido,4
/home/gaizka/Alarde/Revistas y periodicos/1947/1947-06-28 - El Bidasoa.pdf,El Bidasoa,1947-06-28,674359,texto extraido,8
/home/gaizka/Alarde/Revistas y periodicos/1947/1947-06-29 - La voz de España.pdf,La voz de España,1947-06-29,8,sin texto suficiente,0
/home/gaizka/Alarde/Revistas y periodicos/1947/1947-07-01 - El Diario Vasco.pdf,El Diario Vasco,1947-07-01,6,sin texto suficiente,0
/home/gaizka/Alarde/Revistas y periodicos/1948/1948-06-26 - El Bidasoa.pdf,El Bidasoa,1948-06-26,929873,texto extraido,8
/home/gaizka/Alarde/Revistas y periodicos/1948/1948-06-30 - El Diario Vasco.pdf,El Diario Vasco,1948-06-30,4,sin texto suficiente,0
/home/gaizka/Alarde/Revistas y periodicos/1948/1948-06-30 - La Voz de España - Cronica de Irun.pdf,La Voz de España - Cronica de Irun,1948-06-30,1,sin texto suficiente,0
/home/gaizka/Alarde/Revistas y periodicos/1948/1948-07-01 - El Diario Vasco.pdf,El Diario Vasco,1948-07-01,6,sin texto suficiente,0
/home/gaizka/Alarde/Revistas y periodicos/1948/1948-07-01 - La Voz de España - Cronica de Irun.pdf,La Voz de España - Cronica de Irun,1948-07-01,1,sin texto suficiente,0
/home/gaizka/Alarde/Revistas y periodicos/1949/1949-06-28 - El Bidasoa.pdf,El Bidasoa,1949-06-28,32,sin texto suficiente,0
/home/gaizka/Alarde/Revistas y periodicos/1949/1949-06-28 - El Diario Vasco - Cronica de Irun.pdf,El Diario Vasco - Cronica de Irun,1949-06-28,1,sin texto suficiente,0
/home/gaizka/Alarde/Revistas y periodicos/1949/1949-06-28 - La Voz de España - Cronica de Irun.pdf,La Voz de España - Cronica de Irun,1949-06-28,1,sin texto suficiente,0
/home/gaizka/Alarde/Revistas y periodicos/1949/1949-06-29 - El Diario Vasco - Cronica de Irun.pdf,El Diario Vasco - Cronica de Irun,1949-06-29,1,sin texto suficiente,0
/home/gaizka/Alarde/Revistas y periodicos/1949/1949-06-29 - La Voz de España - Cronica de Irun.pdf,La Voz de España - Cronica de Irun,1949-06-29,1,sin texto suficiente,0
/home/gaizka/Alarde/Revistas y periodicos/1949/1949-06-30 - El Diario Vasco - Cronica de Irun.pdf,El Diario Vasco - Cronica de Irun,1949-06-30,1,sin texto suficiente,0
/home/gaizka/Alarde/Revistas y periodicos/1949/1949-06-30 - El Diario Vasco.pdf,El Diario Vasco,1949-06-30,6,sin texto suficiente,0
/home/gaizka/Alarde/Revistas y periodicos/1949/1949-06-30 - La Voz de España - Cronica de Irun.pdf,La Voz de España - Cronica de Irun,1949-06-30,1,sin texto suficiente,0
/home/gaizka/Alarde/Revistas y periodicos/1949/1949-07-01 - El Diario Vasco - Cronica de Irun.pdf,El Diario Vasco - Cronica de Irun,1949-07-01,1,sin texto suficiente,0
/home/gaizka/Alarde/Revistas y periodicos/1949/1949-07-01 - La Voz de España - Cronica de Irun.pdf,La Voz de España - Cronica de Irun,1949-07-01,1,sin texto suficiente,0
/home/gaizka/Alarde/Revistas y periodicos/1949/1949-07-01 - La voz de España.pdf,La voz de España,1949-07-01,6,sin texto suficiente,0
/home/gaizka/Alarde/Revistas y periodicos/1950/1950-06-17 - El Bidasoa.pdf,El Bidasoa,1950-06-17,162796,texto extraido,3
/home/gaizka/Alarde/Revistas y periodicos/1950/1950-06-24 - El Bidasoa.pdf,El Bidasoa,1950-06-24,166435,texto extraido,6
/home/gaizka/Alarde/Revistas y periodicos/1950/1950-06-28 - El Bidasoa.pdf,El Bidasoa,1950-06-28,36,sin texto suficiente,0
/home/gaizka/Alarde/Revistas y periodicos/1950/1950-06-29 - El Diario Vasco - Cronica de Irun.pdf,El Diario Vasco - Cronica de Irun,1950-06-29,1,sin texto suficiente,0
/home/gaizka/Alarde/Revistas y periodicos/1950/1950-06-30 - El Diario Vasco - Cronica de Irun.pdf,El Diario Vasco - Cronica de Irun,1950-06-30,1,sin texto suficiente,0
/home/gaizka/Alarde/Revistas y periodicos/1950/1950-06-30 - El Diario Vasco.pdf,El Diario Vasco,1950-06-30,8,sin texto suficiente,0
/home/gaizka/Alarde/Revistas y periodicos/1950/1950-06-30 - La Voz de España - Cronica de Irun.pdf,La Voz de España - Cronica de Irun,1950-06-30,1,sin texto suficiente,0
/home/gaizka/Alarde/Revistas y periodicos/1950/1950-07-01 - El Diario Vasco - Cronica de Irun.pdf,El Diario Vasco - Cronica de Irun,1950-07-01,1,sin texto suficiente,0
/home/gaizka/Alarde/Revistas y periodicos/1950/1950-07-01 - La Voz de España - Cronica de Irun.pdf,La Voz de España - Cronica de Irun,1950-07-01,1,sin texto suficiente,0
/home/gaizka/Alarde/Revistas y periodicos/1951/1951 - El Bidasoa Mexicano - BM 1951.pdf,El Bidasoa Mexicano - BM 1951,1951,4,sin texto suficiente,0
/home/gaizka/Alarde/Revistas y periodicos/1951/1951-06-28 - El Bidasoa.pdf,El Bidasoa,1951-06-28,329302,texto extraido,4
/home/gaizka/Alarde/Revistas y periodicos/1951/1951-06-29 - El Diario Vasco - Cronica de Irun.pdf,El Diario Vasco - Cronica de Irun,1951-06-29,1,sin texto suficiente,0
/home/gaizka/Alarde/Revistas y periodicos/1951/1951-06-30 - El Diario Vasco - Cronica de Irun.pdf,El Diario Vasco - Cronica de Irun,1951-06-30,1,sin texto suficiente,0
/home/gaizka/Alarde/Revistas y periodicos/1951/1951-06-30 - La Voz de España - Cronica de Irun.pdf,La Voz de España - Cronica de Irun,1951-06-30,1,sin texto suficiente,0
/home/gaizka/Alarde/Revistas y periodicos/1951/1951-06-30 - La voz de España.pdf,La voz de España,1951-06-30,8,sin texto suficiente,0
/home/gaizka/Alarde/Revistas y periodicos/1951/1951-07-01 - El Diario Vasco - Cronica de Irun.pdf,El Diario Vasco - Cronica de Irun,1951-07-01,1,sin texto suficiente,0
/home/gaizka/Alarde/Revistas y periodicos/1951/1951-07-01 - El Diario Vasco.pdf,El Diario Vasco,1951-07-01,6,sin texto suficiente,0
/home/gaizka/Alarde/Revistas y periodicos/1951/1951-07-01 - La Voz de España - Cronica de Irun.pdf,La Voz de España - Cronica de Irun,1951-07-01,1,sin texto suficiente,0
/home/gaizka/Alarde/Revistas y periodicos/1951/1951-07-01 - La voz de España.pdf,La voz de España,1951-07-01,8,sin texto suficiente,0
/home/gaizka/Alarde/Revistas y periodicos/1952/1952 - El Bidasoa Mexicano - BM 1952.pdf,El Bidasoa Mexicano - BM 1952,1952,8,sin texto suficiente,0
/home/gaizka/Alarde/Revistas y periodicos/1952/1952-06-28 - El Bidasoa.pdf,El Bidasoa,1952-06-28,108,sin texto suficiente,0
/home/gaizka/Alarde/Revistas y periodicos/1952/1952-06-29 - El Diario Vasco - Cronica de Irun.pdf,El Diario Vasco - Cronica de Irun,1952-06-29,1,sin texto suficiente,0
/home/gaizka/Alarde/Revistas y periodicos/1952/1952-06-29 - El Diario Vasco.pdf,El Diario Vasco,1952-06-29,8,sin texto suficiente,0
/home/gaizka/Alarde/Revistas y periodicos/1952/1952-06-29 - La Voz de España - Cronica de Irun.pdf,La Voz de España - Cronica de Irun,1952-06-29,1,sin texto suficiente,0
/home/gaizka/Alarde/Revistas y periodicos/1952/1952-07-01 - El Diario Vasco - Cronica de Irun.pdf,El Diario Vasco - Cronica de Irun,1952-07-01,1,sin texto suficiente,0
/home/gaizka/Alarde/Revistas y periodicos/1952/1952-07-01 - El Diario Vasco.pdf,El Diario Vasco,1952-07-01,6,sin texto suficiente,0
/home/gaizka/Alarde/Revistas y periodicos/1952/1952-07-01 - La Voz de España - Cronica de Irun.pdf,La Voz de España - Cronica de Irun,1952-07-01,1,sin texto suficiente,0
/home/gaizka/Alarde/Revistas y periodicos/1953/1953 - El Bidasoa Mexicano - BM 1953.pdf,El Bidasoa Mexicano - BM 1953,1953,10,sin texto suficiente,0
/home/gaizka/Alarde/Revistas y periodicos/1953/1953-06-28 - El Bidasoa.pdf,El Bidasoa,1953-06-28,114,sin texto suficiente,0
/home/gaizka/Alarde/Revistas y periodicos/1953/1953-06-30 - El Diario Vasco - Cronica de Irun.pdf,El Diario Vasco - Cronica de Irun,1953-06-30,1,sin texto suficiente,0
/home/gaizka/Alarde/Revistas y periodicos/1953/1953-06-30 - La Voz de España - Cronica de Irun.pdf,La Voz de España - Cronica de Irun,1953-06-30,1,sin texto suficiente,0
/home/gaizka/Alarde/Revistas y periodicos/1953/1953-06-30 - La voz de España.pdf,La voz de España,1953-06-30,10,sin texto suficiente,0
/home/gaizka/Alarde/Revistas y periodicos/1953/1953-06-30 - Unidad - Cronica de Irun.pdf,Unidad - Cronica de Irun,1953-06-30,1,sin texto suficiente,0
/home/gaizka/Alarde/Revistas y periodicos/1953/1953-07-01 - El Diario Vasco - Cronica de Irun.pdf,El Diario Vasco - Cronica de Irun,1953-07-01,1,sin texto suficiente,0
/home/gaizka/Alarde/Revistas y periodicos/1953/1953-07-01 - El Diario Vasco.pdf,El Diario Vasco,1953-07-01,6,sin texto suficiente,0
/home/gaizka/Alarde/Revistas y periodicos/1953/1953-07-01 - La Voz de España - Cronica de Irun.pdf,La Voz de España - Cronica de Irun,1953-07-01,1,sin texto suficiente,0
/home/gaizka/Alarde/Revistas y periodicos/1954/1954 - El Bidasoa Mexicano - BM 1954.pdf,El Bidasoa Mexicano - BM 1954,1954,19,sin texto suficiente,0
/home/gaizka/Alarde/Revistas y periodicos/1954/1954-06-28 - El Bidasoa.pdf,El Bidasoa,1954-06-28,100,sin texto suficiente,0
/home/gaizka/Alarde/Revistas y periodicos/1954/1954-06-29 - El Diario Vasco.pdf,El Diario Vasco,1954-06-29,12,sin texto suficiente,0
/home/gaizka/Alarde/Revistas y periodicos/1954/1954-06-29 - La Voz de España - Cronica de Irun.pdf,La Voz de España - Cronica de Irun,1954-06-29,1,sin texto suficiente,0
/home/gaizka/Alarde/Revistas y periodicos/1954/1954-06-30 - El Diario Vasco - Cronica de Irun.pdf,El Diario Vasco - Cronica de Irun,1954-06-30,1,sin texto suficiente,0
/home/gaizka/Alarde/Revistas y periodicos/1954/1954-06-30 - La Voz de España - Cronica de Irun.pdf,La Voz de España - Cronica de Irun,1954-06-30,1,sin texto suficiente,0
/home/gaizka/Alarde/Revistas y periodicos/1954/1954-06-30 - Unidad - Cronica de Irun.pdf,Unidad - Cronica de Irun,1954-06-30,1,sin texto suficiente,0
/home/gaizka/Alarde/Revistas y periodicos/1954/1954-07-01 - El Diario Vasco.pdf,El Diario Vasco,1954-07-01,6,sin texto suficiente,0
/home/gaizka/Alarde/Revistas y periodicos/1954/1954-07-01 - La Voz de España - Cronica de Irun.pdf,La Voz de España - Cronica de Irun,1954-07-01,1,sin texto suficiente,0
/home/gaizka/Alarde/Revistas y periodicos/1954/1954-07-01 - Unidad - Cronica de Irun.pdf,Unidad - Cronica de Irun,1954-07-01,1,sin texto suficiente,0
/home/gaizka/Alarde/Revistas y periodicos/1955/1955 - El Bidasoa Mexicano - BM 1955.pdf,El Bidasoa Mexicano - BM 1955,1955,22,sin texto suficiente,0
/home/gaizka/Alarde/Revistas y periodicos/1955/1955-06-28 - El Bidasoa.pdf,El Bidasoa,1955-06-28,120,sin texto suficiente,0
/home/gaizka/Alarde/Revistas y periodicos/1955/1955-06-30 - El Diario Vasco - Cronica de Irun.pdf,El Diario Vasco - Cronica de Irun,1955-06-30,1,sin texto suficiente,0
/home/gaizka/Alarde/Revistas y periodicos/1955/1955-06-30 - El Diario Vasco.pdf,El Diario Vasco,1955-06-30,8,sin texto suficiente,0
/home/gaizka/Alarde/Revistas y periodicos/1955/1955-06-30 - La Voz de España - Cronica de Irun.pdf,La Voz de España - Cronica de Irun,1955-06-30,1,sin texto suficiente,0
/home/gaizka/Alarde/Revistas y periodicos/1955/1955-06-30 - Unidad - Cronica de Irun.pdf,Unidad - Cronica de Irun,1955-06-30,1,sin texto suficiente,0
/home/gaizka/Alarde/Revistas y periodicos/1955/1955-07-01 - El Diario Vasco - Cronica de Irun.pdf,El Diario Vasco - Cronica de Irun,1955-07-01,1,sin texto suficiente,0
/home/gaizka/Alarde/Revistas y periodicos/1955/1955-07-01 - El Diario Vasco.pdf,El Diario Vasco,1955-07-01,8,sin texto suficiente,0
/home/gaizka/Alarde/Revistas y periodicos/1955/1955-07-01 - La Voz de España - Cronica de Irun.pdf,La Voz de España - Cronica de Irun,1955-07-01,1,sin texto suficiente,0
/home/gaizka/Alarde/Revistas y periodicos/1955/1955-07-01 - Unidad - Cronica de Irun.pdf,Unidad - Cronica de Irun,1955-07-01,1,sin texto suficiente,0
/home/gaizka/Alarde/Revistas y periodicos/1956/1956 - El Bidasoa Mexicano - BM 1956.pdf,El Bidasoa Mexicano - BM 1956,1956,22,sin texto suficiente,0
/home/gaizka/Alarde/Revistas y periodicos/1956/1956-06-28 - El Bidasoa.pdf,El Bidasoa,1956-06-28,136,sin texto suficiente,0
/home/gaizka/Alarde/Revistas y periodicos/1956/1956-06-29 - La Voz de España - Cronica de Irun.pdf,La Voz de España - Cronica de Irun,1956-06-29,1,sin texto suficiente,0
/home/gaizka/Alarde/Revistas y periodicos/1956/1956-06-29 - Unidad - Cronica de Irun.pdf,Unidad - Cronica de Irun,1956-06-29,1,sin texto suficiente,0
/home/gaizka/Alarde/Revistas y periodicos/1956/1956-06-30 - El Diario Vasco - Cronica de Irun.pdf,El Diario Vasco - Cronica de Irun,1956-06-30,1,sin texto suficiente,0
/home/gaizka/Alarde/Revistas y periodicos/1956/1956-06-30 - Unidad - Cronica de Irun.pdf,Unidad - Cronica de Irun,1956-06-30,1,sin texto suficiente,0
/home/gaizka/Alarde/Revistas y periodicos/1956/1956-07-01 - El Diario Vasco - Cronica de Irun.pdf,El Diario Vasco - Cronica de Irun,1956-07-01,1,sin texto suficiente,0
/home/gaizka/Alarde/Revistas y periodicos/1956/1956-09-29 - El Diario Vasco - Cronica de Irun.pdf,El Diario Vasco - Cronica de Irun,1956-09-29,4,sin texto suficiente,0
/home/gaizka/Alarde/Revistas y periodicos/1957/1957 - El Bidasoa Mexicano - BM 1957.pdf,El Bidasoa Mexicano - BM 1957,1957,28,sin texto suficiente,0
/home/gaizka/Alarde/Revistas y periodicos/1957/1957-06-28 - El Bidasoa.pdf,El Bidasoa,1957-06-28,132,sin texto suficiente,0
/home/gaizka/Alarde/Revistas y periodicos/1957/1957-06-29 - El Diario Vasco - Cronica de Irun.pdf,El Diario Vasco - Cronica de Irun,1957-06-29,1,sin texto suficiente,0
/home/gaizka/Alarde/Revistas y periodicos/1957/1957-06-29 - La Voz de España - Cronica de Irun.pdf,La Voz de España - Cronica de Irun,1957-06-29,5,sin texto suficiente,0
/home/gaizka/Alarde/Revistas y periodicos/1957/1957-06-29 - Unidad - Cronica de Irun.pdf,Unidad - Cronica de Irun,1957-06-29,1,sin texto suficiente,0
/home/gaizka/Alarde/Revistas y periodicos/1957/1957-06-30 - El Diario Vasco - Cronica de Irun.pdf,El Diario Vasco - Cronica de Irun,1957-06-30,2,sin texto suficiente,0
/home/gaizka/Alarde/Revistas y periodicos/1957/1957-06-30 - La Voz de España - Cronica de Irun.pdf,La Voz de España - Cronica de Irun,1957-06-30,1,sin texto suficiente,0
/home/gaizka/Alarde/Revistas y periodicos/1957/1957-07-02 - El Diario Vasco - Cronica de Irun.pdf,El Diario Vasco - Cronica de Irun,1957-07-02,1,sin texto suficiente,0
/home/gaizka/Alarde/Revistas y periodicos/1957/1957-07-02 - La Voz de España - Cronica de Irun.pdf,La Voz de España - Cronica de Irun,1957-07-02,1,sin texto suficiente,0
/home/gaizka/Alarde/Revistas y periodicos/1957/1957-07-02 - Unidad - Cronica de Irun.pdf,Unidad - Cronica de Irun,1957-07-02,1,sin texto suficiente,0
/home/gaizka/Alarde/Revistas y periodicos/1958/1958 - El Bidasoa Mexicano - BM 1958.pdf,El Bidasoa Mexicano - BM 1958,1958,36,sin texto suficiente,0
/home/gaizka/Alarde/Revistas y periodicos/1958/1958-06-28 - El Bidasoa.pdf,El Bidasoa,1958-06-28,138,sin texto suficiente,0
/home/gaizka/Alarde/Revistas y periodicos/1958/1958-06-29 - El Diario Vasco - Cronica de Irun.pdf,El Diario Vasco - Cronica de Irun,1958-06-29,1,sin texto suficiente,0
/home/gaizka/Alarde/Revistas y periodicos/1958/1958-06-29 - La Voz de España - Cronica de Irun.pdf,La Voz de España - Cronica de Irun,1958-06-29,6,sin texto suficiente,0
/home/gaizka/Alarde/Revistas y periodicos/1958/1958-06-30 - Unidad - Cronica de Irun.pdf,Unidad - Cronica de Irun,1958-06-30,1,sin texto suficiente,0
/home/gaizka/Alarde/Revistas y periodicos/1958/1958-07-01 - El Diario Vasco - Cronica de Irun.pdf,El Diario Vasco - Cronica de Irun,1958-07-01,1,sin texto suficiente,0
/home/gaizka/Alarde/Revistas y periodicos/1958/1958-07-01 - La Voz de España - Cronica de Irun.pdf,La Voz de España - Cronica de Irun,1958-07-01,1,sin texto suficiente,0
/home/gaizka/Alarde/Revistas y periodicos/1958/1958-07-01 - Unidad - Cronica de Irun.pdf,Unidad - Cronica de Irun,1958-07-01,1,sin texto suficiente,0
/home/gaizka/Alarde/Revistas y periodicos/1959/1959 - El Bidasoa Mexicano - BM 1959.pdf,El Bidasoa Mexicano - BM 1959,1959,26,sin texto suficiente,0
/home/gaizka/Alarde/Revistas y periodicos/1959/1959-06-28 - El Bidasoa.pdf,El Bidasoa,1959-06-28,146,sin texto suficiente,0
/home/gaizka/Alarde/Revistas y periodicos/1959/1959-06-29 - Unidad.pdf,Unidad,1959-06-29,54275,texto extraido,5
/home/gaizka/Alarde/Revistas y periodicos/1959/1959-06-30 - El Diario Vasco - Cronica de Irun.pdf,El Diario Vasco - Cronica de Irun,1959-06-30,1,sin texto suficiente,0
/home/gaizka/Alarde/Revistas y periodicos/1959/1959-06-30 - La Voz de España - Cronica de Irun.pdf,La Voz de España - Cronica de Irun,1959-06-30,1,sin texto suficiente,0
/home/gaizka/Alarde/Revistas y periodicos/1959/1959-06-30 - Unidad.pdf,Unidad,1959-06-30,86382,texto extraido,4
/home/gaizka/Alarde/Revistas y periodicos/1959/1959-07-01 - El Diario Vasco - Cronica de Irun.pdf,El Diario Vasco - Cronica de Irun,1959-07-01,1,sin texto suficiente,0
/home/gaizka/Alarde/Revistas y periodicos/1959/1959-07-01 - La Voz de España - Cronica de Irun.pdf,La Voz de España - Cronica de Irun,1959-07-01,1,sin texto suficiente,0
/home/gaizka/Alarde/Revistas y periodicos/1959/1959-07-01 - Unidad - Cronica de Irun.pdf,Unidad - Cronica de Irun,1959-07-01,1,sin texto suficiente,0
/home/gaizka/Alarde/Revistas y periodicos/1960/1960 - El Bidasoa Mexicano - BM 1960.pdf,El Bidasoa Mexicano - BM 1960,1960,34,sin texto suficiente,0
/home/gaizka/Alarde/Revistas y periodicos/1960/1960-06-28 - El Bidasoa.pdf,El Bidasoa,1960-06-28,163,sin texto suficiente,0
/home/gaizka/Alarde/Revistas y periodicos/1960/1960-06-29 - El Diario Vasco - Cronica de Irun.pdf,El Diario Vasco - Cronica de Irun,1960-06-29,1,sin texto suficiente,0
/home/gaizka/Alarde/Revistas y periodicos/1960/1960-06-29 - La Voz de España - Cronica de Irun.pdf,La Voz de España - Cronica de Irun,1960-06-29,2,sin texto suficiente,0
/home/gaizka/Alarde/Revistas y periodicos/1960/1960-06-30 - El Diario Vasco - Cronica de Irun.pdf,El Diario Vasco - Cronica de Irun,1960-06-30,1,sin texto suficiente,0
/home/gaizka/Alarde/Revistas y periodicos/1960/1960-06-30 - La Voz de España - Cronica de Irun.pdf,La Voz de España - Cronica de Irun,1960-06-30,1,sin texto suficiente,0
/home/gaizka/Alarde/Revistas y periodicos/1960/1960-06-30 - Unidad - Cronica de Irun.pdf,Unidad - Cronica de Irun,1960-06-30,1,sin texto suficiente,0
/home/gaizka/Alarde/Revistas y periodicos/1960/1960-07-01 - El Diario Vasco - Cronica de Irun.pdf,El Diario Vasco - Cronica de Irun,1960-07-01,1,sin texto suficiente,0
/home/gaizka/Alarde/Revistas y periodicos/1960/1960-07-01 - La Voz de España - Cronica de Irun.pdf,La Voz de España - Cronica de Irun,1960-07-01,1,sin texto suficiente,0
/home/gaizka/Alarde/Revistas y periodicos/1960/1960-07-01 - Unidad - Cronica de Irun.pdf,Unidad - Cronica de Irun,1960-07-01,1,sin texto suficiente,0
/home/gaizka/Alarde/Revistas y periodicos/1961/1961 - El Bidasoa Mexicano - BM 1961.pdf,El Bidasoa Mexicano - BM 1961,1961,34,sin texto suficiente,0
/home/gaizka/Alarde/Revistas y periodicos/1961/1961-06-28 - El Bidasoa.pdf,El Bidasoa,1961-06-28,116724,texto extraido,8
/home/gaizka/Alarde/Revistas y periodicos/1961/1961-06-29 - El Diario Vasco - Cronica de Irun.pdf,El Diario Vasco - Cronica de Irun,1961-06-29,1,sin texto suficiente,0
/home/gaizka/Alarde/Revistas y periodicos/1961/1961-06-29 - La Voz de España - Cronica de Irun.pdf,La Voz de España - Cronica de Irun,1961-06-29,1,sin texto suficiente,0
/home/gaizka/Alarde/Revistas y periodicos/1961/1961-06-30 - El Diario Vasco - Cronica de Irun.pdf,El Diario Vasco - Cronica de Irun,1961-06-30,1,sin texto suficiente,0
/home/gaizka/Alarde/Revistas y periodicos/1961/1961-06-30 - La Voz de España - Cronica de Irun.pdf,La Voz de España - Cronica de Irun,1961-06-30,1,sin texto suficiente,0
/home/gaizka/Alarde/Revistas y periodicos/1961/1961-07-01 - El Diario Vasco - Cronica de Irun.pdf,El Diario Vasco - Cronica de Irun,1961-07-01,1,sin texto suficiente,0
/home/gaizka/Alarde/Revistas y periodicos/1961/1961-07-01 - La Voz de España - Cronica de Irun.pdf,La Voz de España - Cronica de Irun,1961-07-01,1,sin texto suficiente,0
/home/gaizka/Alarde/Revistas y periodicos/1963/1963-06-28 - El Bidasoa.pdf,El Bidasoa,1963-06-28,56,sin texto suficiente,0
/home/gaizka/Alarde/Revistas y periodicos/1964/1964-06-28 - El Bidasoa.pdf,El Bidasoa,1964-06-28,60,sin texto suficiente,0
/home/gaizka/Alarde/Revistas y periodicos/1965/1965-06-28 - El Bidasoa.pdf,El Bidasoa,1965-06-28,76,sin texto suficiente,0
/home/gaizka/Alarde/Revistas y periodicos/1966/1966-06-28 - El Bidasoa.pdf,El Bidasoa,1966-06-28,80,sin texto suficiente,0
/home/gaizka/Alarde/Revistas y periodicos/1967/1967-06-01 - El Bidasoa.pdf,El Bidasoa,1967-06-01,537902,texto extraido,7
/home/gaizka/Alarde/Revistas y periodicos/1967/1967-06-04 - El Bidasoa.pdf,El Bidasoa,1967-06-04,136976,texto extraido,6
/home/gaizka/Alarde/Revistas y periodicos/1967/1967-06-11 - El Bidasoa.pdf,El Bidasoa,1967-06-11,118428,texto extraido,5
/home/gaizka/Alarde/Revistas y periodicos/1967/1967-06-18 - El Bidasoa.pdf,El Bidasoa,1967-06-18,96613,texto extraido,4
/home/gaizka/Alarde/Revistas y periodicos/1967/1967-06-25 - El Bidasoa.pdf,El Bidasoa,1967-06-25,91570,texto extraido,7
/home/gaizka/Alarde/Revistas y periodicos/1967/1967-06-28 - El Bidasoa.pdf,El Bidasoa,1967-06-28,92,sin texto suficiente,0
/home/gaizka/Alarde/Revistas y periodicos/1967/1967-07-09 - El Bidasoa.pdf,El Bidasoa,1967-07-09,110575,texto extraido,6
/home/gaizka/Alarde/Revistas y periodicos/1967/1967-07-16 - El Bidasoa.pdf,El Bidasoa,1967-07-16,115752,texto extraido,4
/home/gaizka/Alarde/Revistas y periodicos/1971/1971-06-25 - La voz de España.pdf,La voz de España,1971-06-25,44,sin texto suficiente,0
/home/gaizka/Alarde/Revistas y periodicos/1975/1975-06-29 - La Voz de España.pdf,La Voz de España,1975-06-29,48,sin texto suficiente,0
/home/gaizka/Alarde/Revistas y periodicos/1975/1975-07-01 - La Voz de España.pdf,La Voz de España,1975-07-01,32,sin texto suficiente,0
/home/gaizka/Alarde/Revistas y periodicos/1975/1975-07-01 - Unidad.pdf,Unidad,1975-07-01,18,sin texto suficiente,0
/home/gaizka/Alarde/Revistas y periodicos/1976/1976-06-30 - Unidad.pdf,Unidad,1976-06-30,14,sin texto suficiente,0
/home/gaizka/Alarde/Revistas y periodicos/1976/1976-07-01 - La voz de España.pdf,La voz de España,1976-07-01,36,sin texto suficiente,0
/home/gaizka/Alarde/Revistas y periodicos/1976/1976-07-01 - Unidad.pdf,Unidad,1976-07-01,14,sin texto suficiente,0
/home/gaizka/Alarde/Revistas y periodicos/1976/1976-07-02 - Unidad.pdf,Unidad,1976-07-02,14,sin texto suficiente,0
/home/gaizka/Alarde/Revistas y periodicos/1976/1976-07-03 - La voz de España.pdf,La voz de España,1976-07-03,36,sin texto suficiente,0
/home/gaizka/Alarde/Revistas y periodicos/1976/1976-07-04 - La voz de España.pdf,La voz de España,1976-07-04,44,sin texto suficiente,0
/home/gaizka/Alarde/Revistas y periodicos/1976/1976-07-07 - Unidad.pdf,Unidad,1976-07-07,16,sin texto suficiente,0
/home/gaizka/Alarde/Revistas y periodicos/1976/1976-07-16 - Unidad.pdf,Unidad,1976-07-16,14,sin texto suficiente,0
/home/gaizka/Alarde/Revistas y periodicos/1976/1976-07-21 - La voz de España.pdf,La voz de España,1976-07-21,40,sin texto suficiente,0
/home/gaizka/Alarde/Revistas y periodicos/1978/1978-04-16 - Uranzu.pdf,Uranzu,1978-04-16,117616,texto extraido,7
/home/gaizka/Alarde/Revistas y periodicos/1978/1978-05-16 - Uranzu.pdf,Uranzu,1978-05-16,130971,texto extraido,4
/home/gaizka/Alarde/Revistas y periodicos/1978/1978-06-01 - Uranzu.pdf,Uranzu,1978-06-01,139087,texto extraido,5
/home/gaizka/Alarde/Revistas y periodicos/1978/1978-06-30 - Uranzu.pdf,Uranzu,1978-06-30,395654,texto extraido,8
/home/gaizka/Alarde/Revistas y periodicos/1979/1979-06-28 - Deia.pdf,Deia,1979-06-28,7,sin texto suficiente,0
/home/gaizka/Alarde/Revistas y periodicos/1979/1979-06-28 - El Diario Vasco - Cronica de Irun.pdf,El Diario Vasco - Cronica de Irun,1979-06-28,3,sin texto suficiente,0
/home/gaizka/Alarde/Revistas y periodicos/1979/1979-06-29 - El Diario Vasco - Cronica de Irun.pdf,El Diario Vasco - Cronica de Irun,1979-06-29,4,sin texto suficiente,0
/home/gaizka/Alarde/Revistas y periodicos/1979/1979-06-30 - Deia - Cronica de Irun.pdf,Deia - Cronica de Irun,1979-06-30,1,sin texto suficiente,0
/home/gaizka/Alarde/Revistas y periodicos/1979/1979-06-30 - El Diario Vasco - Cronica de Irun.pdf,El Diario Vasco - Cronica de Irun,1979-06-30,4,sin texto suficiente,0
/home/gaizka/Alarde/Revistas y periodicos/1979/1979-07-01 - Deia - Cronica de Irun.pdf,Deia - Cronica de Irun,1979-07-01,1,sin texto suficiente,0
/home/gaizka/Alarde/Revistas y periodicos/1979/1979-07-01 - Egin - Cronica de Irun.pdf,Egin - Cronica de Irun,1979-07-01,1,sin texto suficiente,0
/home/gaizka/Alarde/Revistas y periodicos/1979/1979-07-01 - El Diario Vasco - Cronica de Irun.pdf,El Diario Vasco - Cronica de Irun,1979-07-01,4,sin texto suficiente,0
/home/gaizka/Alarde/Revistas y periodicos/1979/1979-09-29 - El Diario Vasco - Cronica de Irun.pdf,El Diario Vasco - Cronica de Irun,1979-09-29,15,sin texto suficiente,0
/home/gaizka/Alarde/Revistas y periodicos/1980/1980-06-01 - Bidasoan - PH IRUN 0002.pdf,Bidasoan - PH IRUN 0002,1980-06-01,266851,texto extraido,7
/home/gaizka/Alarde/Revistas y periodicos/1980/1980-06-28 - Deia.pdf,Deia,1980-06-28,1,sin texto suficiente,0
/home/gaizka/Alarde/Revistas y periodicos/1980/1980-06-29 - Deia - Cronica de Irun.pdf,Deia - Cronica de Irun,1980-06-29,12,sin texto suficiente,0
/home/gaizka/Alarde/Revistas y periodicos/1980/1980-06-29 - Egin - Cronica de Irun.pdf,Egin - Cronica de Irun,1980-06-29,8,sin texto suficiente,0
/home/gaizka/Alarde/Revistas y periodicos/1980/1980-07-01 - Deia - Cronica de Irun.pdf,Deia - Cronica de Irun,1980-07-01,2,sin texto suficiente,0
/home/gaizka/Alarde/Revistas y periodicos/1980/1980-09-01 - Bidasoan - PH IRUN 0002.pdf,Bidasoan - PH IRUN 0002,1980-09-01,412225,texto extraido,6
/home/gaizka/Alarde/Revistas y periodicos/1980/1980-12-01 - Bidasoan - PH IRUN 0002.pdf,Bidasoan - PH IRUN 0002,1980-12-01,346938,texto extraido,7
/home/gaizka/Alarde/Revistas y periodicos/1981/1981-06-28 - Deia.pdf,Deia,1981-06-28,2,sin texto suficiente,0
/home/gaizka/Alarde/Revistas y periodicos/1981/1981-06-28 - El Diario Vasco - Cronica de Irun.pdf,El Diario Vasco - Cronica de Irun,1981-06-28,5,sin texto suficiente,0
/home/gaizka/Alarde/Revistas y periodicos/1981/1981-06-30 - Deia - Cronica de Irun.pdf,Deia - Cronica de Irun,1981-06-30,2,sin texto suficiente,0
/home/gaizka/Alarde/Revistas y periodicos/1981/1981-06-30 - El Diario Vasco - Cronica de Irun.pdf,El Diario Vasco - Cronica de Irun,1981-06-30,3,sin texto suficiente,0
/home/gaizka/Alarde/Revistas y periodicos/1981/1981-07-01 - Deia - Cronica de Irun.pdf,Deia - Cronica de Irun,1981-07-01,3,sin texto suficiente,0
/home/gaizka/Alarde/Revistas y periodicos/1981/1981-07-01 - Egin - Cronica de Irun.pdf,Egin - Cronica de Irun,1981-07-01,1,sin texto suficiente,0
/home/gaizka/Alarde/Revistas y periodicos/1981/1981-07-01 - El Diario Vasco - Cronica de Irun.pdf,El Diario Vasco - Cronica de Irun,1981-07-01,5,sin texto suficiente,0
/home/gaizka/Alarde/Revistas y periodicos/1983/1983-06-01 - Bidasoan - PH IRUN 0002.pdf,Bidasoan - PH IRUN 0002,1983-06-01,429449,texto extraido,6
/home/gaizka/Alarde/Revistas y periodicos/1983/1983-09-01 - Bidasoan - PH IRUN 0002.pdf,Bidasoan - PH IRUN 0002,1983-09-01,531332,texto extraido,7
/home/gaizka/Alarde/Revistas y periodicos/1983/1983-12-01 - Bidasoan - PH IRUN 0002.pdf,Bidasoan - PH IRUN 0002,1983-12-01,571511,texto extraido,5
/home/gaizka/Alarde/Revistas y periodicos/1984/1984-03-01 - Bidasoan - PH IRUN 0002.pdf,Bidasoan - PH IRUN 0002,1984-03-01,505274,texto extraido,5
/home/gaizka/Alarde/Revistas y periodicos/1984/1984-06-01 - Bidasoan - PH IRUN 0002.pdf,Bidasoan - PH IRUN 0002,1984-06-01,500566,texto extraido,8
/home/gaizka/Alarde/Revistas y periodicos/1984/1984-09-01 - Bidasoan - PH IRUN 0002.pdf,Bidasoan - PH IRUN 0002,1984-09-01,473028,texto extraido,3
/home/gaizka/Alarde/Revistas y periodicos/1984/1984-12-01 - Bidasoan - PH IRUN 0002.pdf,Bidasoan - PH IRUN 0002,1984-12-01,412410,texto extraido,5
/home/gaizka/Alarde/Revistas y periodicos/1985/1985-03-01 - Bidasoan - PH IRUN 0002.pdf,Bidasoan - PH IRUN 0002,1985-03-01,469737,texto extraido,5
/home/gaizka/Alarde/Revistas y periodicos/1985/1985-06-01 - Bidasoan - PH IRUN 0002.pdf,Bidasoan - PH IRUN 0002,1985-06-01,485626,texto extraido,8
/home/gaizka/Alarde/Revistas y periodicos/1985/1985-09-01 - Bidasoan - PH IRUN 0002.pdf,Bidasoan - PH IRUN 0002,1985-09-01,397337,texto extraido,7
/home/gaizka/Alarde/Revistas y periodicos/1985/1985-12-01 - Bidasoan - PH IRUN 0002.pdf,Bidasoan - PH IRUN 0002,1985-12-01,428733,texto extraido,6
/home/gaizka/Alarde/Revistas y periodicos/1986/1986-03-01 - Bidasoan - PH IRUN 0002.pdf,Bidasoan - PH IRUN 0002,1986-03-01,373378,texto extraido,4
/home/gaizka/Alarde/Revistas y periodicos/1986/1986-06-01 - Bidasoan - PH IRUN 0002.pdf,Bidasoan - PH IRUN 0002,1986-06-01,474576,texto extraido,8
/home/gaizka/Alarde/Revistas y periodicos/1986/1986-09-01 - Bidasoan - PH IRUN 0002.pdf,Bidasoan - PH IRUN 0002,1986-09-01,372291,texto extraido,6
/home/gaizka/Alarde/Revistas y periodicos/1986/1986-12-01 - Bidasoan - PH IRUN 0002.pdf,Bidasoan - PH IRUN 0002,1986-12-01,370325,texto extraido,4
/home/gaizka/Alarde/Revistas y periodicos/1987/1987-03-01 - Bidasoan - PH IRUN 0002.pdf,Bidasoan - PH IRUN 0002,1987-03-01,371136,texto extraido,5
/home/gaizka/Alarde/Revistas y periodicos/1987/1987-06-01 - Bidasoan - PH IRUN 0002.pdf,Bidasoan - PH IRUN 0002,1987-06-01,434748,texto extraido,8
/home/gaizka/Alarde/Revistas y periodicos/1987/1987-08-01 - Bidasoan - PH IRUN 0002.pdf,Bidasoan - PH IRUN 0002,1987-08-01,135631,texto extraido,7
/home/gaizka/Alarde/Revistas y periodicos/1987/1987-09-01 - Bidasoan - PH IRUN 0002.pdf,Bidasoan - PH IRUN 0002,1987-09-01,362721,texto extraido,7
/home/gaizka/Alarde/Revistas y periodicos/1987/1987-12-01 - Bidasoan - PH IRUN 0002.pdf,Bidasoan - PH IRUN 0002,1987-12-01,424477,texto extraido,5
/home/gaizka/Alarde/Revistas y periodicos/1988/1988-01-01 - Bidasoan - PH IRUN 0002.pdf,Bidasoan - PH IRUN 0002,1988-01-01,184718,texto extraido,4
/home/gaizka/Alarde/Revistas y periodicos/1988/1988-02-01 - Bidasoan - PH IRUN 0002.pdf,Bidasoan - PH IRUN 0002,1988-02-01,325588,texto extraido,7
/home/gaizka/Alarde/Revistas y periodicos/1988/1988-03-01 - Bidasoan - PH IRUN 0002.pdf,Bidasoan - PH IRUN 0002,1988-03-01,231202,texto extraido,6
/home/gaizka/Alarde/Revistas y periodicos/1988/1988-04-01 - Bidasoan - PH IRUN 0002.pdf,Bidasoan - PH IRUN 0002,1988-04-01,225711,texto extraido,5
/home/gaizka/Alarde/Revistas y periodicos/1988/1988-06-01 - Bidasoan - PH IRUN 0002.pdf,Bidasoan - PH IRUN 0002,1988-06-01,377183,texto extraido,6
/home/gaizka/Alarde/Revistas y periodicos/1988/1988-11-01 - Bidasoan - PH IRUN 0002.pdf,Bidasoan - PH IRUN 0002,1988-11-01,248079,texto extraido,4
/home/gaizka/Alarde/Revistas y periodicos/1988/1988-12-01 - Bidasoan - PH IRUN 0002.pdf,Bidasoan - PH IRUN 0002,1988-12-01,291676,texto extraido,2
/home/gaizka/Alarde/Revistas y periodicos/1989/1989 - El Irunés - Año 1 - Numero 1.pdf,El Irunés - Año 1 - Numero 1,1989,392286,texto extraido,4
/home/gaizka/Alarde/Revistas y periodicos/1989/1989 - El Irunés - Año 1 - Numero 2.pdf,El Irunés - Año 1 - Numero 2,1989,436604,texto extraido,7
/home/gaizka/Alarde/Revistas y periodicos/1989/1989 - El Irunés - Año 1 - Numero 3.pdf,El Irunés - Año 1 - Numero 3,1989,314917,texto extraido,8
/home/gaizka/Alarde/Revistas y periodicos/1989/1989 - El Irunés - Año 1 - Numero 4.pdf,El Irunés - Año 1 - Numero 4,1989,349199,texto extraido,8
/home/gaizka/Alarde/Revistas y periodicos/1989/1989 - El Irunés - Año 1 - Numero 5.pdf,El Irunés - Año 1 - Numero 5,1989,322667,texto extraido,8
/home/gaizka/Alarde/Revistas y periodicos/1989/1989-03-01 - Bidasoan - PH IRUN 0002.pdf,Bidasoan - PH IRUN 0002,1989-03-01,277634,texto extraido,7
/home/gaizka/Alarde/Revistas y periodicos/1989/1989-06-01 - Bidasoan - PH IRUN 0002.pdf,Bidasoan - PH IRUN 0002,1989-06-01,344595,texto extraido,6
/home/gaizka/Alarde/Revistas y periodicos/1989/1989-06-15 - Bidasoan - PH IRUN 0002.pdf,Bidasoan - PH IRUN 0002,1989-06-15,250984,texto extraido,4
/home/gaizka/Alarde/Revistas y periodicos/1989/1989-09-01 - Bidasoan - PH IRUN 0002.pdf,Bidasoan - PH IRUN 0002,1989-09-01,304029,texto extraido,7
/home/gaizka/Alarde/Revistas y periodicos/1989/1989-12-01 - Bidasoan - PH IRUN 0002.pdf,Bidasoan - PH IRUN 0002,1989-12-01,383275,texto extraido,3
/home/gaizka/Alarde/Revistas y periodicos/1990/1990 - El Irunés - Año 2 - Numero 6.pdf,El Irunés - Año 2 - Numero 6,1990,396512,texto extraido,5
/home/gaizka/Alarde/Revistas y periodicos/1990/1990 - El Irunés - Año 2 - Numero 7.pdf,El Irunés - Año 2 - Numero 7,1990,396337,texto extraido,6
/home/gaizka/Alarde/Revistas y periodicos/1990/1990 - El Irunés - Año 2 - Numero 8.pdf,El Irunés - Año 2 - Numero 8,1990,374940,texto extraido,8
/home/gaizka/Alarde/Revistas y periodicos/1990/1990 - El Irunés - Año 2 - Numero 9.pdf,El Irunés - Año 2 - Numero 9,1990,382560,texto extraido,4
/home/gaizka/Alarde/Revistas y periodicos/1990/1990-06-01 - Bidasoan - PH IRUN 0002.pdf,Bidasoan - PH IRUN 0002,1990-06-01,285611,texto extraido,8
/home/gaizka/Alarde/Revistas y periodicos/1990/1990-09-01 - Bidasoan - PH IRUN 0002.pdf,Bidasoan - PH IRUN 0002,1990-09-01,224838,texto extraido,8
/home/gaizka/Alarde/Revistas y periodicos/1991/1991 - El Irunés - Año 3 - Numero 10.pdf,El Irunés - Año 3 - Numero 10,1991,387556,texto extraido,4
/home/gaizka/Alarde/Revistas y periodicos/1991/1991 - El Irunés - Año 3 - Numero 11.pdf,El Irunés - Año 3 - Numero 11,1991,439917,texto extraido,3
/home/gaizka/Alarde/Revistas y periodicos/1991/1991 - El Irunés - Año 3 - Numero 12.pdf,El Irunés - Año 3 - Numero 12,1991,430791,texto extraido,5
/home/gaizka/Alarde/Revistas y periodicos/1991/1991 - El Irunés - Año 3 - Numero 13.pdf,El Irunés - Año 3 - Numero 13,1991,296393,texto extraido,3
/home/gaizka/Alarde/Revistas y periodicos/1991/1991 - El Irunés - Año 3 - Numero 14.pdf,El Irunés - Año 3 - Numero 14,1991,349531,texto extraido,6
/home/gaizka/Alarde/Revistas y periodicos/1991/1991 - El Irunés - Año 4 - Numero 15.pdf,El Irunés - Año 4 - Numero 15,1991,384708,texto extraido,5
/home/gaizka/Alarde/Revistas y periodicos/1991/1991-06-01 - Bidasoan - PH IRUN 0002.pdf,Bidasoan - PH IRUN 0002,1991-06-01,279174,texto extraido,8
/home/gaizka/Alarde/Revistas y periodicos/1991/1991-06-30 - Egunkaria.pdf,Egunkaria,1991-06-30,1127659,texto extraido,5
/home/gaizka/Alarde/Revistas y periodicos/1991/1991-09-01 - Bidasoan - PH IRUN 0002.pdf,Bidasoan - PH IRUN 0002,1991-09-01,331980,texto extraido,7
/home/gaizka/Alarde/Revistas y periodicos/1991/1991-12-01 - Bidasoan - PH IRUN 0002.pdf,Bidasoan - PH IRUN 0002,1991-12-01,358791,texto extraido,4
/home/gaizka/Alarde/Revistas y periodicos/1992/1992 - El Irunés - Año 4 - Numero 16.pdf,El Irunés - Año 4 - Numero 16,1992,306722,texto extraido,7
/home/gaizka/Alarde/Revistas y periodicos/1992/1992 - El Irunés - Año 4 - Numero 17.pdf,El Irunés - Año 4 - Numero 17,1992,279778,texto extraido,6
/home/gaizka/Alarde/Revistas y periodicos/1992/1992 - El Irunés - Año 4 - Numero 18.pdf,El Irunés - Año 4 - Numero 18,1992,349323,texto extraido,7
/home/gaizka/Alarde/Revistas y periodicos/1992/1992 - El Irunés - Año 4 - Numero 19.pdf,El Irunés - Año 4 - Numero 19,1992,396954,texto extraido,6
/home/gaizka/Alarde/Revistas y periodicos/1992/1992-03-01 - Bidasoan - PH IRUN 0002.pdf,Bidasoan - PH IRUN 0002,1992-03-01,226230,texto extraido,4
/home/gaizka/Alarde/Revistas y periodicos/1992/1992-06-01 - Bidasoan - PH IRUN 0002.pdf,Bidasoan - PH IRUN 0002,1992-06-01,479613,texto extraido,7
/home/gaizka/Alarde/Revistas y periodicos/1992/1992-06-30 - Egunkaria.pdf,Egunkaria,1992-06-30,824702,texto extraido,6
/home/gaizka/Alarde/Revistas y periodicos/1992/1992-07-01 - Egunkaria.pdf,Egunkaria,1992-07-01,874447,texto extraido,6
/home/gaizka/Alarde/Revistas y periodicos/1992/1992-07-02 - Egunkaria.pdf,Egunkaria,1992-07-02,938723,texto extraido,0
/home/gaizka/Alarde/Revistas y periodicos/1992/1992-09-01 - Bidasoan - PH IRUN 0002.pdf,Bidasoan - PH IRUN 0002,1992-09-01,322792,texto extraido,8
/home/gaizka/Alarde/Revistas y periodicos/1992/1992-12-01 - Bidasoan - PH IRUN 0002.pdf,Bidasoan - PH IRUN 0002,1992-12-01,550157,texto extraido,3
/home/gaizka/Alarde/Revistas y periodicos/1993/1993 - El Irunés - Año 5 - Numero 21.pdf,El Irunés - Año 5 - Numero 21,1993,288149,texto extraido,5
/home/gaizka/Alarde/Revistas y periodicos/1993/1993 - El Irunés - Año 5 - Numero 22.pdf,El Irunés - Año 5 - Numero 22,1993,333791,texto extraido,6
/home/gaizka/Alarde/Revistas y periodicos/1993/1993 - El Irunés - Año 5 - Numero 23.pdf,El Irunés - Año 5 - Numero 23,1993,402668,texto extraido,6
/home/gaizka/Alarde/Revistas y periodicos/1993/1993 - El Irunés - Año 5 - Numero 24.pdf,El Irunés - Año 5 - Numero 24,1993,460306,texto extraido,6
/home/gaizka/Alarde/Revistas y periodicos/1993/1993-02-01 - El Irunés - Año 5 - Numero 20.pdf,El Irunés - Año 5 - Numero 20,1993-02-01,472473,texto extraido,6
/home/gaizka/Alarde/Revistas y periodicos/1993/1993-03-01 - Bidasoan - PH IRUN 0002.pdf,Bidasoan - PH IRUN 0002,1993-03-01,388908,texto extraido,5
/home/gaizka/Alarde/Revistas y periodicos/1993/1993-06-01 - Bidasoan - PH IRUN 0002.pdf,Bidasoan - PH IRUN 0002,1993-06-01,538245,texto extraido,7
/home/gaizka/Alarde/Revistas y periodicos/1993/1993-06-30 - Egunkaria.pdf,Egunkaria,1993-06-30,943531,texto extraido,6
/home/gaizka/Alarde/Revistas y periodicos/1993/1993-07-01 - Egunkaria.pdf,Egunkaria,1993-07-01,907896,texto extraido,4
/home/gaizka/Alarde/Revistas y periodicos/1993/1993-09-01 - Bidasoan - PH IRUN 0002.pdf,Bidasoan - PH IRUN 0002,1993-09-01,522280,texto extraido,8
/home/gaizka/Alarde/Revistas y periodicos/1993/1993-12-01 - Bidasoan - PH IRUN 0002.pdf,Bidasoan - PH IRUN 0002,1993-12-01,359233,texto extraido,4
/home/gaizka/Alarde/Revistas y periodicos/1994/1994 - El Irunés - Año 6 - Numero 25.pdf,El Irunés - Año 6 - Numero 25,1994,482684,texto extraido,7
/home/gaizka/Alarde/Revistas y periodicos/1994/1994 - El Irunés - Año 6 - Numero 26.pdf,El Irunés - Año 6 - Numero 26,1994,512363,texto extraido,5
/home/gaizka/Alarde/Revistas y periodicos/1994/1994 - El Irunés - Año 6 - Numero 27.pdf,El Irunés - Año 6 - Numero 27,1994,362799,texto extraido,8
/home/gaizka/Alarde/Revistas y periodicos/1994/1994-03-01 - Bidasoan - PH IRUN 0002.pdf,Bidasoan - PH IRUN 0002,1994-03-01,433490,texto extraido,3
/home/gaizka/Alarde/Revistas y periodicos/1994/1994-06-01 - Bidasoan - PH IRUN 0002.pdf,Bidasoan - PH IRUN 0002,1994-06-01,612196,texto extraido,7
/home/gaizka/Alarde/Revistas y periodicos/1994/1994-06-30 - Egunkaria.pdf,Egunkaria,1994-06-30,1424429,texto extraido,3
/home/gaizka/Alarde/Revistas y periodicos/1994/1994-07-01 - Egunkaria.pdf,Egunkaria,1994-07-01,1062307,texto extraido,5
/home/gaizka/Alarde/Revistas y periodicos/1994/1994-09-01 - Bidasoan - PH IRUN 0002.pdf,Bidasoan - PH IRUN 0002,1994-09-01,551034,texto extraido,7
/home/gaizka/Alarde/Revistas y periodicos/1994/1994-09-01 - El Irunés - Año 6 - Numero 28.pdf,El Irunés - Año 6 - Numero 28,1994-09-01,440156,texto extraido,7
/home/gaizka/Alarde/Revistas y periodicos/1994/1994-12-01 - Bidasoan - PH IRUN 0002.pdf,Bidasoan - PH IRUN 0002,1994-12-01,232879,texto extraido,4
/home/gaizka/Alarde/Revistas y periodicos/1995/1995-02-01 - El Irunés - Año 7 - Numero 29.pdf,El Irunés - Año 7 - Numero 29,1995-02-01,328014,texto extraido,7
/home/gaizka/Alarde/Revistas y periodicos/1995/1995-03-01 - Bidasoan - PH IRUN 0002.pdf,Bidasoan - PH IRUN 0002,1995-03-01,433522,texto extraido,6
/home/gaizka/Alarde/Revistas y periodicos/1995/1995-05-01 - El Irunés - Año 7 - Numero 30.pdf,El Irunés - Año 7 - Numero 30,1995-05-01,376111,texto extraido,7
/home/gaizka/Alarde/Revistas y periodicos/1995/1995-06-01 - Bidasoan - PH IRUN 0002.pdf,Bidasoan - PH IRUN 0002,1995-06-01,385031,texto extraido,8
/home/gaizka/Alarde/Revistas y periodicos/1995/1995-06-01 - El Irunés - Año 7 - Numero 31.pdf,El Irunés - Año 7 - Numero 31,1995-06-01,225023,texto extraido,6
/home/gaizka/Alarde/Revistas y periodicos/1995/1995-06-30 - Egunkaria.pdf,Egunkaria,1995-06-30,1245882,texto extraido,4
/home/gaizka/Alarde/Revistas y periodicos/1995/1995-09-01 - Bidasoan - PH IRUN 0002.pdf,Bidasoan - PH IRUN 0002,1995-09-01,399387,texto extraido,5
/home/gaizka/Alarde/Revistas y periodicos/1995/1995-09-01 - El Irunés - Año 7 - Numero 32.pdf,El Irunés - Año 7 - Numero 32,1995-09-01,368541,texto extraido,6
/home/gaizka/Alarde/Revistas y periodicos/1995/1995-12-01 - Bidasoan - PH IRUN 0002.pdf,Bidasoan - PH IRUN 0002,1995-12-01,540083,texto extraido,4
/home/gaizka/Alarde/Revistas y periodicos/1996/1996-01-01 - El Irunés - Año 8 - Numero 33.pdf,El Irunés - Año 8 - Numero 33,1996-01-01,444270,texto extraido,7
/home/gaizka/Alarde/Revistas y periodicos/1996/1996-03-01 - Bidasoan - PH IRUN 0002.pdf,Bidasoan - PH IRUN 0002,1996-03-01,520977,texto extraido,6
/home/gaizka/Alarde/Revistas y periodicos/1996/1996-04-01 - El Irunés - Año 8 - Numero 34.pdf,El Irunés - Año 8 - Numero 34,1996-04-01,479284,texto extraido,5
/home/gaizka/Alarde/Revistas y periodicos/1996/1996-06-01 - Bidasoan - PH IRUN 0002.pdf,Bidasoan - PH IRUN 0002,1996-06-01,560184,texto extraido,7
/home/gaizka/Alarde/Revistas y periodicos/1996/1996-06-01 - El Irunés - Año 8 - Numero 35.pdf,El Irunés - Año 8 - Numero 35,1996-06-01,414761,texto extraido,8
/home/gaizka/Alarde/Revistas y periodicos/1996/1996-06-01 - Txingudi.pdf,Txingudi,1996-06-01,42604,texto extraido,6
/home/gaizka/Alarde/Revistas y periodicos/1996/1996-06-22 - Egunkaria.pdf,Egunkaria,1996-06-22,1395781,texto extraido,7
/home/gaizka/Alarde/Revistas y periodicos/1996/1996-06-28 - El Diario Vasco - Especial Irungo Jaiak.pdf,El Diario Vasco - Especial Irungo Jaiak,1996-06-28,16,sin texto suficiente,0
/home/gaizka/Alarde/Revistas y periodicos/1996/1996-06-29 - Egunkaria.pdf,Egunkaria,1996-06-29,1719074,texto extraido,6
/home/gaizka/Alarde/Revistas y periodicos/1996/1996-06-30 - Egunkaria.pdf,Egunkaria,1996-06-30,1621674,texto extraido,4
/home/gaizka/Alarde/Revistas y periodicos/1996/1996-07-01 - El Irunés - Año 8 - Numero 36.pdf,El Irunés - Año 8 - Numero 36,1996-07-01,287779,texto extraido,8
/home/gaizka/Alarde/Revistas y periodicos/1996/1996-07-02 - Egunkaria.pdf,Egunkaria,1996-07-02,1256799,texto extraido,4
/home/gaizka/Alarde/Revistas y periodicos/1996/1996-07-03 - Egunkaria.pdf,Egunkaria,1996-07-03,1474450,texto extraido,1
/home/gaizka/Alarde/Revistas y periodicos/1996/1996-07-04 - Egunkaria.pdf,Egunkaria,1996-07-04,1407589,texto extraido,0
/home/gaizka/Alarde/Revistas y periodicos/1996/1996-07-05 - Egunkaria.pdf,Egunkaria,1996-07-05,1397699,texto extraido,0
/home/gaizka/Alarde/Revistas y periodicos/1996/1996-07-06 - Egunkaria.pdf,Egunkaria,1996-07-06,1791602,texto extraido,0
/home/gaizka/Alarde/Revistas y periodicos/1996/1996-07-07 - Egunkaria.pdf,Egunkaria,1996-07-07,1379452,texto extraido,1
/home/gaizka/Alarde/Revistas y periodicos/1996/1996-07-09 - Egunkaria.pdf,Egunkaria,1996-07-09,1606634,texto extraido,1
/home/gaizka/Alarde/Revistas y periodicos/1996/1996-07-11 - Egunkaria.pdf,Egunkaria,1996-07-11,1301756,texto extraido,0
/home/gaizka/Alarde/Revistas y periodicos/1996/1996-09-01 - Bidasoan - PH IRUN 0002.pdf,Bidasoan - PH IRUN 0002,1996-09-01,586249,texto extraido,6
/home/gaizka/Alarde/Revistas y periodicos/1996/1996-09-01 - El Irunés - Año 8 - Numero 37.pdf,El Irunés - Año 8 - Numero 37,1996-09-01,449666,texto extraido,7
/home/gaizka/Alarde/Revistas y periodicos/1996/1996-12-01 - Bidasoan - PH IRUN 0002.pdf,Bidasoan - PH IRUN 0002,1996-12-01,738760,texto extraido,1
/home/gaizka/Alarde/Revistas y periodicos/1996/1996-12-01 - El Irunés - Año 8 - Numero 38.pdf,El Irunés - Año 8 - Numero 38,1996-12-01,421543,texto extraido,7
/home/gaizka/Alarde/Revistas y periodicos/1997/1997 - El Irunés - Año 9 - Numero 39.pdf,El Irunés - Año 9 - Numero 39,1997,558740,texto extraido,6
/home/gaizka/Alarde/Revistas y periodicos/1997/1997 - El Irunés - Año 9 - Numero 40.pdf,El Irunés - Año 9 - Numero 40,1997,331888,texto extraido,6
/home/gaizka/Alarde/Revistas y periodicos/1997/1997 - El Irunés - Año 9 - Numero 41.pdf,El Irunés - Año 9 - Numero 41,1997,313393,texto extraido,7
/home/gaizka/Alarde/Revistas y periodicos/1997/1997 - El Irunés - Año 9 - Numero 42.pdf,El Irunés - Año 9 - Numero 42,1997,386055,texto extraido,7
/home/gaizka/Alarde/Revistas y periodicos/1997/1997-03-01 - Bidasoan - PH IRUN 0002.pdf,Bidasoan - PH IRUN 0002,1997-03-01,668730,texto extraido,4
/home/gaizka/Alarde/Revistas y periodicos/1997/1997-06-01 - Bidasoan - PH IRUN 0002.pdf,Bidasoan - PH IRUN 0002,1997-06-01,702039,texto extraido,8
/home/gaizka/Alarde/Revistas y periodicos/1997/1997-06-19 - Egunkaria.pdf,Egunkaria,1997-06-19,875291,texto extraido,2
/home/gaizka/Alarde/Revistas y periodicos/1997/1997-06-20 - Egunkaria.pdf,Egunkaria,1997-06-20,1151582,texto extraido,2
/home/gaizka/Alarde/Revistas y periodicos/1997/1997-06-21 - Egunkaria.pdf,Egunkaria,1997-06-21,1093208,texto extraido,5
/home/gaizka/Alarde/Revistas y periodicos/1997/1997-06-24 - Egunkaria.pdf,Egunkaria,1997-06-24,897526,texto extraido,3
/home/gaizka/Alarde/Revistas y periodicos/1997/1997-06-25 - Egunkaria.pdf,Egunkaria,1997-06-25,848679,texto extraido,4
/home/gaizka/Alarde/Revistas y periodicos/1997/1997-06-26 - Egunkaria.pdf,Egunkaria,1997-06-26,1072990,texto extraido,0
/home/gaizka/Alarde/Revistas y periodicos/1997/1997-06-27 - Egunkaria.pdf,Egunkaria,1997-06-27,1086636,texto extraido,0
/home/gaizka/Alarde/Revistas y periodicos/1997/1997-06-28 - Egunkaria.pdf,Egunkaria,1997-06-28,1127546,texto extraido,3
/home/gaizka/Alarde/Revistas y periodicos/1997/1997-06-29 - Egunkaria.pdf,Egunkaria,1997-06-29,1355752,texto extraido,6
/home/gaizka/Alarde/Revistas y periodicos/1997/1997-07-01 - Egunkaria.pdf,Egunkaria,1997-07-01,1036742,texto extraido,6
/home/gaizka/Alarde/Revistas y periodicos/1997/1997-07-01 - El Diario Vasco - Recortes.pdf,El Diario Vasco - Recortes,1997-07-01,8,sin texto suficiente,0
/home/gaizka/Alarde/Revistas y periodicos/1997/1997-07-01 - El Pais - Irún boictotea a las mujeres soldado y las de a solas en el desfile festivo del Alarde Sociedad EL PAÍS.pdf,El Pais - Irún boictotea a las mujeres soldado y las de a solas en el desfile festivo del Alarde Sociedad EL PAÍS,1997-07-01,10597,texto extraido,4
/home/gaizka/Alarde/Revistas y periodicos/1997/1997-07-02 - Egunkaria.pdf,Egunkaria,1997-07-02,1118363,texto extraido,4
/home/gaizka/Alarde/Revistas y periodicos/1997/1997-07-05 - Egunkaria.pdf,Egunkaria,1997-07-05,1161731,texto extraido,4
/home/gaizka/Alarde/Revistas y periodicos/1997/1997-07-06 - Egunkaria.pdf,Egunkaria,1997-07-06,1264096,texto extraido,4
/home/gaizka/Alarde/Revistas y periodicos/1997/1997-07-08 - Egunkaria.pdf,Egunkaria,1997-07-08,1041944,texto extraido,1
/home/gaizka/Alarde/Revistas y periodicos/1997/1997-07-09 - Egunkaria.pdf,Egunkaria,1997-07-09,902956,texto extraido,3
/home/gaizka/Alarde/Revistas y periodicos/1997/1997-07-10 - Egunkaria.pdf,Egunkaria,1997-07-10,1029853,texto extraido,1
/home/gaizka/Alarde/Revistas y periodicos/1997/1997-07-11 - Egunkaria.pdf,Egunkaria,1997-07-11,891804,texto extraido,4
/home/gaizka/Alarde/Revistas y periodicos/1997/1997-09-01 - Bidasoan - PH IRUN 0002.pdf,Bidasoan - PH IRUN 0002,1997-09-01,601826,texto extraido,7
/home/gaizka/Alarde/Revistas y periodicos/1997/1997-12-01 - Bidasoan - PH IRUN 0002.pdf,Bidasoan - PH IRUN 0002,1997-12-01,523288,texto extraido,8
/home/gaizka/Alarde/Revistas y periodicos/1997/1997-12-01 - El Irunés - Año 9 - Numero 43.pdf,El Irunés - Año 9 - Numero 43,1997-12-01,407148,texto extraido,5
/home/gaizka/Alarde/Revistas y periodicos/1998/1998-02-01 - El Irunés - Año 10 - Numero 44.pdf,El Irunés - Año 10 - Numero 44,1998-02-01,362174,texto extraido,8
/home/gaizka/Alarde/Revistas y periodicos/1998/1998-03-01 - Bidasoan - PH IRUN 0002.pdf,Bidasoan - PH IRUN 0002,1998-03-01,491822,texto extraido,4
/home/gaizka/Alarde/Revistas y periodicos/1998/1998-03-01 - El Irunés - Año 10 - Numero 45.pdf,El Irunés - Año 10 - Numero 45,1998-03-01,440561,texto extraido,6
/home/gaizka/Alarde/Revistas y periodicos/1998/1998-04-01 - El Irunés - Año 10 - Numero 46.pdf,El Irunés - Año 10 - Numero 46,1998-04-01,359421,texto extraido,7
/home/gaizka/Alarde/Revistas y periodicos/1998/1998-06-01 - Bidasoan - PH IRUN 0002.pdf,Bidasoan - PH IRUN 0002,1998-06-01,570559,texto extraido,8
/home/gaizka/Alarde/Revistas y periodicos/1998/1998-06-01 - El Irunés - Año 10 - Numero 47.pdf,El Irunés - Año 10 - Numero 47,1998-06-01,454791,texto extraido,7
/home/gaizka/Alarde/Revistas y periodicos/1998/1998-06-17 - Egunkaria.pdf,Egunkaria,1998-06-17,1570415,texto extraido,6
/home/gaizka/Alarde/Revistas y periodicos/1998/1998-06-18 - Egunkaria.pdf,Egunkaria,1998-06-18,2258351,texto extraido,4
/home/gaizka/Alarde/Revistas y periodicos/1998/1998-06-20 - Egunkaria.pdf,Egunkaria,1998-06-20,1653084,texto extraido,3
/home/gaizka/Alarde/Revistas y periodicos/1998/1998-06-21 - Egunkaria.pdf,Egunkaria,1998-06-21,1340122,texto extraido,8
/home/gaizka/Alarde/Revistas y periodicos/1998/1998-06-23 - Egunkaria.pdf,Egunkaria,1998-06-23,1329582,texto extraido,3
/home/gaizka/Alarde/Revistas y periodicos/1998/1998-06-25 - Egunkaria.pdf,Egunkaria,1998-06-25,2029867,texto extraido,2
/home/gaizka/Alarde/Revistas y periodicos/1998/1998-06-27 - Egunkaria.pdf,Egunkaria,1998-06-27,1476678,texto extraido,5
/home/gaizka/Alarde/Revistas y periodicos/1998/1998-06-28 - Egunkaria.pdf,Egunkaria,1998-06-28,1387227,texto extraido,8
/home/gaizka/Alarde/Revistas y periodicos/1998/1998-06-30 - Egunkaria.pdf,Egunkaria,1998-06-30,1379922,texto extraido,8
/home/gaizka/Alarde/Revistas y periodicos/1998/1998-07-01 - Egunkaria.pdf,Egunkaria,1998-07-01,1133890,texto extraido,7
/home/gaizka/Alarde/Revistas y periodicos/1998/1998-07-01 - El Irunés - Año 10 - Numero 48.pdf,El Irunés - Año 10 - Numero 48,1998-07-01,648029,texto extraido,7
/home/gaizka/Alarde/Revistas y periodicos/1998/1998-09-01 - Bidasoan - PH IRUN 0002.pdf,Bidasoan - PH IRUN 0002,1998-09-01,547304,texto extraido,5
/home/gaizka/Alarde/Revistas y periodicos/1998/1998-12-01 - Bidasoan - PH IRUN 0002.pdf,Bidasoan - PH IRUN 0002,1998-12-01,497306,texto extraido,6
/home/gaizka/Alarde/Revistas y periodicos/1999/1999-01-01 - El Irunés - Año 11 - Numero 49.pdf,El Irunés - Año 11 - Numero 49,1999-01-01,465735,texto extraido,8
/home/gaizka/Alarde/Revistas y periodicos/1999/1999-03-01 - Bidasoan - PH IRUN 0002.pdf,Bidasoan - PH IRUN 0002,1999-03-01,468215,texto extraido,5
/home/gaizka/Alarde/Revistas y periodicos/1999/1999-04-01 - El Irunés - Año 11 - Numero 50.pdf,El Irunés - Año 11 - Numero 50,1999-04-01,374944,texto extraido,7
/home/gaizka/Alarde/Revistas y periodicos/1999/1999-06-01 - Bidasoan - PH IRUN 0002.pdf,Bidasoan - PH IRUN 0002,1999-06-01,633241,texto extraido,7
/home/gaizka/Alarde/Revistas y periodicos/1999/1999-06-01 - El Irunés - Año 11 - Numero 51.pdf,El Irunés - Año 11 - Numero 51,1999-06-01,335666,texto extraido,8
/home/gaizka/Alarde/Revistas y periodicos/1999/1999-07-01 - El Irunés - Año 11 - Numero 52.pdf,El Irunés - Año 11 - Numero 52,1999-07-01,431874,texto extraido,8
/home/gaizka/Alarde/Revistas y periodicos/1999/1999-09-01 - Bidasoan - PH IRUN 0002.pdf,Bidasoan - PH IRUN 0002,1999-09-01,747687,texto extraido,5
/home/gaizka/Alarde/Revistas y periodicos/1999/1999-09-01 - El Irunés - Año 11 - Numero 53.pdf,El Irunés - Año 11 - Numero 53,1999-09-01,333985,texto extraido,7
/home/gaizka/Alarde/Revistas y periodicos/1999/1999-12-01 - Bidasoan - PH IRUN 0002.pdf,Bidasoan - PH IRUN 0002,1999-12-01,1252380,texto extraido,5
/home/gaizka/Alarde/Revistas y periodicos/1999/1999-12-01 - El Irunés - Año 11 - Numero 54.pdf,El Irunés - Año 11 - Numero 54,1999-12-01,343147,texto extraido,5
/home/gaizka/Alarde/Revistas y periodicos/2000/2000-01-01 - El Irunés - Año 12 - Numero 55.pdf,El Irunés - Año 12 - Numero 55,2000-01-01,320665,texto extraido,6
/home/gaizka/Alarde/Revistas y periodicos/2000/2000-03-01 - Bidasoan - PH IRUN 0002.pdf,Bidasoan - PH IRUN 0002,2000-03-01,754758,texto extraido,5
/home/gaizka/Alarde/Revistas y periodicos/2000/2000-03-01 - El Irunés - Año 12 - Numero 56.pdf,El Irunés - Año 12 - Numero 56,2000-03-01,460538,texto extraido,6
/home/gaizka/Alarde/Revistas y periodicos/2000/2000-05-01 - El Irunés - Año 12 - Numero 57.pdf,El Irunés - Año 12 - Numero 57,2000-05-01,401379,texto extraido,7
/home/gaizka/Alarde/Revistas y periodicos/2000/2000-06-01 - Bidasoan - PH IRUN 0002.pdf,Bidasoan - PH IRUN 0002,2000-06-01,697476,texto extraido,8
/home/gaizka/Alarde/Revistas y periodicos/2000/2000-06-01 - El Irunés - Año 12 - Numero 58.pdf,El Irunés - Año 12 - Numero 58,2000-06-01,364826,texto extraido,7
/home/gaizka/Alarde/Revistas y periodicos/2000/2000-07-01 - El Irunés - Año 12 - Numero 59.pdf,El Irunés - Año 12 - Numero 59,2000-07-01,386889,texto extraido,5
/home/gaizka/Alarde/Revistas y periodicos/2000/2000-09-01 - Bidasoan - PH IRUN 0002.pdf,Bidasoan - PH IRUN 0002,2000-09-01,454083,texto extraido,8
/home/gaizka/Alarde/Revistas y periodicos/2000/2000-09-01 - El Irunés - Año 12 - Numero 60.pdf,El Irunés - Año 12 - Numero 60,2000-09-01,325105,texto extraido,6
/home/gaizka/Alarde/Revistas y periodicos/2000/2000-10-01 - El Irunés - Año 12 - Numero 61.pdf,El Irunés - Año 12 - Numero 61,2000-10-01,362226,texto extraido,7
/home/gaizka/Alarde/Revistas y periodicos/2000/2000-12-01 - Bidasoan - PH IRUN 0002.pdf,Bidasoan - PH IRUN 0002,2000-12-01,389989,texto extraido,5
/home/gaizka/Alarde/Revistas y periodicos/2000/2000-12-01 - El Irunés - Año 12 - Numero 62.pdf,El Irunés - Año 12 - Numero 62,2000-12-01,375225,texto extraido,7
/home/gaizka/Alarde/Revistas y periodicos/2001/2001-03-01 - Bidasoan - PH IRUN 0002.pdf,Bidasoan - PH IRUN 0002,2001-03-01,514773,texto extraido,8
/home/gaizka/Alarde/Revistas y periodicos/2001/2001-03-01 - El Irunés - Año 13 - Numero 63.pdf,El Irunés - Año 13 - Numero 63,2001-03-01,335493,texto extraido,7
/home/gaizka/Alarde/Revistas y periodicos/2001/2001-06-01 - Bidasoan - PH IRUN 0002.pdf,Bidasoan - PH IRUN 0002,2001-06-01,644813,texto extraido,6
/home/gaizka/Alarde/Revistas y periodicos/2001/2001-06-01 - El Irunés - Año 13 - Numero 64.pdf,El Irunés - Año 13 - Numero 64,2001-06-01,285530,texto extraido,7
/home/gaizka/Alarde/Revistas y periodicos/2001/2001-07-01 - El Irunés - Año 13 - Numero 65.pdf,El Irunés - Año 13 - Numero 65,2001-07-01,291866,texto extraido,7
/home/gaizka/Alarde/Revistas y periodicos/2001/2001-09-01 - Bidasoan - PH IRUN 0002.pdf,Bidasoan - PH IRUN 0002,2001-09-01,813189,texto extraido,6
/home/gaizka/Alarde/Revistas y periodicos/2001/2001-09-01 - El Irunés - Año 13 - Numero 66.pdf,El Irunés - Año 13 - Numero 66,2001-09-01,317077,texto extraido,5
/home/gaizka/Alarde/Revistas y periodicos/2001/2001-10-01 - El Irunés - Año 13 - Numero 67.pdf,El Irunés - Año 13 - Numero 67,2001-10-01,354408,texto extraido,5
/home/gaizka/Alarde/Revistas y periodicos/2001/2001-12-01 - Bidasoan - PH IRUN 0002.pdf,Bidasoan - PH IRUN 0002,2001-12-01,666664,texto extraido,7
/home/gaizka/Alarde/Revistas y periodicos/2001/2001-12-01 - El Irunés - Año 13 - Numero 68.pdf,El Irunés - Año 13 - Numero 68,2001-12-01,327275,texto extraido,3
/home/gaizka/Alarde/Revistas y periodicos/2002/2002-01-01 - El Irunés - Año 14 - Numero 69.pdf,El Irunés - Año 14 - Numero 69,2002-01-01,270155,texto extraido,4
/home/gaizka/Alarde/Revistas y periodicos/2002/2002-03-01 - Bidasoan - PH IRUN 0002.pdf,Bidasoan - PH IRUN 0002,2002-03-01,571398,texto extraido,5
/home/gaizka/Alarde/Revistas y periodicos/2002/2002-03-01 - El Irunés - Año 14 - Numero 70.pdf,El Irunés - Año 14 - Numero 70,2002-03-01,373368,texto extraido,5
/home/gaizka/Alarde/Revistas y periodicos/2002/2002-06-01 - Bidasoan - PH IRUN 0002.pdf,Bidasoan - PH IRUN 0002,2002-06-01,646864,texto extraido,8
/home/gaizka/Alarde/Revistas y periodicos/2002/2002-06-01 - El Irunés - Año 14 - Numero 71.pdf,El Irunés - Año 14 - Numero 71,2002-06-01,423829,texto extraido,7
/home/gaizka/Alarde/Revistas y periodicos/2002/2002-07-01 - El Irunés - Año 14 - Numero 72.pdf,El Irunés - Año 14 - Numero 72,2002-07-01,445764,texto extraido,7
/home/gaizka/Alarde/Revistas y periodicos/2002/2002-08-01 - El Irunés - Año 14 - Numero 73.pdf,El Irunés - Año 14 - Numero 73,2002-08-01,399066,texto extraido,5
/home/gaizka/Alarde/Revistas y periodicos/2002/2002-09-01 - Bidasoan - PH IRUN 0002.pdf,Bidasoan - PH IRUN 0002,2002-09-01,620127,texto extraido,4
/home/gaizka/Alarde/Revistas y periodicos/2002/2002-10-01 - El Irunés - Año 14 - Numero 74.pdf,El Irunés - Año 14 - Numero 74,2002-10-01,447998,texto extraido,8
/home/gaizka/Alarde/Revistas y periodicos/2002/2002-12-01 - Bidasoan - PH IRUN 0002.pdf,Bidasoan - PH IRUN 0002,2002-12-01,607697,texto extraido,4
/home/gaizka/Alarde/Revistas y periodicos/2002/2002-12-01 - El Irunés - Año 14 - Numero 75.pdf,El Irunés - Año 14 - Numero 75,2002-12-01,411562,texto extraido,6
/home/gaizka/Alarde/Revistas y periodicos/2003/2003-03-01 - Bidasoan - PH IRUN 0002.pdf,Bidasoan - PH IRUN 0002,2003-03-01,613244,texto extraido,5
/home/gaizka/Alarde/Revistas y periodicos/2003/2003-06-01 - Bidasoan - PH IRUN 0002.pdf,Bidasoan - PH IRUN 0002,2003-06-01,633932,texto extraido,8
/home/gaizka/Alarde/Revistas y periodicos/2003/2003-09-01 - Bidasoan - PH IRUN 0002.pdf,Bidasoan - PH IRUN 0002,2003-09-01,777262,texto extraido,8
/home/gaizka/Alarde/Revistas y periodicos/2003/2003-12-01 - Bidasoan - PH IRUN 0002.pdf,Bidasoan - PH IRUN 0002,2003-12-01,446241,texto extraido,7
/home/gaizka/Alarde/Revistas y periodicos/2004/2004-06-01 - Bidasoan - PH IRUN 0002.pdf,Bidasoan - PH IRUN 0002,2004-06-01,602402,texto extraido,8
/home/gaizka/Alarde/Revistas y periodicos/2004/2004-09-01 - Bidasoan - PH IRUN 0002.pdf,Bidasoan - PH IRUN 0002,2004-09-01,470009,texto extraido,4
/home/gaizka/Alarde/Revistas y periodicos/2005/2005-06-01 - Bidasoan - PH IRUN 0002.pdf,Bidasoan - PH IRUN 0002,2005-06-01,225506,texto extraido,6
/home/gaizka/Alarde/Revistas y periodicos/2005/2005-09-01 - Bidasoan - PH IRUN 0002.pdf,Bidasoan - PH IRUN 0002,2005-09-01,208760,texto extraido,5
/home/gaizka/Alarde/Revistas y periodicos/2005/2005-12-01 - Bidasoan - PH IRUN 0002.pdf,Bidasoan - PH IRUN 0002,2005-12-01,249156,texto extraido,4
/home/gaizka/Alarde/Revistas y periodicos/2006/2006-03-01 - Bidasoan - PH IRUN 0002.pdf,Bidasoan - PH IRUN 0002,2006-03-01,205159,texto extraido,3
/home/gaizka/Alarde/Revistas y periodicos/2006/2006-06-01 - Bidasoan - PH IRUN 0002.pdf,Bidasoan - PH IRUN 0002,2006-06-01,217178,texto extraido,8
/home/gaizka/Alarde/Revistas y periodicos/2006/2006-09-01 - Bidasoan - PH IRUN 0002.pdf,Bidasoan - PH IRUN 0002,2006-09-01,206190,texto extraido,5
/home/gaizka/Alarde/Revistas y periodicos/2006/2006-12-01 - Bidasoan - PH IRUN 0002.pdf,Bidasoan - PH IRUN 0002,2006-12-01,220873,texto extraido,6
/home/gaizka/Alarde/Revistas y periodicos/2007/2007-03-01 - Bidasoan - PH IRUN 0002.pdf,Bidasoan - PH IRUN 0002,2007-03-01,210296,texto extraido,5
/home/gaizka/Alarde/Revistas y periodicos/2007/2007-06-01 - Bidasoan - PH IRUN 0002.pdf,Bidasoan - PH IRUN 0002,2007-06-01,195610,texto extraido,8
/home/gaizka/Alarde/Revistas y periodicos/2007/2007-09-01 - Bidasoan - PH IRUN 0002.pdf,Bidasoan - PH IRUN 0002,2007-09-01,248795,texto extraido,6
/home/gaizka/Alarde/Revistas y periodicos/2007/2007-12-01 - Bidasoan - PH IRUN 0002.pdf,Bidasoan - PH IRUN 0002,2007-12-01,153292,texto extraido,4
/home/gaizka/Alarde/Revistas y periodicos/2012/2012 - El Bidasoa Mexicano - BM 2012.pdf,El Bidasoa Mexicano - BM 2012,2012,245903,texto extraido,8
